Servicing hardware INT=0x08
Servicing hardware INT=0x08
Servicing hardware INT=0x08
Servicing hardware INT=0x08
Servicing hardware INT=0x08
Servicing hardware INT=0x08
Servicing hardware INT=0x08
Servicing hardware INT=0x08
Servicing hardware INT=0x08
Servicing hardware INT=0x08
Servicing hardware INT=0x08
Servicing hardware INT=0x08
Servicing hardware INT=0x08
Servicing hardware INT=0x20
     0: v=20 e=0000 i=0 cpl=0 IP=0008:ffffffff80000e4b pc=ffffffff80000e4b SP=0010:0000000000110fe0 env->regs[R_EAX]=0000000000000000
RAX=0000000000000000 RBX=000000000000001c RCX=00000000000003fd RDX=00000000000003f8
RSI=ffffffff800085c0 RDI=000000000000000a RBP=00000000001001e8 RSP=0000000000110fe0
R8 =00000000000003f8 R9 =000000000027ff6e R10=0000000000040000 R11=0000000000000cf8
R12=0000000000000000 R13=0000000000000000 R14=0000000000000000 R15=0000000000000000
RIP=ffffffff80000e4b RFL=00200246 [---Z-P-] CPL=0 II=0 A20=1 SMM=0 HLT=0
ES =0010 0000000000000000 ffffffff 008f9300 DPL=0 DS   [-WA]
CS =0008 0000000000000000 ffffffff 00af9a00 DPL=0 CS64 [-R-]
SS =0010 0000000000000000 ffffffff 008f9300 DPL=0 DS   [-WA]
DS =0010 0000000000000000 ffffffff 008f9300 DPL=0 DS   [-WA]
FS =0010 0000000000000000 ffffffff 008f9300 DPL=0 DS   [-WA]
GS =0010 0000000000000000 ffffffff 008f9300 DPL=0 DS   [-WA]
LDT=0000 0000000000000000 0000ffff 00008200 DPL=0 LDT
TR =0028 ffffffff8048b880 00000067 00008900 DPL=0 TSS64-avl
GDT=     ffffffff8048b900 00000037
IDT=     ffffffff8048b960 00000fff
CR0=80000011 CR2=0000000000000000 CR3=0000000000001000 CR4=00000020
DR0=0000000000000000 DR1=0000000000000000 DR2=0000000000000000 DR3=0000000000000000 
DR6=00000000ffff0ff0 DR7=0000000000000400
CCS=000000000000000a CCD=0000000000000000 CCO=LOGICB
EFER=0000000000000d00
Servicing hardware INT=0x21
     1: v=21 e=0000 i=0 cpl=0 IP=0008:ffffffff80000e4b pc=ffffffff80000e4b SP=0010:0000000000110fe0 env->regs[R_EAX]=0000000000000000
RAX=0000000000000000 RBX=000000000000001c RCX=00000000000003fd RDX=00000000000003f8
RSI=ffffffff800085c0 RDI=000000000000000a RBP=00000000001001e8 RSP=0000000000110fe0
R8 =00000000000003f8 R9 =000000000027ff6e R10=0000000000040000 R11=0000000000000cf8
R12=0000000000000000 R13=0000000000000000 R14=0000000000000000 R15=0000000000000000
RIP=ffffffff80000e4b RFL=00210246 [---Z-P-] CPL=0 II=0 A20=1 SMM=0 HLT=0
ES =0010 0000000000000000 ffffffff 008f9300 DPL=0 DS   [-WA]
CS =0008 0000000000000000 ffffffff 00af9a00 DPL=0 CS64 [-R-]
SS =0010 0000000000000000 ffffffff 008f9300 DPL=0 DS   [-WA]
DS =0010 0000000000000000 ffffffff 008f9300 DPL=0 DS   [-WA]
FS =0010 0000000000000000 ffffffff 008f9300 DPL=0 DS   [-WA]
GS =0010 0000000000000000 ffffffff 008f9300 DPL=0 DS   [-WA]
LDT=0000 0000000000000000 0000ffff 00008200 DPL=0 LDT
TR =0028 ffffffff8048b880 00000067 00008900 DPL=0 TSS64-avl
GDT=     ffffffff8048b900 00000037
IDT=     ffffffff8048b960 00000fff
CR0=80000011 CR2=0000000000000000 CR3=0000000000001000 CR4=00000020
DR0=0000000000000000 DR1=0000000000000000 DR2=0000000000000000 DR3=0000000000000000 
DR6=00000000ffff0ff0 DR7=0000000000000400
CCS=0000000000000044 CCD=0000000000110fb8 CCO=EFLAGS
EFER=0000000000000d00
Servicing hardware INT=0x2c
     2: v=2c e=0000 i=0 cpl=0 IP=0008:ffffffff80000e4b pc=ffffffff80000e4b SP=0010:0000000000110fe0 env->regs[R_EAX]=0000000000000000
RAX=0000000000000000 RBX=000000000000001c RCX=00000000000003fd RDX=00000000000003f8
RSI=ffffffff800085c0 RDI=000000000000000a RBP=00000000001001e8 RSP=0000000000110fe0
R8 =00000000000003f8 R9 =000000000027ff6e R10=0000000000040000 R11=0000000000000cf8
R12=0000000000000000 R13=0000000000000000 R14=0000000000000000 R15=0000000000000000
RIP=ffffffff80000e4b RFL=00210246 [---Z-P-] CPL=0 II=0 A20=1 SMM=0 HLT=0
ES =0010 0000000000000000 ffffffff 008f9300 DPL=0 DS   [-WA]
CS =0008 0000000000000000 ffffffff 00af9a00 DPL=0 CS64 [-R-]
SS =0010 0000000000000000 ffffffff 008f9300 DPL=0 DS   [-WA]
DS =0010 0000000000000000 ffffffff 008f9300 DPL=0 DS   [-WA]
FS =0010 0000000000000000 ffffffff 008f9300 DPL=0 DS   [-WA]
GS =0010 0000000000000000 ffffffff 008f9300 DPL=0 DS   [-WA]
LDT=0000 0000000000000000 0000ffff 00008200 DPL=0 LDT
TR =0028 ffffffff8048b880 00000067 00008900 DPL=0 TSS64-avl
GDT=     ffffffff8048b900 00000037
IDT=     ffffffff8048b960 00000fff
CR0=80000011 CR2=0000000000000000 CR3=0000000000001000 CR4=00000020
DR0=0000000000000000 DR1=0000000000000000 DR2=0000000000000000 DR3=0000000000000000 
DR6=00000000ffff0ff0 DR7=0000000000000400
CCS=0000000000000044 CCD=0000000000110fb8 CCO=EFLAGS
EFER=0000000000000d00
Servicing hardware INT=0x20
     3: v=20 e=0000 i=0 cpl=0 IP=0008:ffffffff80000e71 pc=ffffffff80000e71 SP=0010:0000000000110fe0 env->regs[R_EAX]=0000000000000000
RAX=0000000000000000 RBX=000000000000001c RCX=00000000000003fd RDX=00000000000003f8
RSI=ffffffff80008780 RDI=000000000000000a RBP=00000000001001e8 RSP=0000000000110fe0
R8 =00000000000003f8 R9 =000000000027ff6e R10=0000000000040000 R11=0000000000000cf8
R12=0000000000000000 R13=0000000000000000 R14=0000000000000000 R15=0000000000000000
RIP=ffffffff80000e71 RFL=00200246 [---Z-P-] CPL=0 II=0 A20=1 SMM=0 HLT=0
ES =0010 0000000000000000 ffffffff 008f9300 DPL=0 DS   [-WA]
CS =0008 0000000000000000 ffffffff 00af9a00 DPL=0 CS64 [-R-]
SS =0010 0000000000000000 ffffffff 008f9300 DPL=0 DS   [-WA]
DS =0010 0000000000000000 ffffffff 008f9300 DPL=0 DS   [-WA]
FS =0010 0000000000000000 ffffffff 008f9300 DPL=0 DS   [-WA]
GS =0010 0000000000000000 ffffffff 008f9300 DPL=0 DS   [-WA]
LDT=0000 0000000000000000 0000ffff 00008200 DPL=0 LDT
TR =0028 ffffffff8048b880 00000067 00008900 DPL=0 TSS64-avl
GDT=     ffffffff8048b900 00000037
IDT=     ffffffff8048b960 00000fff
CR0=80000011 CR2=0000000000000000 CR3=0000000000001000 CR4=00000020
DR0=0000000000000000 DR1=0000000000000000 DR2=0000000000000000 DR3=0000000000000000 
DR6=00000000ffff0ff0 DR7=0000000000000400
CCS=0000000000000044 CCD=0000000000000000 CCO=EFLAGS
EFER=0000000000000d00
Servicing hardware INT=0x20
     4: v=20 e=0000 i=0 cpl=0 IP=0008:ffffffff80000e71 pc=ffffffff80000e71 SP=0010:0000000000110fe0 env->regs[R_EAX]=0000000000000000
RAX=0000000000000000 RBX=000000000000001c RCX=00000000000003fd RDX=00000000000003f8
RSI=ffffffff80008780 RDI=000000000000000a RBP=00000000001001e8 RSP=0000000000110fe0
R8 =00000000000003f8 R9 =000000000027ff6e R10=0000000000040000 R11=0000000000000cf8
R12=0000000000000000 R13=0000000000000000 R14=0000000000000000 R15=0000000000000000
RIP=ffffffff80000e71 RFL=00200246 [---Z-P-] CPL=0 II=0 A20=1 SMM=0 HLT=0
ES =0010 0000000000000000 ffffffff 008f9300 DPL=0 DS   [-WA]
CS =0008 0000000000000000 ffffffff 00af9a00 DPL=0 CS64 [-R-]
SS =0010 0000000000000000 ffffffff 008f9300 DPL=0 DS   [-WA]
DS =0010 0000000000000000 ffffffff 008f9300 DPL=0 DS   [-WA]
FS =0010 0000000000000000 ffffffff 008f9300 DPL=0 DS   [-WA]
GS =0010 0000000000000000 ffffffff 008f9300 DPL=0 DS   [-WA]
LDT=0000 0000000000000000 0000ffff 00008200 DPL=0 LDT
TR =0028 ffffffff8048b880 00000067 00008900 DPL=0 TSS64-avl
GDT=     ffffffff8048b900 00000037
IDT=     ffffffff8048b960 00000fff
CR0=80000011 CR2=0000000000000000 CR3=0000000000001000 CR4=00000020
DR0=0000000000000000 DR1=0000000000000000 DR2=0000000000000000 DR3=0000000000000000 
DR6=00000000ffff0ff0 DR7=0000000000000400
CCS=0000000000000044 CCD=0000000000110fb8 CCO=EFLAGS
EFER=0000000000000d00
Servicing hardware INT=0x20
     5: v=20 e=0000 i=0 cpl=0 IP=0008:ffffffff80000e71 pc=ffffffff80000e71 SP=0010:0000000000110fe0 env->regs[R_EAX]=0000000000000000
RAX=0000000000000000 RBX=000000000000001c RCX=00000000000003fd RDX=00000000000003f8
RSI=ffffffff80008780 RDI=000000000000000a RBP=00000000001001e8 RSP=0000000000110fe0
R8 =00000000000003f8 R9 =000000000027ff6e R10=0000000000040000 R11=0000000000000cf8
R12=0000000000000000 R13=0000000000000000 R14=0000000000000000 R15=0000000000000000
RIP=ffffffff80000e71 RFL=00200246 [---Z-P-] CPL=0 II=0 A20=1 SMM=0 HLT=0
ES =0010 0000000000000000 ffffffff 008f9300 DPL=0 DS   [-WA]
CS =0008 0000000000000000 ffffffff 00af9a00 DPL=0 CS64 [-R-]
SS =0010 0000000000000000 ffffffff 008f9300 DPL=0 DS   [-WA]
DS =0010 0000000000000000 ffffffff 008f9300 DPL=0 DS   [-WA]
FS =0010 0000000000000000 ffffffff 008f9300 DPL=0 DS   [-WA]
GS =0010 0000000000000000 ffffffff 008f9300 DPL=0 DS   [-WA]
LDT=0000 0000000000000000 0000ffff 00008200 DPL=0 LDT
TR =0028 ffffffff8048b880 00000067 00008900 DPL=0 TSS64-avl
GDT=     ffffffff8048b900 00000037
IDT=     ffffffff8048b960 00000fff
CR0=80000011 CR2=0000000000000000 CR3=0000000000001000 CR4=00000020
DR0=0000000000000000 DR1=0000000000000000 DR2=0000000000000000 DR3=0000000000000000 
DR6=00000000ffff0ff0 DR7=0000000000000400
CCS=0000000000000044 CCD=0000000000110fb8 CCO=EFLAGS
EFER=0000000000000d00
Servicing hardware INT=0x20
     6: v=20 e=0000 i=0 cpl=0 IP=0008:ffffffff80000e71 pc=ffffffff80000e71 SP=0010:0000000000110fe0 env->regs[R_EAX]=0000000000000000
RAX=0000000000000000 RBX=000000000000001c RCX=00000000000003fd RDX=00000000000003f8
RSI=ffffffff80008780 RDI=000000000000000a RBP=00000000001001e8 RSP=0000000000110fe0
R8 =00000000000003f8 R9 =000000000027ff6e R10=0000000000040000 R11=0000000000000cf8
R12=0000000000000000 R13=0000000000000000 R14=0000000000000000 R15=0000000000000000
RIP=ffffffff80000e71 RFL=00200246 [---Z-P-] CPL=0 II=0 A20=1 SMM=0 HLT=0
ES =0010 0000000000000000 ffffffff 008f9300 DPL=0 DS   [-WA]
CS =0008 0000000000000000 ffffffff 00af9a00 DPL=0 CS64 [-R-]
SS =0010 0000000000000000 ffffffff 008f9300 DPL=0 DS   [-WA]
DS =0010 0000000000000000 ffffffff 008f9300 DPL=0 DS   [-WA]
FS =0010 0000000000000000 ffffffff 008f9300 DPL=0 DS   [-WA]
GS =0010 0000000000000000 ffffffff 008f9300 DPL=0 DS   [-WA]
LDT=0000 0000000000000000 0000ffff 00008200 DPL=0 LDT
TR =0028 ffffffff8048b880 00000067 00008900 DPL=0 TSS64-avl
GDT=     ffffffff8048b900 00000037
IDT=     ffffffff8048b960 00000fff
CR0=80000011 CR2=0000000000000000 CR3=0000000000001000 CR4=00000020
DR0=0000000000000000 DR1=0000000000000000 DR2=0000000000000000 DR3=0000000000000000 
DR6=00000000ffff0ff0 DR7=0000000000000400
CCS=0000000000000044 CCD=0000000000110fb8 CCO=EFLAGS
EFER=0000000000000d00
Servicing hardware INT=0x20
     7: v=20 e=0000 i=0 cpl=0 IP=0008:ffffffff80000e71 pc=ffffffff80000e71 SP=0010:0000000000110fe0 env->regs[R_EAX]=0000000000000000
RAX=0000000000000000 RBX=000000000000001c RCX=00000000000003fd RDX=00000000000003f8
RSI=ffffffff80008780 RDI=000000000000000a RBP=00000000001001e8 RSP=0000000000110fe0
R8 =00000000000003f8 R9 =000000000027ff6e R10=0000000000040000 R11=0000000000000cf8
R12=0000000000000000 R13=0000000000000000 R14=0000000000000000 R15=0000000000000000
RIP=ffffffff80000e71 RFL=00200246 [---Z-P-] CPL=0 II=0 A20=1 SMM=0 HLT=0
ES =0010 0000000000000000 ffffffff 008f9300 DPL=0 DS   [-WA]
CS =0008 0000000000000000 ffffffff 00af9a00 DPL=0 CS64 [-R-]
SS =0010 0000000000000000 ffffffff 008f9300 DPL=0 DS   [-WA]
DS =0010 0000000000000000 ffffffff 008f9300 DPL=0 DS   [-WA]
FS =0010 0000000000000000 ffffffff 008f9300 DPL=0 DS   [-WA]
GS =0010 0000000000000000 ffffffff 008f9300 DPL=0 DS   [-WA]
LDT=0000 0000000000000000 0000ffff 00008200 DPL=0 LDT
TR =0028 ffffffff8048b880 00000067 00008900 DPL=0 TSS64-avl
GDT=     ffffffff8048b900 00000037
IDT=     ffffffff8048b960 00000fff
CR0=80000011 CR2=0000000000000000 CR3=0000000000001000 CR4=00000020
DR0=0000000000000000 DR1=0000000000000000 DR2=0000000000000000 DR3=0000000000000000 
DR6=00000000ffff0ff0 DR7=0000000000000400
CCS=0000000000000044 CCD=0000000000110fb8 CCO=EFLAGS
EFER=0000000000000d00
Servicing hardware INT=0x20
     8: v=20 e=0000 i=0 cpl=0 IP=0008:ffffffff80000e71 pc=ffffffff80000e71 SP=0010:0000000000110fe0 env->regs[R_EAX]=0000000000000000
RAX=0000000000000000 RBX=000000000000001c RCX=00000000000003fd RDX=00000000000003f8
RSI=ffffffff80008780 RDI=000000000000000a RBP=00000000001001e8 RSP=0000000000110fe0
R8 =00000000000003f8 R9 =000000000027ff6e R10=0000000000040000 R11=0000000000000cf8
R12=0000000000000000 R13=0000000000000000 R14=0000000000000000 R15=0000000000000000
RIP=ffffffff80000e71 RFL=00200246 [---Z-P-] CPL=0 II=0 A20=1 SMM=0 HLT=0
ES =0010 0000000000000000 ffffffff 008f9300 DPL=0 DS   [-WA]
CS =0008 0000000000000000 ffffffff 00af9a00 DPL=0 CS64 [-R-]
SS =0010 0000000000000000 ffffffff 008f9300 DPL=0 DS   [-WA]
DS =0010 0000000000000000 ffffffff 008f9300 DPL=0 DS   [-WA]
FS =0010 0000000000000000 ffffffff 008f9300 DPL=0 DS   [-WA]
GS =0010 0000000000000000 ffffffff 008f9300 DPL=0 DS   [-WA]
LDT=0000 0000000000000000 0000ffff 00008200 DPL=0 LDT
TR =0028 ffffffff8048b880 00000067 00008900 DPL=0 TSS64-avl
GDT=     ffffffff8048b900 00000037
IDT=     ffffffff8048b960 00000fff
CR0=80000011 CR2=0000000000000000 CR3=0000000000001000 CR4=00000020
DR0=0000000000000000 DR1=0000000000000000 DR2=0000000000000000 DR3=0000000000000000 
DR6=00000000ffff0ff0 DR7=0000000000000400
CCS=0000000000000044 CCD=0000000000110fb8 CCO=EFLAGS
EFER=0000000000000d00
Servicing hardware INT=0x20
     9: v=20 e=0000 i=0 cpl=0 IP=0008:ffffffff80000e71 pc=ffffffff80000e71 SP=0010:0000000000110fe0 env->regs[R_EAX]=0000000000000000
RAX=0000000000000000 RBX=000000000000001c RCX=00000000000003fd RDX=00000000000003f8
RSI=ffffffff80008780 RDI=000000000000000a RBP=00000000001001e8 RSP=0000000000110fe0
R8 =00000000000003f8 R9 =000000000027ff6e R10=0000000000040000 R11=0000000000000cf8
R12=0000000000000000 R13=0000000000000000 R14=0000000000000000 R15=0000000000000000
RIP=ffffffff80000e71 RFL=00200246 [---Z-P-] CPL=0 II=0 A20=1 SMM=0 HLT=0
ES =0010 0000000000000000 ffffffff 008f9300 DPL=0 DS   [-WA]
CS =0008 0000000000000000 ffffffff 00af9a00 DPL=0 CS64 [-R-]
SS =0010 0000000000000000 ffffffff 008f9300 DPL=0 DS   [-WA]
DS =0010 0000000000000000 ffffffff 008f9300 DPL=0 DS   [-WA]
FS =0010 0000000000000000 ffffffff 008f9300 DPL=0 DS   [-WA]
GS =0010 0000000000000000 ffffffff 008f9300 DPL=0 DS   [-WA]
LDT=0000 0000000000000000 0000ffff 00008200 DPL=0 LDT
TR =0028 ffffffff8048b880 00000067 00008900 DPL=0 TSS64-avl
GDT=     ffffffff8048b900 00000037
IDT=     ffffffff8048b960 00000fff
CR0=80000011 CR2=0000000000000000 CR3=0000000000001000 CR4=00000020
DR0=0000000000000000 DR1=0000000000000000 DR2=0000000000000000 DR3=0000000000000000 
DR6=00000000ffff0ff0 DR7=0000000000000400
CCS=0000000000000044 CCD=0000000000110fb8 CCO=EFLAGS
EFER=0000000000000d00
Servicing hardware INT=0x20
    10: v=20 e=0000 i=0 cpl=0 IP=0008:ffffffff80000e71 pc=ffffffff80000e71 SP=0010:0000000000110fe0 env->regs[R_EAX]=0000000000000000
RAX=0000000000000000 RBX=000000000000001c RCX=00000000000003fd RDX=00000000000003f8
RSI=ffffffff80008780 RDI=000000000000000a RBP=00000000001001e8 RSP=0000000000110fe0
R8 =00000000000003f8 R9 =000000000027ff6e R10=0000000000040000 R11=0000000000000cf8
R12=0000000000000000 R13=0000000000000000 R14=0000000000000000 R15=0000000000000000
RIP=ffffffff80000e71 RFL=00200246 [---Z-P-] CPL=0 II=0 A20=1 SMM=0 HLT=0
ES =0010 0000000000000000 ffffffff 008f9300 DPL=0 DS   [-WA]
CS =0008 0000000000000000 ffffffff 00af9a00 DPL=0 CS64 [-R-]
SS =0010 0000000000000000 ffffffff 008f9300 DPL=0 DS   [-WA]
DS =0010 0000000000000000 ffffffff 008f9300 DPL=0 DS   [-WA]
FS =0010 0000000000000000 ffffffff 008f9300 DPL=0 DS   [-WA]
GS =0010 0000000000000000 ffffffff 008f9300 DPL=0 DS   [-WA]
LDT=0000 0000000000000000 0000ffff 00008200 DPL=0 LDT
TR =0028 ffffffff8048b880 00000067 00008900 DPL=0 TSS64-avl
GDT=     ffffffff8048b900 00000037
IDT=     ffffffff8048b960 00000fff
CR0=80000011 CR2=0000000000000000 CR3=0000000000001000 CR4=00000020
DR0=0000000000000000 DR1=0000000000000000 DR2=0000000000000000 DR3=0000000000000000 
DR6=00000000ffff0ff0 DR7=0000000000000400
CCS=0000000000000044 CCD=0000000000110fb8 CCO=EFLAGS
EFER=0000000000000d00
Servicing hardware INT=0x20
    11: v=20 e=0000 i=0 cpl=0 IP=0008:ffffffff80000e71 pc=ffffffff80000e71 SP=0010:0000000000110fe0 env->regs[R_EAX]=0000000000000000
RAX=0000000000000000 RBX=000000000000001c RCX=00000000000003fd RDX=00000000000003f8
RSI=ffffffff80008780 RDI=000000000000000a RBP=00000000001001e8 RSP=0000000000110fe0
R8 =00000000000003f8 R9 =000000000027ff6e R10=0000000000040000 R11=0000000000000cf8
R12=0000000000000000 R13=0000000000000000 R14=0000000000000000 R15=0000000000000000
RIP=ffffffff80000e71 RFL=00200246 [---Z-P-] CPL=0 II=0 A20=1 SMM=0 HLT=0
ES =0010 0000000000000000 ffffffff 008f9300 DPL=0 DS   [-WA]
CS =0008 0000000000000000 ffffffff 00af9a00 DPL=0 CS64 [-R-]
SS =0010 0000000000000000 ffffffff 008f9300 DPL=0 DS   [-WA]
DS =0010 0000000000000000 ffffffff 008f9300 DPL=0 DS   [-WA]
FS =0010 0000000000000000 ffffffff 008f9300 DPL=0 DS   [-WA]
GS =0010 0000000000000000 ffffffff 008f9300 DPL=0 DS   [-WA]
LDT=0000 0000000000000000 0000ffff 00008200 DPL=0 LDT
TR =0028 ffffffff8048b880 00000067 00008900 DPL=0 TSS64-avl
GDT=     ffffffff8048b900 00000037
IDT=     ffffffff8048b960 00000fff
CR0=80000011 CR2=0000000000000000 CR3=0000000000001000 CR4=00000020
DR0=0000000000000000 DR1=0000000000000000 DR2=0000000000000000 DR3=0000000000000000 
DR6=00000000ffff0ff0 DR7=0000000000000400
CCS=0000000000000044 CCD=0000000000110fb8 CCO=EFLAGS
EFER=0000000000000d00
Servicing hardware INT=0x20
    12: v=20 e=0000 i=0 cpl=0 IP=0008:ffffffff80000e71 pc=ffffffff80000e71 SP=0010:0000000000110fe0 env->regs[R_EAX]=0000000000000000
RAX=0000000000000000 RBX=000000000000001c RCX=00000000000003fd RDX=00000000000003f8
RSI=ffffffff80008780 RDI=000000000000000a RBP=00000000001001e8 RSP=0000000000110fe0
R8 =00000000000003f8 R9 =000000000027ff6e R10=0000000000040000 R11=0000000000000cf8
R12=0000000000000000 R13=0000000000000000 R14=0000000000000000 R15=0000000000000000
RIP=ffffffff80000e71 RFL=00200246 [---Z-P-] CPL=0 II=0 A20=1 SMM=0 HLT=0
ES =0010 0000000000000000 ffffffff 008f9300 DPL=0 DS   [-WA]
CS =0008 0000000000000000 ffffffff 00af9a00 DPL=0 CS64 [-R-]
SS =0010 0000000000000000 ffffffff 008f9300 DPL=0 DS   [-WA]
DS =0010 0000000000000000 ffffffff 008f9300 DPL=0 DS   [-WA]
FS =0010 0000000000000000 ffffffff 008f9300 DPL=0 DS   [-WA]
GS =0010 0000000000000000 ffffffff 008f9300 DPL=0 DS   [-WA]
LDT=0000 0000000000000000 0000ffff 00008200 DPL=0 LDT
TR =0028 ffffffff8048b880 00000067 00008900 DPL=0 TSS64-avl
GDT=     ffffffff8048b900 00000037
IDT=     ffffffff8048b960 00000fff
CR0=80000011 CR2=0000000000000000 CR3=0000000000001000 CR4=00000020
DR0=0000000000000000 DR1=0000000000000000 DR2=0000000000000000 DR3=0000000000000000 
DR6=00000000ffff0ff0 DR7=0000000000000400
CCS=0000000000000044 CCD=0000000000110fb8 CCO=EFLAGS
EFER=0000000000000d00
Servicing hardware INT=0x20
    13: v=20 e=0000 i=0 cpl=0 IP=0008:ffffffff80000e71 pc=ffffffff80000e71 SP=0010:0000000000110fe0 env->regs[R_EAX]=0000000000000000
RAX=0000000000000000 RBX=000000000000001c RCX=00000000000003fd RDX=00000000000003f8
RSI=ffffffff80008780 RDI=000000000000000a RBP=00000000001001e8 RSP=0000000000110fe0
R8 =00000000000003f8 R9 =000000000027ff6e R10=0000000000040000 R11=0000000000000cf8
R12=0000000000000000 R13=0000000000000000 R14=0000000000000000 R15=0000000000000000
RIP=ffffffff80000e71 RFL=00200246 [---Z-P-] CPL=0 II=0 A20=1 SMM=0 HLT=0
ES =0010 0000000000000000 ffffffff 008f9300 DPL=0 DS   [-WA]
CS =0008 0000000000000000 ffffffff 00af9a00 DPL=0 CS64 [-R-]
SS =0010 0000000000000000 ffffffff 008f9300 DPL=0 DS   [-WA]
DS =0010 0000000000000000 ffffffff 008f9300 DPL=0 DS   [-WA]
FS =0010 0000000000000000 ffffffff 008f9300 DPL=0 DS   [-WA]
GS =0010 0000000000000000 ffffffff 008f9300 DPL=0 DS   [-WA]
LDT=0000 0000000000000000 0000ffff 00008200 DPL=0 LDT
TR =0028 ffffffff8048b880 00000067 00008900 DPL=0 TSS64-avl
GDT=     ffffffff8048b900 00000037
IDT=     ffffffff8048b960 00000fff
CR0=80000011 CR2=0000000000000000 CR3=0000000000001000 CR4=00000020
DR0=0000000000000000 DR1=0000000000000000 DR2=0000000000000000 DR3=0000000000000000 
DR6=00000000ffff0ff0 DR7=0000000000000400
CCS=0000000000000044 CCD=0000000000110fb8 CCO=EFLAGS
EFER=0000000000000d00
Servicing hardware INT=0x20
    14: v=20 e=0000 i=0 cpl=0 IP=0008:ffffffff80000e71 pc=ffffffff80000e71 SP=0010:0000000000110fe0 env->regs[R_EAX]=0000000000000000
RAX=0000000000000000 RBX=000000000000001c RCX=00000000000003fd RDX=00000000000003f8
RSI=ffffffff80008780 RDI=000000000000000a RBP=00000000001001e8 RSP=0000000000110fe0
R8 =00000000000003f8 R9 =000000000027ff6e R10=0000000000040000 R11=0000000000000cf8
R12=0000000000000000 R13=0000000000000000 R14=0000000000000000 R15=0000000000000000
RIP=ffffffff80000e71 RFL=00200246 [---Z-P-] CPL=0 II=0 A20=1 SMM=0 HLT=0
ES =0010 0000000000000000 ffffffff 008f9300 DPL=0 DS   [-WA]
CS =0008 0000000000000000 ffffffff 00af9a00 DPL=0 CS64 [-R-]
SS =0010 0000000000000000 ffffffff 008f9300 DPL=0 DS   [-WA]
DS =0010 0000000000000000 ffffffff 008f9300 DPL=0 DS   [-WA]
FS =0010 0000000000000000 ffffffff 008f9300 DPL=0 DS   [-WA]
GS =0010 0000000000000000 ffffffff 008f9300 DPL=0 DS   [-WA]
LDT=0000 0000000000000000 0000ffff 00008200 DPL=0 LDT
TR =0028 ffffffff8048b880 00000067 00008900 DPL=0 TSS64-avl
GDT=     ffffffff8048b900 00000037
IDT=     ffffffff8048b960 00000fff
CR0=80000011 CR2=0000000000000000 CR3=0000000000001000 CR4=00000020
DR0=0000000000000000 DR1=0000000000000000 DR2=0000000000000000 DR3=0000000000000000 
DR6=00000000ffff0ff0 DR7=0000000000000400
CCS=0000000000000044 CCD=0000000000110fb8 CCO=EFLAGS
EFER=0000000000000d00
Servicing hardware INT=0x20
    15: v=20 e=0000 i=0 cpl=0 IP=0008:ffffffff80000e71 pc=ffffffff80000e71 SP=0010:0000000000110fe0 env->regs[R_EAX]=0000000000000000
RAX=0000000000000000 RBX=000000000000001c RCX=00000000000003fd RDX=00000000000003f8
RSI=ffffffff80008780 RDI=000000000000000a RBP=00000000001001e8 RSP=0000000000110fe0
R8 =00000000000003f8 R9 =000000000027ff6e R10=0000000000040000 R11=0000000000000cf8
R12=0000000000000000 R13=0000000000000000 R14=0000000000000000 R15=0000000000000000
RIP=ffffffff80000e71 RFL=00200246 [---Z-P-] CPL=0 II=0 A20=1 SMM=0 HLT=0
ES =0010 0000000000000000 ffffffff 008f9300 DPL=0 DS   [-WA]
CS =0008 0000000000000000 ffffffff 00af9a00 DPL=0 CS64 [-R-]
SS =0010 0000000000000000 ffffffff 008f9300 DPL=0 DS   [-WA]
DS =0010 0000000000000000 ffffffff 008f9300 DPL=0 DS   [-WA]
FS =0010 0000000000000000 ffffffff 008f9300 DPL=0 DS   [-WA]
GS =0010 0000000000000000 ffffffff 008f9300 DPL=0 DS   [-WA]
LDT=0000 0000000000000000 0000ffff 00008200 DPL=0 LDT
TR =0028 ffffffff8048b880 00000067 00008900 DPL=0 TSS64-avl
GDT=     ffffffff8048b900 00000037
IDT=     ffffffff8048b960 00000fff
CR0=80000011 CR2=0000000000000000 CR3=0000000000001000 CR4=00000020
DR0=0000000000000000 DR1=0000000000000000 DR2=0000000000000000 DR3=0000000000000000 
DR6=00000000ffff0ff0 DR7=0000000000000400
CCS=0000000000000044 CCD=0000000000110fb8 CCO=EFLAGS
EFER=0000000000000d00
Servicing hardware INT=0x20
    16: v=20 e=0000 i=0 cpl=0 IP=0008:ffffffff80000e71 pc=ffffffff80000e71 SP=0010:0000000000110fe0 env->regs[R_EAX]=0000000000000000
RAX=0000000000000000 RBX=000000000000001c RCX=00000000000003fd RDX=00000000000003f8
RSI=ffffffff80008780 RDI=000000000000000a RBP=00000000001001e8 RSP=0000000000110fe0
R8 =00000000000003f8 R9 =000000000027ff6e R10=0000000000040000 R11=0000000000000cf8
R12=0000000000000000 R13=0000000000000000 R14=0000000000000000 R15=0000000000000000
RIP=ffffffff80000e71 RFL=00200246 [---Z-P-] CPL=0 II=0 A20=1 SMM=0 HLT=0
ES =0010 0000000000000000 ffffffff 008f9300 DPL=0 DS   [-WA]
CS =0008 0000000000000000 ffffffff 00af9a00 DPL=0 CS64 [-R-]
SS =0010 0000000000000000 ffffffff 008f9300 DPL=0 DS   [-WA]
DS =0010 0000000000000000 ffffffff 008f9300 DPL=0 DS   [-WA]
FS =0010 0000000000000000 ffffffff 008f9300 DPL=0 DS   [-WA]
GS =0010 0000000000000000 ffffffff 008f9300 DPL=0 DS   [-WA]
LDT=0000 0000000000000000 0000ffff 00008200 DPL=0 LDT
TR =0028 ffffffff8048b880 00000067 00008900 DPL=0 TSS64-avl
GDT=     ffffffff8048b900 00000037
IDT=     ffffffff8048b960 00000fff
CR0=80000011 CR2=0000000000000000 CR3=0000000000001000 CR4=00000020
DR0=0000000000000000 DR1=0000000000000000 DR2=0000000000000000 DR3=0000000000000000 
DR6=00000000ffff0ff0 DR7=0000000000000400
CCS=0000000000000044 CCD=0000000000110fb8 CCO=EFLAGS
EFER=0000000000000d00
Servicing hardware INT=0x20
    17: v=20 e=0000 i=0 cpl=0 IP=0008:ffffffff80000e71 pc=ffffffff80000e71 SP=0010:0000000000110fe0 env->regs[R_EAX]=0000000000000000
RAX=0000000000000000 RBX=000000000000001c RCX=00000000000003fd RDX=00000000000003f8
RSI=ffffffff80008780 RDI=000000000000000a RBP=00000000001001e8 RSP=0000000000110fe0
R8 =00000000000003f8 R9 =000000000027ff6e R10=0000000000040000 R11=0000000000000cf8
R12=0000000000000000 R13=0000000000000000 R14=0000000000000000 R15=0000000000000000
RIP=ffffffff80000e71 RFL=00200246 [---Z-P-] CPL=0 II=0 A20=1 SMM=0 HLT=0
ES =0010 0000000000000000 ffffffff 008f9300 DPL=0 DS   [-WA]
CS =0008 0000000000000000 ffffffff 00af9a00 DPL=0 CS64 [-R-]
SS =0010 0000000000000000 ffffffff 008f9300 DPL=0 DS   [-WA]
DS =0010 0000000000000000 ffffffff 008f9300 DPL=0 DS   [-WA]
FS =0010 0000000000000000 ffffffff 008f9300 DPL=0 DS   [-WA]
GS =0010 0000000000000000 ffffffff 008f9300 DPL=0 DS   [-WA]
LDT=0000 0000000000000000 0000ffff 00008200 DPL=0 LDT
TR =0028 ffffffff8048b880 00000067 00008900 DPL=0 TSS64-avl
GDT=     ffffffff8048b900 00000037
IDT=     ffffffff8048b960 00000fff
CR0=80000011 CR2=0000000000000000 CR3=0000000000001000 CR4=00000020
DR0=0000000000000000 DR1=0000000000000000 DR2=0000000000000000 DR3=0000000000000000 
DR6=00000000ffff0ff0 DR7=0000000000000400
CCS=0000000000000044 CCD=0000000000110fb8 CCO=EFLAGS
EFER=0000000000000d00
Servicing hardware INT=0x20
    18: v=20 e=0000 i=0 cpl=0 IP=0008:ffffffff80000e71 pc=ffffffff80000e71 SP=0010:0000000000110fe0 env->regs[R_EAX]=0000000000000000
RAX=0000000000000000 RBX=000000000000001c RCX=00000000000003fd RDX=00000000000003f8
RSI=ffffffff80008780 RDI=000000000000000a RBP=00000000001001e8 RSP=0000000000110fe0
R8 =00000000000003f8 R9 =000000000027ff6e R10=0000000000040000 R11=0000000000000cf8
R12=0000000000000000 R13=0000000000000000 R14=0000000000000000 R15=0000000000000000
RIP=ffffffff80000e71 RFL=00200246 [---Z-P-] CPL=0 II=0 A20=1 SMM=0 HLT=0
ES =0010 0000000000000000 ffffffff 008f9300 DPL=0 DS   [-WA]
CS =0008 0000000000000000 ffffffff 00af9a00 DPL=0 CS64 [-R-]
SS =0010 0000000000000000 ffffffff 008f9300 DPL=0 DS   [-WA]
DS =0010 0000000000000000 ffffffff 008f9300 DPL=0 DS   [-WA]
FS =0010 0000000000000000 ffffffff 008f9300 DPL=0 DS   [-WA]
GS =0010 0000000000000000 ffffffff 008f9300 DPL=0 DS   [-WA]
LDT=0000 0000000000000000 0000ffff 00008200 DPL=0 LDT
TR =0028 ffffffff8048b880 00000067 00008900 DPL=0 TSS64-avl
GDT=     ffffffff8048b900 00000037
IDT=     ffffffff8048b960 00000fff
CR0=80000011 CR2=0000000000000000 CR3=0000000000001000 CR4=00000020
DR0=0000000000000000 DR1=0000000000000000 DR2=0000000000000000 DR3=0000000000000000 
DR6=00000000ffff0ff0 DR7=0000000000000400
CCS=0000000000000044 CCD=0000000000110fb8 CCO=EFLAGS
EFER=0000000000000d00
Servicing hardware INT=0x20
    19: v=20 e=0000 i=0 cpl=0 IP=0008:ffffffff80000e71 pc=ffffffff80000e71 SP=0010:0000000000110fe0 env->regs[R_EAX]=0000000000000000
RAX=0000000000000000 RBX=000000000000001c RCX=00000000000003fd RDX=00000000000003f8
RSI=ffffffff80008780 RDI=000000000000000a RBP=00000000001001e8 RSP=0000000000110fe0
R8 =00000000000003f8 R9 =000000000027ff6e R10=0000000000040000 R11=0000000000000cf8
R12=0000000000000000 R13=0000000000000000 R14=0000000000000000 R15=0000000000000000
RIP=ffffffff80000e71 RFL=00200246 [---Z-P-] CPL=0 II=0 A20=1 SMM=0 HLT=0
ES =0010 0000000000000000 ffffffff 008f9300 DPL=0 DS   [-WA]
CS =0008 0000000000000000 ffffffff 00af9a00 DPL=0 CS64 [-R-]
SS =0010 0000000000000000 ffffffff 008f9300 DPL=0 DS   [-WA]
DS =0010 0000000000000000 ffffffff 008f9300 DPL=0 DS   [-WA]
FS =0010 0000000000000000 ffffffff 008f9300 DPL=0 DS   [-WA]
GS =0010 0000000000000000 ffffffff 008f9300 DPL=0 DS   [-WA]
LDT=0000 0000000000000000 0000ffff 00008200 DPL=0 LDT
TR =0028 ffffffff8048b880 00000067 00008900 DPL=0 TSS64-avl
GDT=     ffffffff8048b900 00000037
IDT=     ffffffff8048b960 00000fff
CR0=80000011 CR2=0000000000000000 CR3=0000000000001000 CR4=00000020
DR0=0000000000000000 DR1=0000000000000000 DR2=0000000000000000 DR3=0000000000000000 
DR6=00000000ffff0ff0 DR7=0000000000000400
CCS=0000000000000044 CCD=0000000000110fb8 CCO=EFLAGS
EFER=0000000000000d00
Servicing hardware INT=0x20
    20: v=20 e=0000 i=0 cpl=0 IP=0008:ffffffff80000e71 pc=ffffffff80000e71 SP=0010:0000000000110fe0 env->regs[R_EAX]=0000000000000000
RAX=0000000000000000 RBX=000000000000001c RCX=00000000000003fd RDX=00000000000003f8
RSI=ffffffff80008780 RDI=000000000000000a RBP=00000000001001e8 RSP=0000000000110fe0
R8 =00000000000003f8 R9 =000000000027ff6e R10=0000000000040000 R11=0000000000000cf8
R12=0000000000000000 R13=0000000000000000 R14=0000000000000000 R15=0000000000000000
RIP=ffffffff80000e71 RFL=00200246 [---Z-P-] CPL=0 II=0 A20=1 SMM=0 HLT=0
ES =0010 0000000000000000 ffffffff 008f9300 DPL=0 DS   [-WA]
CS =0008 0000000000000000 ffffffff 00af9a00 DPL=0 CS64 [-R-]
SS =0010 0000000000000000 ffffffff 008f9300 DPL=0 DS   [-WA]
DS =0010 0000000000000000 ffffffff 008f9300 DPL=0 DS   [-WA]
FS =0010 0000000000000000 ffffffff 008f9300 DPL=0 DS   [-WA]
GS =0010 0000000000000000 ffffffff 008f9300 DPL=0 DS   [-WA]
LDT=0000 0000000000000000 0000ffff 00008200 DPL=0 LDT
TR =0028 ffffffff8048b880 00000067 00008900 DPL=0 TSS64-avl
GDT=     ffffffff8048b900 00000037
IDT=     ffffffff8048b960 00000fff
CR0=80000011 CR2=0000000000000000 CR3=0000000000001000 CR4=00000020
DR0=0000000000000000 DR1=0000000000000000 DR2=0000000000000000 DR3=0000000000000000 
DR6=00000000ffff0ff0 DR7=0000000000000400
CCS=0000000000000044 CCD=0000000000110fb8 CCO=EFLAGS
EFER=0000000000000d00
Servicing hardware INT=0x20
    21: v=20 e=0000 i=0 cpl=0 IP=0008:ffffffff80000e71 pc=ffffffff80000e71 SP=0010:0000000000110fe0 env->regs[R_EAX]=0000000000000000
RAX=0000000000000000 RBX=000000000000001c RCX=00000000000003fd RDX=00000000000003f8
RSI=ffffffff80008780 RDI=000000000000000a RBP=00000000001001e8 RSP=0000000000110fe0
R8 =00000000000003f8 R9 =000000000027ff6e R10=0000000000040000 R11=0000000000000cf8
R12=0000000000000000 R13=0000000000000000 R14=0000000000000000 R15=0000000000000000
RIP=ffffffff80000e71 RFL=00200246 [---Z-P-] CPL=0 II=0 A20=1 SMM=0 HLT=0
ES =0010 0000000000000000 ffffffff 008f9300 DPL=0 DS   [-WA]
CS =0008 0000000000000000 ffffffff 00af9a00 DPL=0 CS64 [-R-]
SS =0010 0000000000000000 ffffffff 008f9300 DPL=0 DS   [-WA]
DS =0010 0000000000000000 ffffffff 008f9300 DPL=0 DS   [-WA]
FS =0010 0000000000000000 ffffffff 008f9300 DPL=0 DS   [-WA]
GS =0010 0000000000000000 ffffffff 008f9300 DPL=0 DS   [-WA]
LDT=0000 0000000000000000 0000ffff 00008200 DPL=0 LDT
TR =0028 ffffffff8048b880 00000067 00008900 DPL=0 TSS64-avl
GDT=     ffffffff8048b900 00000037
IDT=     ffffffff8048b960 00000fff
CR0=80000011 CR2=0000000000000000 CR3=0000000000001000 CR4=00000020
DR0=0000000000000000 DR1=0000000000000000 DR2=0000000000000000 DR3=0000000000000000 
DR6=00000000ffff0ff0 DR7=0000000000000400
CCS=0000000000000044 CCD=0000000000110fb8 CCO=EFLAGS
EFER=0000000000000d00
Servicing hardware INT=0x20
    22: v=20 e=0000 i=0 cpl=0 IP=0008:ffffffff80000e71 pc=ffffffff80000e71 SP=0010:0000000000110fe0 env->regs[R_EAX]=0000000000000000
RAX=0000000000000000 RBX=000000000000001c RCX=00000000000003fd RDX=00000000000003f8
RSI=ffffffff80008780 RDI=000000000000000a RBP=00000000001001e8 RSP=0000000000110fe0
R8 =00000000000003f8 R9 =000000000027ff6e R10=0000000000040000 R11=0000000000000cf8
R12=0000000000000000 R13=0000000000000000 R14=0000000000000000 R15=0000000000000000
RIP=ffffffff80000e71 RFL=00200246 [---Z-P-] CPL=0 II=0 A20=1 SMM=0 HLT=0
ES =0010 0000000000000000 ffffffff 008f9300 DPL=0 DS   [-WA]
CS =0008 0000000000000000 ffffffff 00af9a00 DPL=0 CS64 [-R-]
SS =0010 0000000000000000 ffffffff 008f9300 DPL=0 DS   [-WA]
DS =0010 0000000000000000 ffffffff 008f9300 DPL=0 DS   [-WA]
FS =0010 0000000000000000 ffffffff 008f9300 DPL=0 DS   [-WA]
GS =0010 0000000000000000 ffffffff 008f9300 DPL=0 DS   [-WA]
LDT=0000 0000000000000000 0000ffff 00008200 DPL=0 LDT
TR =0028 ffffffff8048b880 00000067 00008900 DPL=0 TSS64-avl
GDT=     ffffffff8048b900 00000037
IDT=     ffffffff8048b960 00000fff
CR0=80000011 CR2=0000000000000000 CR3=0000000000001000 CR4=00000020
DR0=0000000000000000 DR1=0000000000000000 DR2=0000000000000000 DR3=0000000000000000 
DR6=00000000ffff0ff0 DR7=0000000000000400
CCS=0000000000000044 CCD=0000000000110fb8 CCO=EFLAGS
EFER=0000000000000d00
Servicing hardware INT=0x20
    23: v=20 e=0000 i=0 cpl=0 IP=0008:ffffffff80000e71 pc=ffffffff80000e71 SP=0010:0000000000110fe0 env->regs[R_EAX]=0000000000000000
RAX=0000000000000000 RBX=000000000000001c RCX=00000000000003fd RDX=00000000000003f8
RSI=ffffffff80008780 RDI=000000000000000a RBP=00000000001001e8 RSP=0000000000110fe0
R8 =00000000000003f8 R9 =000000000027ff6e R10=0000000000040000 R11=0000000000000cf8
R12=0000000000000000 R13=0000000000000000 R14=0000000000000000 R15=0000000000000000
RIP=ffffffff80000e71 RFL=00200246 [---Z-P-] CPL=0 II=0 A20=1 SMM=0 HLT=0
ES =0010 0000000000000000 ffffffff 008f9300 DPL=0 DS   [-WA]
CS =0008 0000000000000000 ffffffff 00af9a00 DPL=0 CS64 [-R-]
SS =0010 0000000000000000 ffffffff 008f9300 DPL=0 DS   [-WA]
DS =0010 0000000000000000 ffffffff 008f9300 DPL=0 DS   [-WA]
FS =0010 0000000000000000 ffffffff 008f9300 DPL=0 DS   [-WA]
GS =0010 0000000000000000 ffffffff 008f9300 DPL=0 DS   [-WA]
LDT=0000 0000000000000000 0000ffff 00008200 DPL=0 LDT
TR =0028 ffffffff8048b880 00000067 00008900 DPL=0 TSS64-avl
GDT=     ffffffff8048b900 00000037
IDT=     ffffffff8048b960 00000fff
CR0=80000011 CR2=0000000000000000 CR3=0000000000001000 CR4=00000020
DR0=0000000000000000 DR1=0000000000000000 DR2=0000000000000000 DR3=0000000000000000 
DR6=00000000ffff0ff0 DR7=0000000000000400
CCS=0000000000000044 CCD=0000000000110fb8 CCO=EFLAGS
EFER=0000000000000d00
Servicing hardware INT=0x20
    24: v=20 e=0000 i=0 cpl=0 IP=0008:ffffffff80000e71 pc=ffffffff80000e71 SP=0010:0000000000110fe0 env->regs[R_EAX]=0000000000000000
RAX=0000000000000000 RBX=000000000000001c RCX=00000000000003fd RDX=00000000000003f8
RSI=ffffffff80008780 RDI=000000000000000a RBP=00000000001001e8 RSP=0000000000110fe0
R8 =00000000000003f8 R9 =000000000027ff6e R10=0000000000040000 R11=0000000000000cf8
R12=0000000000000000 R13=0000000000000000 R14=0000000000000000 R15=0000000000000000
RIP=ffffffff80000e71 RFL=00200246 [---Z-P-] CPL=0 II=0 A20=1 SMM=0 HLT=0
ES =0010 0000000000000000 ffffffff 008f9300 DPL=0 DS   [-WA]
CS =0008 0000000000000000 ffffffff 00af9a00 DPL=0 CS64 [-R-]
SS =0010 0000000000000000 ffffffff 008f9300 DPL=0 DS   [-WA]
DS =0010 0000000000000000 ffffffff 008f9300 DPL=0 DS   [-WA]
FS =0010 0000000000000000 ffffffff 008f9300 DPL=0 DS   [-WA]
GS =0010 0000000000000000 ffffffff 008f9300 DPL=0 DS   [-WA]
LDT=0000 0000000000000000 0000ffff 00008200 DPL=0 LDT
TR =0028 ffffffff8048b880 00000067 00008900 DPL=0 TSS64-avl
GDT=     ffffffff8048b900 00000037
IDT=     ffffffff8048b960 00000fff
CR0=80000011 CR2=0000000000000000 CR3=0000000000001000 CR4=00000020
DR0=0000000000000000 DR1=0000000000000000 DR2=0000000000000000 DR3=0000000000000000 
DR6=00000000ffff0ff0 DR7=0000000000000400
CCS=0000000000000044 CCD=0000000000110fb8 CCO=EFLAGS
EFER=0000000000000d00
Servicing hardware INT=0x20
    25: v=20 e=0000 i=0 cpl=0 IP=0008:ffffffff80000e71 pc=ffffffff80000e71 SP=0010:0000000000110fe0 env->regs[R_EAX]=0000000000000000
RAX=0000000000000000 RBX=000000000000001c RCX=00000000000003fd RDX=00000000000003f8
RSI=ffffffff80008780 RDI=000000000000000a RBP=00000000001001e8 RSP=0000000000110fe0
R8 =00000000000003f8 R9 =000000000027ff6e R10=0000000000040000 R11=0000000000000cf8
R12=0000000000000000 R13=0000000000000000 R14=0000000000000000 R15=0000000000000000
RIP=ffffffff80000e71 RFL=00200246 [---Z-P-] CPL=0 II=0 A20=1 SMM=0 HLT=0
ES =0010 0000000000000000 ffffffff 008f9300 DPL=0 DS   [-WA]
CS =0008 0000000000000000 ffffffff 00af9a00 DPL=0 CS64 [-R-]
SS =0010 0000000000000000 ffffffff 008f9300 DPL=0 DS   [-WA]
DS =0010 0000000000000000 ffffffff 008f9300 DPL=0 DS   [-WA]
FS =0010 0000000000000000 ffffffff 008f9300 DPL=0 DS   [-WA]
GS =0010 0000000000000000 ffffffff 008f9300 DPL=0 DS   [-WA]
LDT=0000 0000000000000000 0000ffff 00008200 DPL=0 LDT
TR =0028 ffffffff8048b880 00000067 00008900 DPL=0 TSS64-avl
GDT=     ffffffff8048b900 00000037
IDT=     ffffffff8048b960 00000fff
CR0=80000011 CR2=0000000000000000 CR3=0000000000001000 CR4=00000020
DR0=0000000000000000 DR1=0000000000000000 DR2=0000000000000000 DR3=0000000000000000 
DR6=00000000ffff0ff0 DR7=0000000000000400
CCS=0000000000000044 CCD=0000000000110fb8 CCO=EFLAGS
EFER=0000000000000d00
Servicing hardware INT=0x20
    26: v=20 e=0000 i=0 cpl=0 IP=0008:ffffffff80000e71 pc=ffffffff80000e71 SP=0010:0000000000110fe0 env->regs[R_EAX]=0000000000000000
RAX=0000000000000000 RBX=000000000000001c RCX=00000000000003fd RDX=00000000000003f8
RSI=ffffffff80008780 RDI=000000000000000a RBP=00000000001001e8 RSP=0000000000110fe0
R8 =00000000000003f8 R9 =000000000027ff6e R10=0000000000040000 R11=0000000000000cf8
R12=0000000000000000 R13=0000000000000000 R14=0000000000000000 R15=0000000000000000
RIP=ffffffff80000e71 RFL=00200246 [---Z-P-] CPL=0 II=0 A20=1 SMM=0 HLT=0
ES =0010 0000000000000000 ffffffff 008f9300 DPL=0 DS   [-WA]
CS =0008 0000000000000000 ffffffff 00af9a00 DPL=0 CS64 [-R-]
SS =0010 0000000000000000 ffffffff 008f9300 DPL=0 DS   [-WA]
DS =0010 0000000000000000 ffffffff 008f9300 DPL=0 DS   [-WA]
FS =0010 0000000000000000 ffffffff 008f9300 DPL=0 DS   [-WA]
GS =0010 0000000000000000 ffffffff 008f9300 DPL=0 DS   [-WA]
LDT=0000 0000000000000000 0000ffff 00008200 DPL=0 LDT
TR =0028 ffffffff8048b880 00000067 00008900 DPL=0 TSS64-avl
GDT=     ffffffff8048b900 00000037
IDT=     ffffffff8048b960 00000fff
CR0=80000011 CR2=0000000000000000 CR3=0000000000001000 CR4=00000020
DR0=0000000000000000 DR1=0000000000000000 DR2=0000000000000000 DR3=0000000000000000 
DR6=00000000ffff0ff0 DR7=0000000000000400
CCS=0000000000000044 CCD=0000000000110fb8 CCO=EFLAGS
EFER=0000000000000d00
Servicing hardware INT=0x20
    27: v=20 e=0000 i=0 cpl=0 IP=0008:ffffffff80000e71 pc=ffffffff80000e71 SP=0010:0000000000110fe0 env->regs[R_EAX]=0000000000000000
RAX=0000000000000000 RBX=000000000000001c RCX=00000000000003fd RDX=00000000000003f8
RSI=ffffffff80008780 RDI=000000000000000a RBP=00000000001001e8 RSP=0000000000110fe0
R8 =00000000000003f8 R9 =000000000027ff6e R10=0000000000040000 R11=0000000000000cf8
R12=0000000000000000 R13=0000000000000000 R14=0000000000000000 R15=0000000000000000
RIP=ffffffff80000e71 RFL=00200246 [---Z-P-] CPL=0 II=0 A20=1 SMM=0 HLT=0
ES =0010 0000000000000000 ffffffff 008f9300 DPL=0 DS   [-WA]
CS =0008 0000000000000000 ffffffff 00af9a00 DPL=0 CS64 [-R-]
SS =0010 0000000000000000 ffffffff 008f9300 DPL=0 DS   [-WA]
DS =0010 0000000000000000 ffffffff 008f9300 DPL=0 DS   [-WA]
FS =0010 0000000000000000 ffffffff 008f9300 DPL=0 DS   [-WA]
GS =0010 0000000000000000 ffffffff 008f9300 DPL=0 DS   [-WA]
LDT=0000 0000000000000000 0000ffff 00008200 DPL=0 LDT
TR =0028 ffffffff8048b880 00000067 00008900 DPL=0 TSS64-avl
GDT=     ffffffff8048b900 00000037
IDT=     ffffffff8048b960 00000fff
CR0=80000011 CR2=0000000000000000 CR3=0000000000001000 CR4=00000020
DR0=0000000000000000 DR1=0000000000000000 DR2=0000000000000000 DR3=0000000000000000 
DR6=00000000ffff0ff0 DR7=0000000000000400
CCS=0000000000000044 CCD=0000000000110fb8 CCO=EFLAGS
EFER=0000000000000d00
Servicing hardware INT=0x20
    28: v=20 e=0000 i=0 cpl=0 IP=0008:ffffffff80000e71 pc=ffffffff80000e71 SP=0010:0000000000110fe0 env->regs[R_EAX]=0000000000000000
RAX=0000000000000000 RBX=000000000000001c RCX=00000000000003fd RDX=00000000000003f8
RSI=ffffffff80008780 RDI=000000000000000a RBP=00000000001001e8 RSP=0000000000110fe0
R8 =00000000000003f8 R9 =000000000027ff6e R10=0000000000040000 R11=0000000000000cf8
R12=0000000000000000 R13=0000000000000000 R14=0000000000000000 R15=0000000000000000
RIP=ffffffff80000e71 RFL=00200246 [---Z-P-] CPL=0 II=0 A20=1 SMM=0 HLT=0
ES =0010 0000000000000000 ffffffff 008f9300 DPL=0 DS   [-WA]
CS =0008 0000000000000000 ffffffff 00af9a00 DPL=0 CS64 [-R-]
SS =0010 0000000000000000 ffffffff 008f9300 DPL=0 DS   [-WA]
DS =0010 0000000000000000 ffffffff 008f9300 DPL=0 DS   [-WA]
FS =0010 0000000000000000 ffffffff 008f9300 DPL=0 DS   [-WA]
GS =0010 0000000000000000 ffffffff 008f9300 DPL=0 DS   [-WA]
LDT=0000 0000000000000000 0000ffff 00008200 DPL=0 LDT
TR =0028 ffffffff8048b880 00000067 00008900 DPL=0 TSS64-avl
GDT=     ffffffff8048b900 00000037
IDT=     ffffffff8048b960 00000fff
CR0=80000011 CR2=0000000000000000 CR3=0000000000001000 CR4=00000020
DR0=0000000000000000 DR1=0000000000000000 DR2=0000000000000000 DR3=0000000000000000 
DR6=00000000ffff0ff0 DR7=0000000000000400
CCS=0000000000000044 CCD=0000000000110fb8 CCO=EFLAGS
EFER=0000000000000d00
Servicing hardware INT=0x20
    29: v=20 e=0000 i=0 cpl=0 IP=0008:ffffffff80000e71 pc=ffffffff80000e71 SP=0010:0000000000110fe0 env->regs[R_EAX]=0000000000000000
RAX=0000000000000000 RBX=000000000000001c RCX=00000000000003fd RDX=00000000000003f8
RSI=ffffffff80008780 RDI=000000000000000a RBP=00000000001001e8 RSP=0000000000110fe0
R8 =00000000000003f8 R9 =000000000027ff6e R10=0000000000040000 R11=0000000000000cf8
R12=0000000000000000 R13=0000000000000000 R14=0000000000000000 R15=0000000000000000
RIP=ffffffff80000e71 RFL=00200246 [---Z-P-] CPL=0 II=0 A20=1 SMM=0 HLT=0
ES =0010 0000000000000000 ffffffff 008f9300 DPL=0 DS   [-WA]
CS =0008 0000000000000000 ffffffff 00af9a00 DPL=0 CS64 [-R-]
SS =0010 0000000000000000 ffffffff 008f9300 DPL=0 DS   [-WA]
DS =0010 0000000000000000 ffffffff 008f9300 DPL=0 DS   [-WA]
FS =0010 0000000000000000 ffffffff 008f9300 DPL=0 DS   [-WA]
GS =0010 0000000000000000 ffffffff 008f9300 DPL=0 DS   [-WA]
LDT=0000 0000000000000000 0000ffff 00008200 DPL=0 LDT
TR =0028 ffffffff8048b880 00000067 00008900 DPL=0 TSS64-avl
GDT=     ffffffff8048b900 00000037
IDT=     ffffffff8048b960 00000fff
CR0=80000011 CR2=0000000000000000 CR3=0000000000001000 CR4=00000020
DR0=0000000000000000 DR1=0000000000000000 DR2=0000000000000000 DR3=0000000000000000 
DR6=00000000ffff0ff0 DR7=0000000000000400
CCS=0000000000000044 CCD=0000000000110fb8 CCO=EFLAGS
EFER=0000000000000d00
Servicing hardware INT=0x20
    30: v=20 e=0000 i=0 cpl=0 IP=0008:ffffffff80000e71 pc=ffffffff80000e71 SP=0010:0000000000110fe0 env->regs[R_EAX]=0000000000000000
RAX=0000000000000000 RBX=000000000000001c RCX=00000000000003fd RDX=00000000000003f8
RSI=ffffffff80008780 RDI=000000000000000a RBP=00000000001001e8 RSP=0000000000110fe0
R8 =00000000000003f8 R9 =000000000027ff6e R10=0000000000040000 R11=0000000000000cf8
R12=0000000000000000 R13=0000000000000000 R14=0000000000000000 R15=0000000000000000
RIP=ffffffff80000e71 RFL=00200246 [---Z-P-] CPL=0 II=0 A20=1 SMM=0 HLT=0
ES =0010 0000000000000000 ffffffff 008f9300 DPL=0 DS   [-WA]
CS =0008 0000000000000000 ffffffff 00af9a00 DPL=0 CS64 [-R-]
SS =0010 0000000000000000 ffffffff 008f9300 DPL=0 DS   [-WA]
DS =0010 0000000000000000 ffffffff 008f9300 DPL=0 DS   [-WA]
FS =0010 0000000000000000 ffffffff 008f9300 DPL=0 DS   [-WA]
GS =0010 0000000000000000 ffffffff 008f9300 DPL=0 DS   [-WA]
LDT=0000 0000000000000000 0000ffff 00008200 DPL=0 LDT
TR =0028 ffffffff8048b880 00000067 00008900 DPL=0 TSS64-avl
GDT=     ffffffff8048b900 00000037
IDT=     ffffffff8048b960 00000fff
CR0=80000011 CR2=0000000000000000 CR3=0000000000001000 CR4=00000020
DR0=0000000000000000 DR1=0000000000000000 DR2=0000000000000000 DR3=0000000000000000 
DR6=00000000ffff0ff0 DR7=0000000000000400
CCS=0000000000000044 CCD=0000000000110fb8 CCO=EFLAGS
EFER=0000000000000d00
Servicing hardware INT=0x20
    31: v=20 e=0000 i=0 cpl=0 IP=0008:ffffffff80000e71 pc=ffffffff80000e71 SP=0010:0000000000110fe0 env->regs[R_EAX]=0000000000000000
RAX=0000000000000000 RBX=000000000000001c RCX=00000000000003fd RDX=00000000000003f8
RSI=ffffffff80008780 RDI=000000000000000a RBP=00000000001001e8 RSP=0000000000110fe0
R8 =00000000000003f8 R9 =000000000027ff6e R10=0000000000040000 R11=0000000000000cf8
R12=0000000000000000 R13=0000000000000000 R14=0000000000000000 R15=0000000000000000
RIP=ffffffff80000e71 RFL=00200246 [---Z-P-] CPL=0 II=0 A20=1 SMM=0 HLT=0
ES =0010 0000000000000000 ffffffff 008f9300 DPL=0 DS   [-WA]
CS =0008 0000000000000000 ffffffff 00af9a00 DPL=0 CS64 [-R-]
SS =0010 0000000000000000 ffffffff 008f9300 DPL=0 DS   [-WA]
DS =0010 0000000000000000 ffffffff 008f9300 DPL=0 DS   [-WA]
FS =0010 0000000000000000 ffffffff 008f9300 DPL=0 DS   [-WA]
GS =0010 0000000000000000 ffffffff 008f9300 DPL=0 DS   [-WA]
LDT=0000 0000000000000000 0000ffff 00008200 DPL=0 LDT
TR =0028 ffffffff8048b880 00000067 00008900 DPL=0 TSS64-avl
GDT=     ffffffff8048b900 00000037
IDT=     ffffffff8048b960 00000fff
CR0=80000011 CR2=0000000000000000 CR3=0000000000001000 CR4=00000020
DR0=0000000000000000 DR1=0000000000000000 DR2=0000000000000000 DR3=0000000000000000 
DR6=00000000ffff0ff0 DR7=0000000000000400
CCS=0000000000000044 CCD=0000000000110fb8 CCO=EFLAGS
EFER=0000000000000d00
Servicing hardware INT=0x20
    32: v=20 e=0000 i=0 cpl=0 IP=0008:ffffffff80000e71 pc=ffffffff80000e71 SP=0010:0000000000110fe0 env->regs[R_EAX]=0000000000000000
RAX=0000000000000000 RBX=000000000000001c RCX=00000000000003fd RDX=00000000000003f8
RSI=ffffffff80008780 RDI=000000000000000a RBP=00000000001001e8 RSP=0000000000110fe0
R8 =00000000000003f8 R9 =000000000027ff6e R10=0000000000040000 R11=0000000000000cf8
R12=0000000000000000 R13=0000000000000000 R14=0000000000000000 R15=0000000000000000
RIP=ffffffff80000e71 RFL=00200246 [---Z-P-] CPL=0 II=0 A20=1 SMM=0 HLT=0
ES =0010 0000000000000000 ffffffff 008f9300 DPL=0 DS   [-WA]
CS =0008 0000000000000000 ffffffff 00af9a00 DPL=0 CS64 [-R-]
SS =0010 0000000000000000 ffffffff 008f9300 DPL=0 DS   [-WA]
DS =0010 0000000000000000 ffffffff 008f9300 DPL=0 DS   [-WA]
FS =0010 0000000000000000 ffffffff 008f9300 DPL=0 DS   [-WA]
GS =0010 0000000000000000 ffffffff 008f9300 DPL=0 DS   [-WA]
LDT=0000 0000000000000000 0000ffff 00008200 DPL=0 LDT
TR =0028 ffffffff8048b880 00000067 00008900 DPL=0 TSS64-avl
GDT=     ffffffff8048b900 00000037
IDT=     ffffffff8048b960 00000fff
CR0=80000011 CR2=0000000000000000 CR3=0000000000001000 CR4=00000020
DR0=0000000000000000 DR1=0000000000000000 DR2=0000000000000000 DR3=0000000000000000 
DR6=00000000ffff0ff0 DR7=0000000000000400
CCS=0000000000000044 CCD=0000000000110fb8 CCO=EFLAGS
EFER=0000000000000d00
Servicing hardware INT=0x20
    33: v=20 e=0000 i=0 cpl=0 IP=0008:ffffffff80000e71 pc=ffffffff80000e71 SP=0010:0000000000110fe0 env->regs[R_EAX]=0000000000000000
RAX=0000000000000000 RBX=000000000000001c RCX=00000000000003fd RDX=00000000000003f8
RSI=ffffffff80008780 RDI=000000000000000a RBP=00000000001001e8 RSP=0000000000110fe0
R8 =00000000000003f8 R9 =000000000027ff6e R10=0000000000040000 R11=0000000000000cf8
R12=0000000000000000 R13=0000000000000000 R14=0000000000000000 R15=0000000000000000
RIP=ffffffff80000e71 RFL=00200246 [---Z-P-] CPL=0 II=0 A20=1 SMM=0 HLT=0
ES =0010 0000000000000000 ffffffff 008f9300 DPL=0 DS   [-WA]
CS =0008 0000000000000000 ffffffff 00af9a00 DPL=0 CS64 [-R-]
SS =0010 0000000000000000 ffffffff 008f9300 DPL=0 DS   [-WA]
DS =0010 0000000000000000 ffffffff 008f9300 DPL=0 DS   [-WA]
FS =0010 0000000000000000 ffffffff 008f9300 DPL=0 DS   [-WA]
GS =0010 0000000000000000 ffffffff 008f9300 DPL=0 DS   [-WA]
LDT=0000 0000000000000000 0000ffff 00008200 DPL=0 LDT
TR =0028 ffffffff8048b880 00000067 00008900 DPL=0 TSS64-avl
GDT=     ffffffff8048b900 00000037
IDT=     ffffffff8048b960 00000fff
CR0=80000011 CR2=0000000000000000 CR3=0000000000001000 CR4=00000020
DR0=0000000000000000 DR1=0000000000000000 DR2=0000000000000000 DR3=0000000000000000 
DR6=00000000ffff0ff0 DR7=0000000000000400
CCS=0000000000000044 CCD=0000000000110fb8 CCO=EFLAGS
EFER=0000000000000d00
Servicing hardware INT=0x20
    34: v=20 e=0000 i=0 cpl=0 IP=0008:ffffffff80000e71 pc=ffffffff80000e71 SP=0010:0000000000110fe0 env->regs[R_EAX]=0000000000000000
RAX=0000000000000000 RBX=000000000000001c RCX=00000000000003fd RDX=00000000000003f8
RSI=ffffffff80008780 RDI=000000000000000a RBP=00000000001001e8 RSP=0000000000110fe0
R8 =00000000000003f8 R9 =000000000027ff6e R10=0000000000040000 R11=0000000000000cf8
R12=0000000000000000 R13=0000000000000000 R14=0000000000000000 R15=0000000000000000
RIP=ffffffff80000e71 RFL=00200246 [---Z-P-] CPL=0 II=0 A20=1 SMM=0 HLT=0
ES =0010 0000000000000000 ffffffff 008f9300 DPL=0 DS   [-WA]
CS =0008 0000000000000000 ffffffff 00af9a00 DPL=0 CS64 [-R-]
SS =0010 0000000000000000 ffffffff 008f9300 DPL=0 DS   [-WA]
DS =0010 0000000000000000 ffffffff 008f9300 DPL=0 DS   [-WA]
FS =0010 0000000000000000 ffffffff 008f9300 DPL=0 DS   [-WA]
GS =0010 0000000000000000 ffffffff 008f9300 DPL=0 DS   [-WA]
LDT=0000 0000000000000000 0000ffff 00008200 DPL=0 LDT
TR =0028 ffffffff8048b880 00000067 00008900 DPL=0 TSS64-avl
GDT=     ffffffff8048b900 00000037
IDT=     ffffffff8048b960 00000fff
CR0=80000011 CR2=0000000000000000 CR3=0000000000001000 CR4=00000020
DR0=0000000000000000 DR1=0000000000000000 DR2=0000000000000000 DR3=0000000000000000 
DR6=00000000ffff0ff0 DR7=0000000000000400
CCS=0000000000000044 CCD=0000000000110fb8 CCO=EFLAGS
EFER=0000000000000d00
Servicing hardware INT=0x20
    35: v=20 e=0000 i=0 cpl=0 IP=0008:ffffffff80000e71 pc=ffffffff80000e71 SP=0010:0000000000110fe0 env->regs[R_EAX]=0000000000000000
RAX=0000000000000000 RBX=000000000000001c RCX=00000000000003fd RDX=00000000000003f8
RSI=ffffffff80008780 RDI=000000000000000a RBP=00000000001001e8 RSP=0000000000110fe0
R8 =00000000000003f8 R9 =000000000027ff6e R10=0000000000040000 R11=0000000000000cf8
R12=0000000000000000 R13=0000000000000000 R14=0000000000000000 R15=0000000000000000
RIP=ffffffff80000e71 RFL=00200246 [---Z-P-] CPL=0 II=0 A20=1 SMM=0 HLT=0
ES =0010 0000000000000000 ffffffff 008f9300 DPL=0 DS   [-WA]
CS =0008 0000000000000000 ffffffff 00af9a00 DPL=0 CS64 [-R-]
SS =0010 0000000000000000 ffffffff 008f9300 DPL=0 DS   [-WA]
DS =0010 0000000000000000 ffffffff 008f9300 DPL=0 DS   [-WA]
FS =0010 0000000000000000 ffffffff 008f9300 DPL=0 DS   [-WA]
GS =0010 0000000000000000 ffffffff 008f9300 DPL=0 DS   [-WA]
LDT=0000 0000000000000000 0000ffff 00008200 DPL=0 LDT
TR =0028 ffffffff8048b880 00000067 00008900 DPL=0 TSS64-avl
GDT=     ffffffff8048b900 00000037
IDT=     ffffffff8048b960 00000fff
CR0=80000011 CR2=0000000000000000 CR3=0000000000001000 CR4=00000020
DR0=0000000000000000 DR1=0000000000000000 DR2=0000000000000000 DR3=0000000000000000 
DR6=00000000ffff0ff0 DR7=0000000000000400
CCS=0000000000000044 CCD=0000000000110fb8 CCO=EFLAGS
EFER=0000000000000d00
Servicing hardware INT=0x20
    36: v=20 e=0000 i=0 cpl=0 IP=0008:ffffffff80000e71 pc=ffffffff80000e71 SP=0010:0000000000110fe0 env->regs[R_EAX]=0000000000000000
RAX=0000000000000000 RBX=000000000000001c RCX=00000000000003fd RDX=00000000000003f8
RSI=ffffffff80008780 RDI=000000000000000a RBP=00000000001001e8 RSP=0000000000110fe0
R8 =00000000000003f8 R9 =000000000027ff6e R10=0000000000040000 R11=0000000000000cf8
R12=0000000000000000 R13=0000000000000000 R14=0000000000000000 R15=0000000000000000
RIP=ffffffff80000e71 RFL=00200246 [---Z-P-] CPL=0 II=0 A20=1 SMM=0 HLT=0
ES =0010 0000000000000000 ffffffff 008f9300 DPL=0 DS   [-WA]
CS =0008 0000000000000000 ffffffff 00af9a00 DPL=0 CS64 [-R-]
SS =0010 0000000000000000 ffffffff 008f9300 DPL=0 DS   [-WA]
DS =0010 0000000000000000 ffffffff 008f9300 DPL=0 DS   [-WA]
FS =0010 0000000000000000 ffffffff 008f9300 DPL=0 DS   [-WA]
GS =0010 0000000000000000 ffffffff 008f9300 DPL=0 DS   [-WA]
LDT=0000 0000000000000000 0000ffff 00008200 DPL=0 LDT
TR =0028 ffffffff8048b880 00000067 00008900 DPL=0 TSS64-avl
GDT=     ffffffff8048b900 00000037
IDT=     ffffffff8048b960 00000fff
CR0=80000011 CR2=0000000000000000 CR3=0000000000001000 CR4=00000020
DR0=0000000000000000 DR1=0000000000000000 DR2=0000000000000000 DR3=0000000000000000 
DR6=00000000ffff0ff0 DR7=0000000000000400
CCS=0000000000000044 CCD=0000000000110fb8 CCO=EFLAGS
EFER=0000000000000d00
Servicing hardware INT=0x20
    37: v=20 e=0000 i=0 cpl=0 IP=0008:ffffffff80000e71 pc=ffffffff80000e71 SP=0010:0000000000110fe0 env->regs[R_EAX]=0000000000000000
RAX=0000000000000000 RBX=000000000000001c RCX=00000000000003fd RDX=00000000000003f8
RSI=ffffffff80008780 RDI=000000000000000a RBP=00000000001001e8 RSP=0000000000110fe0
R8 =00000000000003f8 R9 =000000000027ff6e R10=0000000000040000 R11=0000000000000cf8
R12=0000000000000000 R13=0000000000000000 R14=0000000000000000 R15=0000000000000000
RIP=ffffffff80000e71 RFL=00200246 [---Z-P-] CPL=0 II=0 A20=1 SMM=0 HLT=0
ES =0010 0000000000000000 ffffffff 008f9300 DPL=0 DS   [-WA]
CS =0008 0000000000000000 ffffffff 00af9a00 DPL=0 CS64 [-R-]
SS =0010 0000000000000000 ffffffff 008f9300 DPL=0 DS   [-WA]
DS =0010 0000000000000000 ffffffff 008f9300 DPL=0 DS   [-WA]
FS =0010 0000000000000000 ffffffff 008f9300 DPL=0 DS   [-WA]
GS =0010 0000000000000000 ffffffff 008f9300 DPL=0 DS   [-WA]
LDT=0000 0000000000000000 0000ffff 00008200 DPL=0 LDT
TR =0028 ffffffff8048b880 00000067 00008900 DPL=0 TSS64-avl
GDT=     ffffffff8048b900 00000037
IDT=     ffffffff8048b960 00000fff
CR0=80000011 CR2=0000000000000000 CR3=0000000000001000 CR4=00000020
DR0=0000000000000000 DR1=0000000000000000 DR2=0000000000000000 DR3=0000000000000000 
DR6=00000000ffff0ff0 DR7=0000000000000400
CCS=0000000000000044 CCD=0000000000110fb8 CCO=EFLAGS
EFER=0000000000000d00
Servicing hardware INT=0x20
    38: v=20 e=0000 i=0 cpl=0 IP=0008:ffffffff80000e71 pc=ffffffff80000e71 SP=0010:0000000000110fe0 env->regs[R_EAX]=0000000000000000
RAX=0000000000000000 RBX=000000000000001c RCX=00000000000003fd RDX=00000000000003f8
RSI=ffffffff80008780 RDI=000000000000000a RBP=00000000001001e8 RSP=0000000000110fe0
R8 =00000000000003f8 R9 =000000000027ff6e R10=0000000000040000 R11=0000000000000cf8
R12=0000000000000000 R13=0000000000000000 R14=0000000000000000 R15=0000000000000000
RIP=ffffffff80000e71 RFL=00200246 [---Z-P-] CPL=0 II=0 A20=1 SMM=0 HLT=0
ES =0010 0000000000000000 ffffffff 008f9300 DPL=0 DS   [-WA]
CS =0008 0000000000000000 ffffffff 00af9a00 DPL=0 CS64 [-R-]
SS =0010 0000000000000000 ffffffff 008f9300 DPL=0 DS   [-WA]
DS =0010 0000000000000000 ffffffff 008f9300 DPL=0 DS   [-WA]
FS =0010 0000000000000000 ffffffff 008f9300 DPL=0 DS   [-WA]
GS =0010 0000000000000000 ffffffff 008f9300 DPL=0 DS   [-WA]
LDT=0000 0000000000000000 0000ffff 00008200 DPL=0 LDT
TR =0028 ffffffff8048b880 00000067 00008900 DPL=0 TSS64-avl
GDT=     ffffffff8048b900 00000037
IDT=     ffffffff8048b960 00000fff
CR0=80000011 CR2=0000000000000000 CR3=0000000000001000 CR4=00000020
DR0=0000000000000000 DR1=0000000000000000 DR2=0000000000000000 DR3=0000000000000000 
DR6=00000000ffff0ff0 DR7=0000000000000400
CCS=0000000000000044 CCD=0000000000110fb8 CCO=EFLAGS
EFER=0000000000000d00
Servicing hardware INT=0x20
    39: v=20 e=0000 i=0 cpl=0 IP=0008:ffffffff80000e71 pc=ffffffff80000e71 SP=0010:0000000000110fe0 env->regs[R_EAX]=0000000000000000
RAX=0000000000000000 RBX=000000000000001c RCX=00000000000003fd RDX=00000000000003f8
RSI=ffffffff80008780 RDI=000000000000000a RBP=00000000001001e8 RSP=0000000000110fe0
R8 =00000000000003f8 R9 =000000000027ff6e R10=0000000000040000 R11=0000000000000cf8
R12=0000000000000000 R13=0000000000000000 R14=0000000000000000 R15=0000000000000000
RIP=ffffffff80000e71 RFL=00200246 [---Z-P-] CPL=0 II=0 A20=1 SMM=0 HLT=0
ES =0010 0000000000000000 ffffffff 008f9300 DPL=0 DS   [-WA]
CS =0008 0000000000000000 ffffffff 00af9a00 DPL=0 CS64 [-R-]
SS =0010 0000000000000000 ffffffff 008f9300 DPL=0 DS   [-WA]
DS =0010 0000000000000000 ffffffff 008f9300 DPL=0 DS   [-WA]
FS =0010 0000000000000000 ffffffff 008f9300 DPL=0 DS   [-WA]
GS =0010 0000000000000000 ffffffff 008f9300 DPL=0 DS   [-WA]
LDT=0000 0000000000000000 0000ffff 00008200 DPL=0 LDT
TR =0028 ffffffff8048b880 00000067 00008900 DPL=0 TSS64-avl
GDT=     ffffffff8048b900 00000037
IDT=     ffffffff8048b960 00000fff
CR0=80000011 CR2=0000000000000000 CR3=0000000000001000 CR4=00000020
DR0=0000000000000000 DR1=0000000000000000 DR2=0000000000000000 DR3=0000000000000000 
DR6=00000000ffff0ff0 DR7=0000000000000400
CCS=0000000000000044 CCD=0000000000110fb8 CCO=EFLAGS
EFER=0000000000000d00
Servicing hardware INT=0x20
    40: v=20 e=0000 i=0 cpl=0 IP=0008:ffffffff80000e71 pc=ffffffff80000e71 SP=0010:0000000000110fe0 env->regs[R_EAX]=0000000000000000
RAX=0000000000000000 RBX=000000000000001c RCX=00000000000003fd RDX=00000000000003f8
RSI=ffffffff80008780 RDI=000000000000000a RBP=00000000001001e8 RSP=0000000000110fe0
R8 =00000000000003f8 R9 =000000000027ff6e R10=0000000000040000 R11=0000000000000cf8
R12=0000000000000000 R13=0000000000000000 R14=0000000000000000 R15=0000000000000000
RIP=ffffffff80000e71 RFL=00200246 [---Z-P-] CPL=0 II=0 A20=1 SMM=0 HLT=0
ES =0010 0000000000000000 ffffffff 008f9300 DPL=0 DS   [-WA]
CS =0008 0000000000000000 ffffffff 00af9a00 DPL=0 CS64 [-R-]
SS =0010 0000000000000000 ffffffff 008f9300 DPL=0 DS   [-WA]
DS =0010 0000000000000000 ffffffff 008f9300 DPL=0 DS   [-WA]
FS =0010 0000000000000000 ffffffff 008f9300 DPL=0 DS   [-WA]
GS =0010 0000000000000000 ffffffff 008f9300 DPL=0 DS   [-WA]
LDT=0000 0000000000000000 0000ffff 00008200 DPL=0 LDT
TR =0028 ffffffff8048b880 00000067 00008900 DPL=0 TSS64-avl
GDT=     ffffffff8048b900 00000037
IDT=     ffffffff8048b960 00000fff
CR0=80000011 CR2=0000000000000000 CR3=0000000000001000 CR4=00000020
DR0=0000000000000000 DR1=0000000000000000 DR2=0000000000000000 DR3=0000000000000000 
DR6=00000000ffff0ff0 DR7=0000000000000400
CCS=0000000000000044 CCD=0000000000110fb8 CCO=EFLAGS
EFER=0000000000000d00
Servicing hardware INT=0x20
    41: v=20 e=0000 i=0 cpl=0 IP=0008:ffffffff80000e71 pc=ffffffff80000e71 SP=0010:0000000000110fe0 env->regs[R_EAX]=0000000000000000
RAX=0000000000000000 RBX=000000000000001c RCX=00000000000003fd RDX=00000000000003f8
RSI=ffffffff80008780 RDI=000000000000000a RBP=00000000001001e8 RSP=0000000000110fe0
R8 =00000000000003f8 R9 =000000000027ff6e R10=0000000000040000 R11=0000000000000cf8
R12=0000000000000000 R13=0000000000000000 R14=0000000000000000 R15=0000000000000000
RIP=ffffffff80000e71 RFL=00200246 [---Z-P-] CPL=0 II=0 A20=1 SMM=0 HLT=0
ES =0010 0000000000000000 ffffffff 008f9300 DPL=0 DS   [-WA]
CS =0008 0000000000000000 ffffffff 00af9a00 DPL=0 CS64 [-R-]
SS =0010 0000000000000000 ffffffff 008f9300 DPL=0 DS   [-WA]
DS =0010 0000000000000000 ffffffff 008f9300 DPL=0 DS   [-WA]
FS =0010 0000000000000000 ffffffff 008f9300 DPL=0 DS   [-WA]
GS =0010 0000000000000000 ffffffff 008f9300 DPL=0 DS   [-WA]
LDT=0000 0000000000000000 0000ffff 00008200 DPL=0 LDT
TR =0028 ffffffff8048b880 00000067 00008900 DPL=0 TSS64-avl
GDT=     ffffffff8048b900 00000037
IDT=     ffffffff8048b960 00000fff
CR0=80000011 CR2=0000000000000000 CR3=0000000000001000 CR4=00000020
DR0=0000000000000000 DR1=0000000000000000 DR2=0000000000000000 DR3=0000000000000000 
DR6=00000000ffff0ff0 DR7=0000000000000400
CCS=0000000000000044 CCD=0000000000110fb8 CCO=EFLAGS
EFER=0000000000000d00
Servicing hardware INT=0x20
    42: v=20 e=0000 i=0 cpl=0 IP=0008:ffffffff80000e71 pc=ffffffff80000e71 SP=0010:0000000000110fe0 env->regs[R_EAX]=0000000000000000
RAX=0000000000000000 RBX=000000000000001c RCX=00000000000003fd RDX=00000000000003f8
RSI=ffffffff80008780 RDI=000000000000000a RBP=00000000001001e8 RSP=0000000000110fe0
R8 =00000000000003f8 R9 =000000000027ff6e R10=0000000000040000 R11=0000000000000cf8
R12=0000000000000000 R13=0000000000000000 R14=0000000000000000 R15=0000000000000000
RIP=ffffffff80000e71 RFL=00200246 [---Z-P-] CPL=0 II=0 A20=1 SMM=0 HLT=0
ES =0010 0000000000000000 ffffffff 008f9300 DPL=0 DS   [-WA]
CS =0008 0000000000000000 ffffffff 00af9a00 DPL=0 CS64 [-R-]
SS =0010 0000000000000000 ffffffff 008f9300 DPL=0 DS   [-WA]
DS =0010 0000000000000000 ffffffff 008f9300 DPL=0 DS   [-WA]
FS =0010 0000000000000000 ffffffff 008f9300 DPL=0 DS   [-WA]
GS =0010 0000000000000000 ffffffff 008f9300 DPL=0 DS   [-WA]
LDT=0000 0000000000000000 0000ffff 00008200 DPL=0 LDT
TR =0028 ffffffff8048b880 00000067 00008900 DPL=0 TSS64-avl
GDT=     ffffffff8048b900 00000037
IDT=     ffffffff8048b960 00000fff
CR0=80000011 CR2=0000000000000000 CR3=0000000000001000 CR4=00000020
DR0=0000000000000000 DR1=0000000000000000 DR2=0000000000000000 DR3=0000000000000000 
DR6=00000000ffff0ff0 DR7=0000000000000400
CCS=0000000000000044 CCD=0000000000110fb8 CCO=EFLAGS
EFER=0000000000000d00
Servicing hardware INT=0x20
    43: v=20 e=0000 i=0 cpl=0 IP=0008:ffffffff80000e71 pc=ffffffff80000e71 SP=0010:0000000000110fe0 env->regs[R_EAX]=0000000000000000
RAX=0000000000000000 RBX=000000000000001c RCX=00000000000003fd RDX=00000000000003f8
RSI=ffffffff80008780 RDI=000000000000000a RBP=00000000001001e8 RSP=0000000000110fe0
R8 =00000000000003f8 R9 =000000000027ff6e R10=0000000000040000 R11=0000000000000cf8
R12=0000000000000000 R13=0000000000000000 R14=0000000000000000 R15=0000000000000000
RIP=ffffffff80000e71 RFL=00200246 [---Z-P-] CPL=0 II=0 A20=1 SMM=0 HLT=0
ES =0010 0000000000000000 ffffffff 008f9300 DPL=0 DS   [-WA]
CS =0008 0000000000000000 ffffffff 00af9a00 DPL=0 CS64 [-R-]
SS =0010 0000000000000000 ffffffff 008f9300 DPL=0 DS   [-WA]
DS =0010 0000000000000000 ffffffff 008f9300 DPL=0 DS   [-WA]
FS =0010 0000000000000000 ffffffff 008f9300 DPL=0 DS   [-WA]
GS =0010 0000000000000000 ffffffff 008f9300 DPL=0 DS   [-WA]
LDT=0000 0000000000000000 0000ffff 00008200 DPL=0 LDT
TR =0028 ffffffff8048b880 00000067 00008900 DPL=0 TSS64-avl
GDT=     ffffffff8048b900 00000037
IDT=     ffffffff8048b960 00000fff
CR0=80000011 CR2=0000000000000000 CR3=0000000000001000 CR4=00000020
DR0=0000000000000000 DR1=0000000000000000 DR2=0000000000000000 DR3=0000000000000000 
DR6=00000000ffff0ff0 DR7=0000000000000400
CCS=0000000000000044 CCD=0000000000110fb8 CCO=EFLAGS
EFER=0000000000000d00
Servicing hardware INT=0x20
    44: v=20 e=0000 i=0 cpl=0 IP=0008:ffffffff80000e71 pc=ffffffff80000e71 SP=0010:0000000000110fe0 env->regs[R_EAX]=0000000000000000
RAX=0000000000000000 RBX=000000000000001c RCX=00000000000003fd RDX=00000000000003f8
RSI=ffffffff80008780 RDI=000000000000000a RBP=00000000001001e8 RSP=0000000000110fe0
R8 =00000000000003f8 R9 =000000000027ff6e R10=0000000000040000 R11=0000000000000cf8
R12=0000000000000000 R13=0000000000000000 R14=0000000000000000 R15=0000000000000000
RIP=ffffffff80000e71 RFL=00200246 [---Z-P-] CPL=0 II=0 A20=1 SMM=0 HLT=0
ES =0010 0000000000000000 ffffffff 008f9300 DPL=0 DS   [-WA]
CS =0008 0000000000000000 ffffffff 00af9a00 DPL=0 CS64 [-R-]
SS =0010 0000000000000000 ffffffff 008f9300 DPL=0 DS   [-WA]
DS =0010 0000000000000000 ffffffff 008f9300 DPL=0 DS   [-WA]
FS =0010 0000000000000000 ffffffff 008f9300 DPL=0 DS   [-WA]
GS =0010 0000000000000000 ffffffff 008f9300 DPL=0 DS   [-WA]
LDT=0000 0000000000000000 0000ffff 00008200 DPL=0 LDT
TR =0028 ffffffff8048b880 00000067 00008900 DPL=0 TSS64-avl
GDT=     ffffffff8048b900 00000037
IDT=     ffffffff8048b960 00000fff
CR0=80000011 CR2=0000000000000000 CR3=0000000000001000 CR4=00000020
DR0=0000000000000000 DR1=0000000000000000 DR2=0000000000000000 DR3=0000000000000000 
DR6=00000000ffff0ff0 DR7=0000000000000400
CCS=0000000000000044 CCD=0000000000110fb8 CCO=EFLAGS
EFER=0000000000000d00
Servicing hardware INT=0x20
    45: v=20 e=0000 i=0 cpl=0 IP=0008:ffffffff80000e71 pc=ffffffff80000e71 SP=0010:0000000000110fe0 env->regs[R_EAX]=0000000000000000
RAX=0000000000000000 RBX=000000000000001c RCX=00000000000003fd RDX=00000000000003f8
RSI=ffffffff80008780 RDI=000000000000000a RBP=00000000001001e8 RSP=0000000000110fe0
R8 =00000000000003f8 R9 =000000000027ff6e R10=0000000000040000 R11=0000000000000cf8
R12=0000000000000000 R13=0000000000000000 R14=0000000000000000 R15=0000000000000000
RIP=ffffffff80000e71 RFL=00200246 [---Z-P-] CPL=0 II=0 A20=1 SMM=0 HLT=0
ES =0010 0000000000000000 ffffffff 008f9300 DPL=0 DS   [-WA]
CS =0008 0000000000000000 ffffffff 00af9a00 DPL=0 CS64 [-R-]
SS =0010 0000000000000000 ffffffff 008f9300 DPL=0 DS   [-WA]
DS =0010 0000000000000000 ffffffff 008f9300 DPL=0 DS   [-WA]
FS =0010 0000000000000000 ffffffff 008f9300 DPL=0 DS   [-WA]
GS =0010 0000000000000000 ffffffff 008f9300 DPL=0 DS   [-WA]
LDT=0000 0000000000000000 0000ffff 00008200 DPL=0 LDT
TR =0028 ffffffff8048b880 00000067 00008900 DPL=0 TSS64-avl
GDT=     ffffffff8048b900 00000037
IDT=     ffffffff8048b960 00000fff
CR0=80000011 CR2=0000000000000000 CR3=0000000000001000 CR4=00000020
DR0=0000000000000000 DR1=0000000000000000 DR2=0000000000000000 DR3=0000000000000000 
DR6=00000000ffff0ff0 DR7=0000000000000400
CCS=0000000000000044 CCD=0000000000110fb8 CCO=EFLAGS
EFER=0000000000000d00
Servicing hardware INT=0x20
    46: v=20 e=0000 i=0 cpl=0 IP=0008:ffffffff80000e71 pc=ffffffff80000e71 SP=0010:0000000000110fe0 env->regs[R_EAX]=0000000000000000
RAX=0000000000000000 RBX=000000000000001c RCX=00000000000003fd RDX=00000000000003f8
RSI=ffffffff80008780 RDI=000000000000000a RBP=00000000001001e8 RSP=0000000000110fe0
R8 =00000000000003f8 R9 =000000000027ff6e R10=0000000000040000 R11=0000000000000cf8
R12=0000000000000000 R13=0000000000000000 R14=0000000000000000 R15=0000000000000000
RIP=ffffffff80000e71 RFL=00200246 [---Z-P-] CPL=0 II=0 A20=1 SMM=0 HLT=0
ES =0010 0000000000000000 ffffffff 008f9300 DPL=0 DS   [-WA]
CS =0008 0000000000000000 ffffffff 00af9a00 DPL=0 CS64 [-R-]
SS =0010 0000000000000000 ffffffff 008f9300 DPL=0 DS   [-WA]
DS =0010 0000000000000000 ffffffff 008f9300 DPL=0 DS   [-WA]
FS =0010 0000000000000000 ffffffff 008f9300 DPL=0 DS   [-WA]
GS =0010 0000000000000000 ffffffff 008f9300 DPL=0 DS   [-WA]
LDT=0000 0000000000000000 0000ffff 00008200 DPL=0 LDT
TR =0028 ffffffff8048b880 00000067 00008900 DPL=0 TSS64-avl
GDT=     ffffffff8048b900 00000037
IDT=     ffffffff8048b960 00000fff
CR0=80000011 CR2=0000000000000000 CR3=0000000000001000 CR4=00000020
DR0=0000000000000000 DR1=0000000000000000 DR2=0000000000000000 DR3=0000000000000000 
DR6=00000000ffff0ff0 DR7=0000000000000400
CCS=0000000000000044 CCD=0000000000110fb8 CCO=EFLAGS
EFER=0000000000000d00
Servicing hardware INT=0x20
    47: v=20 e=0000 i=0 cpl=0 IP=0008:ffffffff80000e71 pc=ffffffff80000e71 SP=0010:0000000000110fe0 env->regs[R_EAX]=0000000000000000
RAX=0000000000000000 RBX=000000000000001c RCX=00000000000003fd RDX=00000000000003f8
RSI=ffffffff80008780 RDI=000000000000000a RBP=00000000001001e8 RSP=0000000000110fe0
R8 =00000000000003f8 R9 =000000000027ff6e R10=0000000000040000 R11=0000000000000cf8
R12=0000000000000000 R13=0000000000000000 R14=0000000000000000 R15=0000000000000000
RIP=ffffffff80000e71 RFL=00200246 [---Z-P-] CPL=0 II=0 A20=1 SMM=0 HLT=0
ES =0010 0000000000000000 ffffffff 008f9300 DPL=0 DS   [-WA]
CS =0008 0000000000000000 ffffffff 00af9a00 DPL=0 CS64 [-R-]
SS =0010 0000000000000000 ffffffff 008f9300 DPL=0 DS   [-WA]
DS =0010 0000000000000000 ffffffff 008f9300 DPL=0 DS   [-WA]
FS =0010 0000000000000000 ffffffff 008f9300 DPL=0 DS   [-WA]
GS =0010 0000000000000000 ffffffff 008f9300 DPL=0 DS   [-WA]
LDT=0000 0000000000000000 0000ffff 00008200 DPL=0 LDT
TR =0028 ffffffff8048b880 00000067 00008900 DPL=0 TSS64-avl
GDT=     ffffffff8048b900 00000037
IDT=     ffffffff8048b960 00000fff
CR0=80000011 CR2=0000000000000000 CR3=0000000000001000 CR4=00000020
DR0=0000000000000000 DR1=0000000000000000 DR2=0000000000000000 DR3=0000000000000000 
DR6=00000000ffff0ff0 DR7=0000000000000400
CCS=0000000000000044 CCD=0000000000110fb8 CCO=EFLAGS
EFER=0000000000000d00
Servicing hardware INT=0x20
    48: v=20 e=0000 i=0 cpl=0 IP=0008:ffffffff80000e71 pc=ffffffff80000e71 SP=0010:0000000000110fe0 env->regs[R_EAX]=0000000000000000
RAX=0000000000000000 RBX=000000000000001c RCX=00000000000003fd RDX=00000000000003f8
RSI=ffffffff80008780 RDI=000000000000000a RBP=00000000001001e8 RSP=0000000000110fe0
R8 =00000000000003f8 R9 =000000000027ff6e R10=0000000000040000 R11=0000000000000cf8
R12=0000000000000000 R13=0000000000000000 R14=0000000000000000 R15=0000000000000000
RIP=ffffffff80000e71 RFL=00200246 [---Z-P-] CPL=0 II=0 A20=1 SMM=0 HLT=0
ES =0010 0000000000000000 ffffffff 008f9300 DPL=0 DS   [-WA]
CS =0008 0000000000000000 ffffffff 00af9a00 DPL=0 CS64 [-R-]
SS =0010 0000000000000000 ffffffff 008f9300 DPL=0 DS   [-WA]
DS =0010 0000000000000000 ffffffff 008f9300 DPL=0 DS   [-WA]
FS =0010 0000000000000000 ffffffff 008f9300 DPL=0 DS   [-WA]
GS =0010 0000000000000000 ffffffff 008f9300 DPL=0 DS   [-WA]
LDT=0000 0000000000000000 0000ffff 00008200 DPL=0 LDT
TR =0028 ffffffff8048b880 00000067 00008900 DPL=0 TSS64-avl
GDT=     ffffffff8048b900 00000037
IDT=     ffffffff8048b960 00000fff
CR0=80000011 CR2=0000000000000000 CR3=0000000000001000 CR4=00000020
DR0=0000000000000000 DR1=0000000000000000 DR2=0000000000000000 DR3=0000000000000000 
DR6=00000000ffff0ff0 DR7=0000000000000400
CCS=0000000000000044 CCD=0000000000110fb8 CCO=EFLAGS
EFER=0000000000000d00
Servicing hardware INT=0x20
    49: v=20 e=0000 i=0 cpl=0 IP=0008:ffffffff80000e71 pc=ffffffff80000e71 SP=0010:0000000000110fe0 env->regs[R_EAX]=0000000000000000
RAX=0000000000000000 RBX=000000000000001c RCX=00000000000003fd RDX=00000000000003f8
RSI=ffffffff80008780 RDI=000000000000000a RBP=00000000001001e8 RSP=0000000000110fe0
R8 =00000000000003f8 R9 =000000000027ff6e R10=0000000000040000 R11=0000000000000cf8
R12=0000000000000000 R13=0000000000000000 R14=0000000000000000 R15=0000000000000000
RIP=ffffffff80000e71 RFL=00200246 [---Z-P-] CPL=0 II=0 A20=1 SMM=0 HLT=0
ES =0010 0000000000000000 ffffffff 008f9300 DPL=0 DS   [-WA]
CS =0008 0000000000000000 ffffffff 00af9a00 DPL=0 CS64 [-R-]
SS =0010 0000000000000000 ffffffff 008f9300 DPL=0 DS   [-WA]
DS =0010 0000000000000000 ffffffff 008f9300 DPL=0 DS   [-WA]
FS =0010 0000000000000000 ffffffff 008f9300 DPL=0 DS   [-WA]
GS =0010 0000000000000000 ffffffff 008f9300 DPL=0 DS   [-WA]
LDT=0000 0000000000000000 0000ffff 00008200 DPL=0 LDT
TR =0028 ffffffff8048b880 00000067 00008900 DPL=0 TSS64-avl
GDT=     ffffffff8048b900 00000037
IDT=     ffffffff8048b960 00000fff
CR0=80000011 CR2=0000000000000000 CR3=0000000000001000 CR4=00000020
DR0=0000000000000000 DR1=0000000000000000 DR2=0000000000000000 DR3=0000000000000000 
DR6=00000000ffff0ff0 DR7=0000000000000400
CCS=0000000000000044 CCD=0000000000110fb8 CCO=EFLAGS
EFER=0000000000000d00
Servicing hardware INT=0x20
    50: v=20 e=0000 i=0 cpl=0 IP=0008:ffffffff80000e71 pc=ffffffff80000e71 SP=0010:0000000000110fe0 env->regs[R_EAX]=0000000000000000
RAX=0000000000000000 RBX=000000000000001c RCX=00000000000003fd RDX=00000000000003f8
RSI=ffffffff80008780 RDI=000000000000000a RBP=00000000001001e8 RSP=0000000000110fe0
R8 =00000000000003f8 R9 =000000000027ff6e R10=0000000000040000 R11=0000000000000cf8
R12=0000000000000000 R13=0000000000000000 R14=0000000000000000 R15=0000000000000000
RIP=ffffffff80000e71 RFL=00200246 [---Z-P-] CPL=0 II=0 A20=1 SMM=0 HLT=0
ES =0010 0000000000000000 ffffffff 008f9300 DPL=0 DS   [-WA]
CS =0008 0000000000000000 ffffffff 00af9a00 DPL=0 CS64 [-R-]
SS =0010 0000000000000000 ffffffff 008f9300 DPL=0 DS   [-WA]
DS =0010 0000000000000000 ffffffff 008f9300 DPL=0 DS   [-WA]
FS =0010 0000000000000000 ffffffff 008f9300 DPL=0 DS   [-WA]
GS =0010 0000000000000000 ffffffff 008f9300 DPL=0 DS   [-WA]
LDT=0000 0000000000000000 0000ffff 00008200 DPL=0 LDT
TR =0028 ffffffff8048b880 00000067 00008900 DPL=0 TSS64-avl
GDT=     ffffffff8048b900 00000037
IDT=     ffffffff8048b960 00000fff
CR0=80000011 CR2=0000000000000000 CR3=0000000000001000 CR4=00000020
DR0=0000000000000000 DR1=0000000000000000 DR2=0000000000000000 DR3=0000000000000000 
DR6=00000000ffff0ff0 DR7=0000000000000400
CCS=0000000000000044 CCD=0000000000110fb8 CCO=EFLAGS
EFER=0000000000000d00
Servicing hardware INT=0x20
    51: v=20 e=0000 i=0 cpl=0 IP=0008:ffffffff80000e71 pc=ffffffff80000e71 SP=0010:0000000000110fe0 env->regs[R_EAX]=0000000000000000
RAX=0000000000000000 RBX=000000000000001c RCX=00000000000003fd RDX=00000000000003f8
RSI=ffffffff80008780 RDI=000000000000000a RBP=00000000001001e8 RSP=0000000000110fe0
R8 =00000000000003f8 R9 =000000000027ff6e R10=0000000000040000 R11=0000000000000cf8
R12=0000000000000000 R13=0000000000000000 R14=0000000000000000 R15=0000000000000000
RIP=ffffffff80000e71 RFL=00200246 [---Z-P-] CPL=0 II=0 A20=1 SMM=0 HLT=0
ES =0010 0000000000000000 ffffffff 008f9300 DPL=0 DS   [-WA]
CS =0008 0000000000000000 ffffffff 00af9a00 DPL=0 CS64 [-R-]
SS =0010 0000000000000000 ffffffff 008f9300 DPL=0 DS   [-WA]
DS =0010 0000000000000000 ffffffff 008f9300 DPL=0 DS   [-WA]
FS =0010 0000000000000000 ffffffff 008f9300 DPL=0 DS   [-WA]
GS =0010 0000000000000000 ffffffff 008f9300 DPL=0 DS   [-WA]
LDT=0000 0000000000000000 0000ffff 00008200 DPL=0 LDT
TR =0028 ffffffff8048b880 00000067 00008900 DPL=0 TSS64-avl
GDT=     ffffffff8048b900 00000037
IDT=     ffffffff8048b960 00000fff
CR0=80000011 CR2=0000000000000000 CR3=0000000000001000 CR4=00000020
DR0=0000000000000000 DR1=0000000000000000 DR2=0000000000000000 DR3=0000000000000000 
DR6=00000000ffff0ff0 DR7=0000000000000400
CCS=0000000000000044 CCD=0000000000110fb8 CCO=EFLAGS
EFER=0000000000000d00
Servicing hardware INT=0x20
    52: v=20 e=0000 i=0 cpl=0 IP=0008:ffffffff80000e71 pc=ffffffff80000e71 SP=0010:0000000000110fe0 env->regs[R_EAX]=0000000000000000
RAX=0000000000000000 RBX=000000000000001c RCX=00000000000003fd RDX=00000000000003f8
RSI=ffffffff80008780 RDI=000000000000000a RBP=00000000001001e8 RSP=0000000000110fe0
R8 =00000000000003f8 R9 =000000000027ff6e R10=0000000000040000 R11=0000000000000cf8
R12=0000000000000000 R13=0000000000000000 R14=0000000000000000 R15=0000000000000000
RIP=ffffffff80000e71 RFL=00200246 [---Z-P-] CPL=0 II=0 A20=1 SMM=0 HLT=0
ES =0010 0000000000000000 ffffffff 008f9300 DPL=0 DS   [-WA]
CS =0008 0000000000000000 ffffffff 00af9a00 DPL=0 CS64 [-R-]
SS =0010 0000000000000000 ffffffff 008f9300 DPL=0 DS   [-WA]
DS =0010 0000000000000000 ffffffff 008f9300 DPL=0 DS   [-WA]
FS =0010 0000000000000000 ffffffff 008f9300 DPL=0 DS   [-WA]
GS =0010 0000000000000000 ffffffff 008f9300 DPL=0 DS   [-WA]
LDT=0000 0000000000000000 0000ffff 00008200 DPL=0 LDT
TR =0028 ffffffff8048b880 00000067 00008900 DPL=0 TSS64-avl
GDT=     ffffffff8048b900 00000037
IDT=     ffffffff8048b960 00000fff
CR0=80000011 CR2=0000000000000000 CR3=0000000000001000 CR4=00000020
DR0=0000000000000000 DR1=0000000000000000 DR2=0000000000000000 DR3=0000000000000000 
DR6=00000000ffff0ff0 DR7=0000000000000400
CCS=0000000000000044 CCD=0000000000110fb8 CCO=EFLAGS
EFER=0000000000000d00
Servicing hardware INT=0x20
    53: v=20 e=0000 i=0 cpl=0 IP=0008:ffffffff80000e71 pc=ffffffff80000e71 SP=0010:0000000000110fe0 env->regs[R_EAX]=0000000000000000
RAX=0000000000000000 RBX=000000000000001c RCX=00000000000003fd RDX=00000000000003f8
RSI=ffffffff80008780 RDI=000000000000000a RBP=00000000001001e8 RSP=0000000000110fe0
R8 =00000000000003f8 R9 =000000000027ff6e R10=0000000000040000 R11=0000000000000cf8
R12=0000000000000000 R13=0000000000000000 R14=0000000000000000 R15=0000000000000000
RIP=ffffffff80000e71 RFL=00200246 [---Z-P-] CPL=0 II=0 A20=1 SMM=0 HLT=0
ES =0010 0000000000000000 ffffffff 008f9300 DPL=0 DS   [-WA]
CS =0008 0000000000000000 ffffffff 00af9a00 DPL=0 CS64 [-R-]
SS =0010 0000000000000000 ffffffff 008f9300 DPL=0 DS   [-WA]
DS =0010 0000000000000000 ffffffff 008f9300 DPL=0 DS   [-WA]
FS =0010 0000000000000000 ffffffff 008f9300 DPL=0 DS   [-WA]
GS =0010 0000000000000000 ffffffff 008f9300 DPL=0 DS   [-WA]
LDT=0000 0000000000000000 0000ffff 00008200 DPL=0 LDT
TR =0028 ffffffff8048b880 00000067 00008900 DPL=0 TSS64-avl
GDT=     ffffffff8048b900 00000037
IDT=     ffffffff8048b960 00000fff
CR0=80000011 CR2=0000000000000000 CR3=0000000000001000 CR4=00000020
DR0=0000000000000000 DR1=0000000000000000 DR2=0000000000000000 DR3=0000000000000000 
DR6=00000000ffff0ff0 DR7=0000000000000400
CCS=0000000000000044 CCD=0000000000110fb8 CCO=EFLAGS
EFER=0000000000000d00
Servicing hardware INT=0x20
    54: v=20 e=0000 i=0 cpl=0 IP=0008:ffffffff80000e71 pc=ffffffff80000e71 SP=0010:0000000000110fe0 env->regs[R_EAX]=0000000000000000
RAX=0000000000000000 RBX=000000000000001c RCX=00000000000003fd RDX=00000000000003f8
RSI=ffffffff80008780 RDI=000000000000000a RBP=00000000001001e8 RSP=0000000000110fe0
R8 =00000000000003f8 R9 =000000000027ff6e R10=0000000000040000 R11=0000000000000cf8
R12=0000000000000000 R13=0000000000000000 R14=0000000000000000 R15=0000000000000000
RIP=ffffffff80000e71 RFL=00200246 [---Z-P-] CPL=0 II=0 A20=1 SMM=0 HLT=0
ES =0010 0000000000000000 ffffffff 008f9300 DPL=0 DS   [-WA]
CS =0008 0000000000000000 ffffffff 00af9a00 DPL=0 CS64 [-R-]
SS =0010 0000000000000000 ffffffff 008f9300 DPL=0 DS   [-WA]
DS =0010 0000000000000000 ffffffff 008f9300 DPL=0 DS   [-WA]
FS =0010 0000000000000000 ffffffff 008f9300 DPL=0 DS   [-WA]
GS =0010 0000000000000000 ffffffff 008f9300 DPL=0 DS   [-WA]
LDT=0000 0000000000000000 0000ffff 00008200 DPL=0 LDT
TR =0028 ffffffff8048b880 00000067 00008900 DPL=0 TSS64-avl
GDT=     ffffffff8048b900 00000037
IDT=     ffffffff8048b960 00000fff
CR0=80000011 CR2=0000000000000000 CR3=0000000000001000 CR4=00000020
DR0=0000000000000000 DR1=0000000000000000 DR2=0000000000000000 DR3=0000000000000000 
DR6=00000000ffff0ff0 DR7=0000000000000400
CCS=0000000000000044 CCD=0000000000110fb8 CCO=EFLAGS
EFER=0000000000000d00
Servicing hardware INT=0x20
    55: v=20 e=0000 i=0 cpl=0 IP=0008:ffffffff80000e71 pc=ffffffff80000e71 SP=0010:0000000000110fe0 env->regs[R_EAX]=0000000000000000
RAX=0000000000000000 RBX=000000000000001c RCX=00000000000003fd RDX=00000000000003f8
RSI=ffffffff80008780 RDI=000000000000000a RBP=00000000001001e8 RSP=0000000000110fe0
R8 =00000000000003f8 R9 =000000000027ff6e R10=0000000000040000 R11=0000000000000cf8
R12=0000000000000000 R13=0000000000000000 R14=0000000000000000 R15=0000000000000000
RIP=ffffffff80000e71 RFL=00200246 [---Z-P-] CPL=0 II=0 A20=1 SMM=0 HLT=0
ES =0010 0000000000000000 ffffffff 008f9300 DPL=0 DS   [-WA]
CS =0008 0000000000000000 ffffffff 00af9a00 DPL=0 CS64 [-R-]
SS =0010 0000000000000000 ffffffff 008f9300 DPL=0 DS   [-WA]
DS =0010 0000000000000000 ffffffff 008f9300 DPL=0 DS   [-WA]
FS =0010 0000000000000000 ffffffff 008f9300 DPL=0 DS   [-WA]
GS =0010 0000000000000000 ffffffff 008f9300 DPL=0 DS   [-WA]
LDT=0000 0000000000000000 0000ffff 00008200 DPL=0 LDT
TR =0028 ffffffff8048b880 00000067 00008900 DPL=0 TSS64-avl
GDT=     ffffffff8048b900 00000037
IDT=     ffffffff8048b960 00000fff
CR0=80000011 CR2=0000000000000000 CR3=0000000000001000 CR4=00000020
DR0=0000000000000000 DR1=0000000000000000 DR2=0000000000000000 DR3=0000000000000000 
DR6=00000000ffff0ff0 DR7=0000000000000400
CCS=0000000000000044 CCD=0000000000110fb8 CCO=EFLAGS
EFER=0000000000000d00
Servicing hardware INT=0x20
    56: v=20 e=0000 i=0 cpl=0 IP=0008:ffffffff80000e71 pc=ffffffff80000e71 SP=0010:0000000000110fe0 env->regs[R_EAX]=0000000000000000
RAX=0000000000000000 RBX=000000000000001c RCX=00000000000003fd RDX=00000000000003f8
RSI=ffffffff80008780 RDI=000000000000000a RBP=00000000001001e8 RSP=0000000000110fe0
R8 =00000000000003f8 R9 =000000000027ff6e R10=0000000000040000 R11=0000000000000cf8
R12=0000000000000000 R13=0000000000000000 R14=0000000000000000 R15=0000000000000000
RIP=ffffffff80000e71 RFL=00200246 [---Z-P-] CPL=0 II=0 A20=1 SMM=0 HLT=0
ES =0010 0000000000000000 ffffffff 008f9300 DPL=0 DS   [-WA]
CS =0008 0000000000000000 ffffffff 00af9a00 DPL=0 CS64 [-R-]
SS =0010 0000000000000000 ffffffff 008f9300 DPL=0 DS   [-WA]
DS =0010 0000000000000000 ffffffff 008f9300 DPL=0 DS   [-WA]
FS =0010 0000000000000000 ffffffff 008f9300 DPL=0 DS   [-WA]
GS =0010 0000000000000000 ffffffff 008f9300 DPL=0 DS   [-WA]
LDT=0000 0000000000000000 0000ffff 00008200 DPL=0 LDT
TR =0028 ffffffff8048b880 00000067 00008900 DPL=0 TSS64-avl
GDT=     ffffffff8048b900 00000037
IDT=     ffffffff8048b960 00000fff
CR0=80000011 CR2=0000000000000000 CR3=0000000000001000 CR4=00000020
DR0=0000000000000000 DR1=0000000000000000 DR2=0000000000000000 DR3=0000000000000000 
DR6=00000000ffff0ff0 DR7=0000000000000400
CCS=0000000000000044 CCD=0000000000110fb8 CCO=EFLAGS
EFER=0000000000000d00
Servicing hardware INT=0x20
    57: v=20 e=0000 i=0 cpl=0 IP=0008:ffffffff80000e71 pc=ffffffff80000e71 SP=0010:0000000000110fe0 env->regs[R_EAX]=0000000000000000
RAX=0000000000000000 RBX=000000000000001c RCX=00000000000003fd RDX=00000000000003f8
RSI=ffffffff80008780 RDI=000000000000000a RBP=00000000001001e8 RSP=0000000000110fe0
R8 =00000000000003f8 R9 =000000000027ff6e R10=0000000000040000 R11=0000000000000cf8
R12=0000000000000000 R13=0000000000000000 R14=0000000000000000 R15=0000000000000000
RIP=ffffffff80000e71 RFL=00200246 [---Z-P-] CPL=0 II=0 A20=1 SMM=0 HLT=0
ES =0010 0000000000000000 ffffffff 008f9300 DPL=0 DS   [-WA]
CS =0008 0000000000000000 ffffffff 00af9a00 DPL=0 CS64 [-R-]
SS =0010 0000000000000000 ffffffff 008f9300 DPL=0 DS   [-WA]
DS =0010 0000000000000000 ffffffff 008f9300 DPL=0 DS   [-WA]
FS =0010 0000000000000000 ffffffff 008f9300 DPL=0 DS   [-WA]
GS =0010 0000000000000000 ffffffff 008f9300 DPL=0 DS   [-WA]
LDT=0000 0000000000000000 0000ffff 00008200 DPL=0 LDT
TR =0028 ffffffff8048b880 00000067 00008900 DPL=0 TSS64-avl
GDT=     ffffffff8048b900 00000037
IDT=     ffffffff8048b960 00000fff
CR0=80000011 CR2=0000000000000000 CR3=0000000000001000 CR4=00000020
DR0=0000000000000000 DR1=0000000000000000 DR2=0000000000000000 DR3=0000000000000000 
DR6=00000000ffff0ff0 DR7=0000000000000400
CCS=0000000000000044 CCD=0000000000110fb8 CCO=EFLAGS
EFER=0000000000000d00
Servicing hardware INT=0x20
    58: v=20 e=0000 i=0 cpl=0 IP=0008:ffffffff80000e71 pc=ffffffff80000e71 SP=0010:0000000000110fe0 env->regs[R_EAX]=0000000000000000
RAX=0000000000000000 RBX=000000000000001c RCX=00000000000003fd RDX=00000000000003f8
RSI=ffffffff80008780 RDI=000000000000000a RBP=00000000001001e8 RSP=0000000000110fe0
R8 =00000000000003f8 R9 =000000000027ff6e R10=0000000000040000 R11=0000000000000cf8
R12=0000000000000000 R13=0000000000000000 R14=0000000000000000 R15=0000000000000000
RIP=ffffffff80000e71 RFL=00200246 [---Z-P-] CPL=0 II=0 A20=1 SMM=0 HLT=0
ES =0010 0000000000000000 ffffffff 008f9300 DPL=0 DS   [-WA]
CS =0008 0000000000000000 ffffffff 00af9a00 DPL=0 CS64 [-R-]
SS =0010 0000000000000000 ffffffff 008f9300 DPL=0 DS   [-WA]
DS =0010 0000000000000000 ffffffff 008f9300 DPL=0 DS   [-WA]
FS =0010 0000000000000000 ffffffff 008f9300 DPL=0 DS   [-WA]
GS =0010 0000000000000000 ffffffff 008f9300 DPL=0 DS   [-WA]
LDT=0000 0000000000000000 0000ffff 00008200 DPL=0 LDT
TR =0028 ffffffff8048b880 00000067 00008900 DPL=0 TSS64-avl
GDT=     ffffffff8048b900 00000037
IDT=     ffffffff8048b960 00000fff
CR0=80000011 CR2=0000000000000000 CR3=0000000000001000 CR4=00000020
DR0=0000000000000000 DR1=0000000000000000 DR2=0000000000000000 DR3=0000000000000000 
DR6=00000000ffff0ff0 DR7=0000000000000400
CCS=0000000000000044 CCD=0000000000110fb8 CCO=EFLAGS
EFER=0000000000000d00
Servicing hardware INT=0x20
    59: v=20 e=0000 i=0 cpl=0 IP=0008:ffffffff80000e71 pc=ffffffff80000e71 SP=0010:0000000000110fe0 env->regs[R_EAX]=0000000000000000
RAX=0000000000000000 RBX=000000000000001c RCX=00000000000003fd RDX=00000000000003f8
RSI=ffffffff80008780 RDI=000000000000000a RBP=00000000001001e8 RSP=0000000000110fe0
R8 =00000000000003f8 R9 =000000000027ff6e R10=0000000000040000 R11=0000000000000cf8
R12=0000000000000000 R13=0000000000000000 R14=0000000000000000 R15=0000000000000000
RIP=ffffffff80000e71 RFL=00200246 [---Z-P-] CPL=0 II=0 A20=1 SMM=0 HLT=0
ES =0010 0000000000000000 ffffffff 008f9300 DPL=0 DS   [-WA]
CS =0008 0000000000000000 ffffffff 00af9a00 DPL=0 CS64 [-R-]
SS =0010 0000000000000000 ffffffff 008f9300 DPL=0 DS   [-WA]
DS =0010 0000000000000000 ffffffff 008f9300 DPL=0 DS   [-WA]
FS =0010 0000000000000000 ffffffff 008f9300 DPL=0 DS   [-WA]
GS =0010 0000000000000000 ffffffff 008f9300 DPL=0 DS   [-WA]
LDT=0000 0000000000000000 0000ffff 00008200 DPL=0 LDT
TR =0028 ffffffff8048b880 00000067 00008900 DPL=0 TSS64-avl
GDT=     ffffffff8048b900 00000037
IDT=     ffffffff8048b960 00000fff
CR0=80000011 CR2=0000000000000000 CR3=0000000000001000 CR4=00000020
DR0=0000000000000000 DR1=0000000000000000 DR2=0000000000000000 DR3=0000000000000000 
DR6=00000000ffff0ff0 DR7=0000000000000400
CCS=0000000000000044 CCD=0000000000110fb8 CCO=EFLAGS
EFER=0000000000000d00
Servicing hardware INT=0x20
    60: v=20 e=0000 i=0 cpl=0 IP=0008:ffffffff80000e71 pc=ffffffff80000e71 SP=0010:0000000000110fe0 env->regs[R_EAX]=0000000000000000
RAX=0000000000000000 RBX=000000000000001c RCX=00000000000003fd RDX=00000000000003f8
RSI=ffffffff80008780 RDI=000000000000000a RBP=00000000001001e8 RSP=0000000000110fe0
R8 =00000000000003f8 R9 =000000000027ff6e R10=0000000000040000 R11=0000000000000cf8
R12=0000000000000000 R13=0000000000000000 R14=0000000000000000 R15=0000000000000000
RIP=ffffffff80000e71 RFL=00200246 [---Z-P-] CPL=0 II=0 A20=1 SMM=0 HLT=0
ES =0010 0000000000000000 ffffffff 008f9300 DPL=0 DS   [-WA]
CS =0008 0000000000000000 ffffffff 00af9a00 DPL=0 CS64 [-R-]
SS =0010 0000000000000000 ffffffff 008f9300 DPL=0 DS   [-WA]
DS =0010 0000000000000000 ffffffff 008f9300 DPL=0 DS   [-WA]
FS =0010 0000000000000000 ffffffff 008f9300 DPL=0 DS   [-WA]
GS =0010 0000000000000000 ffffffff 008f9300 DPL=0 DS   [-WA]
LDT=0000 0000000000000000 0000ffff 00008200 DPL=0 LDT
TR =0028 ffffffff8048b880 00000067 00008900 DPL=0 TSS64-avl
GDT=     ffffffff8048b900 00000037
IDT=     ffffffff8048b960 00000fff
CR0=80000011 CR2=0000000000000000 CR3=0000000000001000 CR4=00000020
DR0=0000000000000000 DR1=0000000000000000 DR2=0000000000000000 DR3=0000000000000000 
DR6=00000000ffff0ff0 DR7=0000000000000400
CCS=0000000000000044 CCD=0000000000110fb8 CCO=EFLAGS
EFER=0000000000000d00
Servicing hardware INT=0x20
    61: v=20 e=0000 i=0 cpl=0 IP=0008:ffffffff80000e71 pc=ffffffff80000e71 SP=0010:0000000000110fe0 env->regs[R_EAX]=0000000000000000
RAX=0000000000000000 RBX=000000000000001c RCX=00000000000003fd RDX=00000000000003f8
RSI=ffffffff80008780 RDI=000000000000000a RBP=00000000001001e8 RSP=0000000000110fe0
R8 =00000000000003f8 R9 =000000000027ff6e R10=0000000000040000 R11=0000000000000cf8
R12=0000000000000000 R13=0000000000000000 R14=0000000000000000 R15=0000000000000000
RIP=ffffffff80000e71 RFL=00200246 [---Z-P-] CPL=0 II=0 A20=1 SMM=0 HLT=0
ES =0010 0000000000000000 ffffffff 008f9300 DPL=0 DS   [-WA]
CS =0008 0000000000000000 ffffffff 00af9a00 DPL=0 CS64 [-R-]
SS =0010 0000000000000000 ffffffff 008f9300 DPL=0 DS   [-WA]
DS =0010 0000000000000000 ffffffff 008f9300 DPL=0 DS   [-WA]
FS =0010 0000000000000000 ffffffff 008f9300 DPL=0 DS   [-WA]
GS =0010 0000000000000000 ffffffff 008f9300 DPL=0 DS   [-WA]
LDT=0000 0000000000000000 0000ffff 00008200 DPL=0 LDT
TR =0028 ffffffff8048b880 00000067 00008900 DPL=0 TSS64-avl
GDT=     ffffffff8048b900 00000037
IDT=     ffffffff8048b960 00000fff
CR0=80000011 CR2=0000000000000000 CR3=0000000000001000 CR4=00000020
DR0=0000000000000000 DR1=0000000000000000 DR2=0000000000000000 DR3=0000000000000000 
DR6=00000000ffff0ff0 DR7=0000000000000400
CCS=0000000000000044 CCD=0000000000110fb8 CCO=EFLAGS
EFER=0000000000000d00
Servicing hardware INT=0x20
    62: v=20 e=0000 i=0 cpl=0 IP=0008:ffffffff80000e71 pc=ffffffff80000e71 SP=0010:0000000000110fe0 env->regs[R_EAX]=0000000000000000
RAX=0000000000000000 RBX=000000000000001c RCX=00000000000003fd RDX=00000000000003f8
RSI=ffffffff80008780 RDI=000000000000000a RBP=00000000001001e8 RSP=0000000000110fe0
R8 =00000000000003f8 R9 =000000000027ff6e R10=0000000000040000 R11=0000000000000cf8
R12=0000000000000000 R13=0000000000000000 R14=0000000000000000 R15=0000000000000000
RIP=ffffffff80000e71 RFL=00200246 [---Z-P-] CPL=0 II=0 A20=1 SMM=0 HLT=0
ES =0010 0000000000000000 ffffffff 008f9300 DPL=0 DS   [-WA]
CS =0008 0000000000000000 ffffffff 00af9a00 DPL=0 CS64 [-R-]
SS =0010 0000000000000000 ffffffff 008f9300 DPL=0 DS   [-WA]
DS =0010 0000000000000000 ffffffff 008f9300 DPL=0 DS   [-WA]
FS =0010 0000000000000000 ffffffff 008f9300 DPL=0 DS   [-WA]
GS =0010 0000000000000000 ffffffff 008f9300 DPL=0 DS   [-WA]
LDT=0000 0000000000000000 0000ffff 00008200 DPL=0 LDT
TR =0028 ffffffff8048b880 00000067 00008900 DPL=0 TSS64-avl
GDT=     ffffffff8048b900 00000037
IDT=     ffffffff8048b960 00000fff
CR0=80000011 CR2=0000000000000000 CR3=0000000000001000 CR4=00000020
DR0=0000000000000000 DR1=0000000000000000 DR2=0000000000000000 DR3=0000000000000000 
DR6=00000000ffff0ff0 DR7=0000000000000400
CCS=0000000000000044 CCD=0000000000110fb8 CCO=EFLAGS
EFER=0000000000000d00
Servicing hardware INT=0x20
    63: v=20 e=0000 i=0 cpl=0 IP=0008:ffffffff80000e71 pc=ffffffff80000e71 SP=0010:0000000000110fe0 env->regs[R_EAX]=0000000000000000
RAX=0000000000000000 RBX=000000000000001c RCX=00000000000003fd RDX=00000000000003f8
RSI=ffffffff80008780 RDI=000000000000000a RBP=00000000001001e8 RSP=0000000000110fe0
R8 =00000000000003f8 R9 =000000000027ff6e R10=0000000000040000 R11=0000000000000cf8
R12=0000000000000000 R13=0000000000000000 R14=0000000000000000 R15=0000000000000000
RIP=ffffffff80000e71 RFL=00200246 [---Z-P-] CPL=0 II=0 A20=1 SMM=0 HLT=0
ES =0010 0000000000000000 ffffffff 008f9300 DPL=0 DS   [-WA]
CS =0008 0000000000000000 ffffffff 00af9a00 DPL=0 CS64 [-R-]
SS =0010 0000000000000000 ffffffff 008f9300 DPL=0 DS   [-WA]
DS =0010 0000000000000000 ffffffff 008f9300 DPL=0 DS   [-WA]
FS =0010 0000000000000000 ffffffff 008f9300 DPL=0 DS   [-WA]
GS =0010 0000000000000000 ffffffff 008f9300 DPL=0 DS   [-WA]
LDT=0000 0000000000000000 0000ffff 00008200 DPL=0 LDT
TR =0028 ffffffff8048b880 00000067 00008900 DPL=0 TSS64-avl
GDT=     ffffffff8048b900 00000037
IDT=     ffffffff8048b960 00000fff
CR0=80000011 CR2=0000000000000000 CR3=0000000000001000 CR4=00000020
DR0=0000000000000000 DR1=0000000000000000 DR2=0000000000000000 DR3=0000000000000000 
DR6=00000000ffff0ff0 DR7=0000000000000400
CCS=0000000000000044 CCD=0000000000110fb8 CCO=EFLAGS
EFER=0000000000000d00
Servicing hardware INT=0x20
    64: v=20 e=0000 i=0 cpl=0 IP=0008:ffffffff80000e71 pc=ffffffff80000e71 SP=0010:0000000000110fe0 env->regs[R_EAX]=0000000000000000
RAX=0000000000000000 RBX=000000000000001c RCX=00000000000003fd RDX=00000000000003f8
RSI=ffffffff80008780 RDI=000000000000000a RBP=00000000001001e8 RSP=0000000000110fe0
R8 =00000000000003f8 R9 =000000000027ff6e R10=0000000000040000 R11=0000000000000cf8
R12=0000000000000000 R13=0000000000000000 R14=0000000000000000 R15=0000000000000000
RIP=ffffffff80000e71 RFL=00200246 [---Z-P-] CPL=0 II=0 A20=1 SMM=0 HLT=0
ES =0010 0000000000000000 ffffffff 008f9300 DPL=0 DS   [-WA]
CS =0008 0000000000000000 ffffffff 00af9a00 DPL=0 CS64 [-R-]
SS =0010 0000000000000000 ffffffff 008f9300 DPL=0 DS   [-WA]
DS =0010 0000000000000000 ffffffff 008f9300 DPL=0 DS   [-WA]
FS =0010 0000000000000000 ffffffff 008f9300 DPL=0 DS   [-WA]
GS =0010 0000000000000000 ffffffff 008f9300 DPL=0 DS   [-WA]
LDT=0000 0000000000000000 0000ffff 00008200 DPL=0 LDT
TR =0028 ffffffff8048b880 00000067 00008900 DPL=0 TSS64-avl
GDT=     ffffffff8048b900 00000037
IDT=     ffffffff8048b960 00000fff
CR0=80000011 CR2=0000000000000000 CR3=0000000000001000 CR4=00000020
DR0=0000000000000000 DR1=0000000000000000 DR2=0000000000000000 DR3=0000000000000000 
DR6=00000000ffff0ff0 DR7=0000000000000400
CCS=0000000000000044 CCD=0000000000110fb8 CCO=EFLAGS
EFER=0000000000000d00
Servicing hardware INT=0x20
    65: v=20 e=0000 i=0 cpl=0 IP=0008:ffffffff80000e71 pc=ffffffff80000e71 SP=0010:0000000000110fe0 env->regs[R_EAX]=0000000000000000
RAX=0000000000000000 RBX=000000000000001c RCX=00000000000003fd RDX=00000000000003f8
RSI=ffffffff80008780 RDI=000000000000000a RBP=00000000001001e8 RSP=0000000000110fe0
R8 =00000000000003f8 R9 =000000000027ff6e R10=0000000000040000 R11=0000000000000cf8
R12=0000000000000000 R13=0000000000000000 R14=0000000000000000 R15=0000000000000000
RIP=ffffffff80000e71 RFL=00200246 [---Z-P-] CPL=0 II=0 A20=1 SMM=0 HLT=0
ES =0010 0000000000000000 ffffffff 008f9300 DPL=0 DS   [-WA]
CS =0008 0000000000000000 ffffffff 00af9a00 DPL=0 CS64 [-R-]
SS =0010 0000000000000000 ffffffff 008f9300 DPL=0 DS   [-WA]
DS =0010 0000000000000000 ffffffff 008f9300 DPL=0 DS   [-WA]
FS =0010 0000000000000000 ffffffff 008f9300 DPL=0 DS   [-WA]
GS =0010 0000000000000000 ffffffff 008f9300 DPL=0 DS   [-WA]
LDT=0000 0000000000000000 0000ffff 00008200 DPL=0 LDT
TR =0028 ffffffff8048b880 00000067 00008900 DPL=0 TSS64-avl
GDT=     ffffffff8048b900 00000037
IDT=     ffffffff8048b960 00000fff
CR0=80000011 CR2=0000000000000000 CR3=0000000000001000 CR4=00000020
DR0=0000000000000000 DR1=0000000000000000 DR2=0000000000000000 DR3=0000000000000000 
DR6=00000000ffff0ff0 DR7=0000000000000400
CCS=0000000000000044 CCD=0000000000110fb8 CCO=EFLAGS
EFER=0000000000000d00
Servicing hardware INT=0x20
    66: v=20 e=0000 i=0 cpl=0 IP=0008:ffffffff80000e71 pc=ffffffff80000e71 SP=0010:0000000000110fe0 env->regs[R_EAX]=0000000000000000
RAX=0000000000000000 RBX=000000000000001c RCX=00000000000003fd RDX=00000000000003f8
RSI=ffffffff80008780 RDI=000000000000000a RBP=00000000001001e8 RSP=0000000000110fe0
R8 =00000000000003f8 R9 =000000000027ff6e R10=0000000000040000 R11=0000000000000cf8
R12=0000000000000000 R13=0000000000000000 R14=0000000000000000 R15=0000000000000000
RIP=ffffffff80000e71 RFL=00200246 [---Z-P-] CPL=0 II=0 A20=1 SMM=0 HLT=0
ES =0010 0000000000000000 ffffffff 008f9300 DPL=0 DS   [-WA]
CS =0008 0000000000000000 ffffffff 00af9a00 DPL=0 CS64 [-R-]
SS =0010 0000000000000000 ffffffff 008f9300 DPL=0 DS   [-WA]
DS =0010 0000000000000000 ffffffff 008f9300 DPL=0 DS   [-WA]
FS =0010 0000000000000000 ffffffff 008f9300 DPL=0 DS   [-WA]
GS =0010 0000000000000000 ffffffff 008f9300 DPL=0 DS   [-WA]
LDT=0000 0000000000000000 0000ffff 00008200 DPL=0 LDT
TR =0028 ffffffff8048b880 00000067 00008900 DPL=0 TSS64-avl
GDT=     ffffffff8048b900 00000037
IDT=     ffffffff8048b960 00000fff
CR0=80000011 CR2=0000000000000000 CR3=0000000000001000 CR4=00000020
DR0=0000000000000000 DR1=0000000000000000 DR2=0000000000000000 DR3=0000000000000000 
DR6=00000000ffff0ff0 DR7=0000000000000400
CCS=0000000000000044 CCD=0000000000110fb8 CCO=EFLAGS
EFER=0000000000000d00
Servicing hardware INT=0x20
    67: v=20 e=0000 i=0 cpl=0 IP=0008:ffffffff80000e71 pc=ffffffff80000e71 SP=0010:0000000000110fe0 env->regs[R_EAX]=0000000000000000
RAX=0000000000000000 RBX=000000000000001c RCX=00000000000003fd RDX=00000000000003f8
RSI=ffffffff80008780 RDI=000000000000000a RBP=00000000001001e8 RSP=0000000000110fe0
R8 =00000000000003f8 R9 =000000000027ff6e R10=0000000000040000 R11=0000000000000cf8
R12=0000000000000000 R13=0000000000000000 R14=0000000000000000 R15=0000000000000000
RIP=ffffffff80000e71 RFL=00200246 [---Z-P-] CPL=0 II=0 A20=1 SMM=0 HLT=0
ES =0010 0000000000000000 ffffffff 008f9300 DPL=0 DS   [-WA]
CS =0008 0000000000000000 ffffffff 00af9a00 DPL=0 CS64 [-R-]
SS =0010 0000000000000000 ffffffff 008f9300 DPL=0 DS   [-WA]
DS =0010 0000000000000000 ffffffff 008f9300 DPL=0 DS   [-WA]
FS =0010 0000000000000000 ffffffff 008f9300 DPL=0 DS   [-WA]
GS =0010 0000000000000000 ffffffff 008f9300 DPL=0 DS   [-WA]
LDT=0000 0000000000000000 0000ffff 00008200 DPL=0 LDT
TR =0028 ffffffff8048b880 00000067 00008900 DPL=0 TSS64-avl
GDT=     ffffffff8048b900 00000037
IDT=     ffffffff8048b960 00000fff
CR0=80000011 CR2=0000000000000000 CR3=0000000000001000 CR4=00000020
DR0=0000000000000000 DR1=0000000000000000 DR2=0000000000000000 DR3=0000000000000000 
DR6=00000000ffff0ff0 DR7=0000000000000400
CCS=0000000000000044 CCD=0000000000110fb8 CCO=EFLAGS
EFER=0000000000000d00
Servicing hardware INT=0x20
    68: v=20 e=0000 i=0 cpl=0 IP=0008:ffffffff80000e71 pc=ffffffff80000e71 SP=0010:0000000000110fe0 env->regs[R_EAX]=0000000000000000
RAX=0000000000000000 RBX=000000000000001c RCX=00000000000003fd RDX=00000000000003f8
RSI=ffffffff80008780 RDI=000000000000000a RBP=00000000001001e8 RSP=0000000000110fe0
R8 =00000000000003f8 R9 =000000000027ff6e R10=0000000000040000 R11=0000000000000cf8
R12=0000000000000000 R13=0000000000000000 R14=0000000000000000 R15=0000000000000000
RIP=ffffffff80000e71 RFL=00200246 [---Z-P-] CPL=0 II=0 A20=1 SMM=0 HLT=0
ES =0010 0000000000000000 ffffffff 008f9300 DPL=0 DS   [-WA]
CS =0008 0000000000000000 ffffffff 00af9a00 DPL=0 CS64 [-R-]
SS =0010 0000000000000000 ffffffff 008f9300 DPL=0 DS   [-WA]
DS =0010 0000000000000000 ffffffff 008f9300 DPL=0 DS   [-WA]
FS =0010 0000000000000000 ffffffff 008f9300 DPL=0 DS   [-WA]
GS =0010 0000000000000000 ffffffff 008f9300 DPL=0 DS   [-WA]
LDT=0000 0000000000000000 0000ffff 00008200 DPL=0 LDT
TR =0028 ffffffff8048b880 00000067 00008900 DPL=0 TSS64-avl
GDT=     ffffffff8048b900 00000037
IDT=     ffffffff8048b960 00000fff
CR0=80000011 CR2=0000000000000000 CR3=0000000000001000 CR4=00000020
DR0=0000000000000000 DR1=0000000000000000 DR2=0000000000000000 DR3=0000000000000000 
DR6=00000000ffff0ff0 DR7=0000000000000400
CCS=0000000000000044 CCD=0000000000110fb8 CCO=EFLAGS
EFER=0000000000000d00
Servicing hardware INT=0x20
    69: v=20 e=0000 i=0 cpl=0 IP=0008:ffffffff80000e71 pc=ffffffff80000e71 SP=0010:0000000000110fe0 env->regs[R_EAX]=0000000000000000
RAX=0000000000000000 RBX=000000000000001c RCX=00000000000003fd RDX=00000000000003f8
RSI=ffffffff80008780 RDI=000000000000000a RBP=00000000001001e8 RSP=0000000000110fe0
R8 =00000000000003f8 R9 =000000000027ff6e R10=0000000000040000 R11=0000000000000cf8
R12=0000000000000000 R13=0000000000000000 R14=0000000000000000 R15=0000000000000000
RIP=ffffffff80000e71 RFL=00200246 [---Z-P-] CPL=0 II=0 A20=1 SMM=0 HLT=0
ES =0010 0000000000000000 ffffffff 008f9300 DPL=0 DS   [-WA]
CS =0008 0000000000000000 ffffffff 00af9a00 DPL=0 CS64 [-R-]
SS =0010 0000000000000000 ffffffff 008f9300 DPL=0 DS   [-WA]
DS =0010 0000000000000000 ffffffff 008f9300 DPL=0 DS   [-WA]
FS =0010 0000000000000000 ffffffff 008f9300 DPL=0 DS   [-WA]
GS =0010 0000000000000000 ffffffff 008f9300 DPL=0 DS   [-WA]
LDT=0000 0000000000000000 0000ffff 00008200 DPL=0 LDT
TR =0028 ffffffff8048b880 00000067 00008900 DPL=0 TSS64-avl
GDT=     ffffffff8048b900 00000037
IDT=     ffffffff8048b960 00000fff
CR0=80000011 CR2=0000000000000000 CR3=0000000000001000 CR4=00000020
DR0=0000000000000000 DR1=0000000000000000 DR2=0000000000000000 DR3=0000000000000000 
DR6=00000000ffff0ff0 DR7=0000000000000400
CCS=0000000000000044 CCD=0000000000110fb8 CCO=EFLAGS
EFER=0000000000000d00
Servicing hardware INT=0x20
    70: v=20 e=0000 i=0 cpl=0 IP=0008:ffffffff80000e71 pc=ffffffff80000e71 SP=0010:0000000000110fe0 env->regs[R_EAX]=0000000000000000
RAX=0000000000000000 RBX=000000000000001c RCX=00000000000003fd RDX=00000000000003f8
RSI=ffffffff80008780 RDI=000000000000000a RBP=00000000001001e8 RSP=0000000000110fe0
R8 =00000000000003f8 R9 =000000000027ff6e R10=0000000000040000 R11=0000000000000cf8
R12=0000000000000000 R13=0000000000000000 R14=0000000000000000 R15=0000000000000000
RIP=ffffffff80000e71 RFL=00200246 [---Z-P-] CPL=0 II=0 A20=1 SMM=0 HLT=0
ES =0010 0000000000000000 ffffffff 008f9300 DPL=0 DS   [-WA]
CS =0008 0000000000000000 ffffffff 00af9a00 DPL=0 CS64 [-R-]
SS =0010 0000000000000000 ffffffff 008f9300 DPL=0 DS   [-WA]
DS =0010 0000000000000000 ffffffff 008f9300 DPL=0 DS   [-WA]
FS =0010 0000000000000000 ffffffff 008f9300 DPL=0 DS   [-WA]
GS =0010 0000000000000000 ffffffff 008f9300 DPL=0 DS   [-WA]
LDT=0000 0000000000000000 0000ffff 00008200 DPL=0 LDT
TR =0028 ffffffff8048b880 00000067 00008900 DPL=0 TSS64-avl
GDT=     ffffffff8048b900 00000037
IDT=     ffffffff8048b960 00000fff
CR0=80000011 CR2=0000000000000000 CR3=0000000000001000 CR4=00000020
DR0=0000000000000000 DR1=0000000000000000 DR2=0000000000000000 DR3=0000000000000000 
DR6=00000000ffff0ff0 DR7=0000000000000400
CCS=0000000000000044 CCD=0000000000110fb8 CCO=EFLAGS
EFER=0000000000000d00
Servicing hardware INT=0x20
    71: v=20 e=0000 i=0 cpl=0 IP=0008:ffffffff80000e71 pc=ffffffff80000e71 SP=0010:0000000000110fe0 env->regs[R_EAX]=0000000000000000
RAX=0000000000000000 RBX=000000000000001c RCX=00000000000003fd RDX=00000000000003f8
RSI=ffffffff80008780 RDI=000000000000000a RBP=00000000001001e8 RSP=0000000000110fe0
R8 =00000000000003f8 R9 =000000000027ff6e R10=0000000000040000 R11=0000000000000cf8
R12=0000000000000000 R13=0000000000000000 R14=0000000000000000 R15=0000000000000000
RIP=ffffffff80000e71 RFL=00200246 [---Z-P-] CPL=0 II=0 A20=1 SMM=0 HLT=0
ES =0010 0000000000000000 ffffffff 008f9300 DPL=0 DS   [-WA]
CS =0008 0000000000000000 ffffffff 00af9a00 DPL=0 CS64 [-R-]
SS =0010 0000000000000000 ffffffff 008f9300 DPL=0 DS   [-WA]
DS =0010 0000000000000000 ffffffff 008f9300 DPL=0 DS   [-WA]
FS =0010 0000000000000000 ffffffff 008f9300 DPL=0 DS   [-WA]
GS =0010 0000000000000000 ffffffff 008f9300 DPL=0 DS   [-WA]
LDT=0000 0000000000000000 0000ffff 00008200 DPL=0 LDT
TR =0028 ffffffff8048b880 00000067 00008900 DPL=0 TSS64-avl
GDT=     ffffffff8048b900 00000037
IDT=     ffffffff8048b960 00000fff
CR0=80000011 CR2=0000000000000000 CR3=0000000000001000 CR4=00000020
DR0=0000000000000000 DR1=0000000000000000 DR2=0000000000000000 DR3=0000000000000000 
DR6=00000000ffff0ff0 DR7=0000000000000400
CCS=0000000000000044 CCD=0000000000110fb8 CCO=EFLAGS
EFER=0000000000000d00
Servicing hardware INT=0x20
    72: v=20 e=0000 i=0 cpl=0 IP=0008:ffffffff80000e71 pc=ffffffff80000e71 SP=0010:0000000000110fe0 env->regs[R_EAX]=0000000000000000
RAX=0000000000000000 RBX=000000000000001c RCX=00000000000003fd RDX=00000000000003f8
RSI=ffffffff80008780 RDI=000000000000000a RBP=00000000001001e8 RSP=0000000000110fe0
R8 =00000000000003f8 R9 =000000000027ff6e R10=0000000000040000 R11=0000000000000cf8
R12=0000000000000000 R13=0000000000000000 R14=0000000000000000 R15=0000000000000000
RIP=ffffffff80000e71 RFL=00200246 [---Z-P-] CPL=0 II=0 A20=1 SMM=0 HLT=0
ES =0010 0000000000000000 ffffffff 008f9300 DPL=0 DS   [-WA]
CS =0008 0000000000000000 ffffffff 00af9a00 DPL=0 CS64 [-R-]
SS =0010 0000000000000000 ffffffff 008f9300 DPL=0 DS   [-WA]
DS =0010 0000000000000000 ffffffff 008f9300 DPL=0 DS   [-WA]
FS =0010 0000000000000000 ffffffff 008f9300 DPL=0 DS   [-WA]
GS =0010 0000000000000000 ffffffff 008f9300 DPL=0 DS   [-WA]
LDT=0000 0000000000000000 0000ffff 00008200 DPL=0 LDT
TR =0028 ffffffff8048b880 00000067 00008900 DPL=0 TSS64-avl
GDT=     ffffffff8048b900 00000037
IDT=     ffffffff8048b960 00000fff
CR0=80000011 CR2=0000000000000000 CR3=0000000000001000 CR4=00000020
DR0=0000000000000000 DR1=0000000000000000 DR2=0000000000000000 DR3=0000000000000000 
DR6=00000000ffff0ff0 DR7=0000000000000400
CCS=0000000000000044 CCD=0000000000110fb8 CCO=EFLAGS
EFER=0000000000000d00
Servicing hardware INT=0x20
    73: v=20 e=0000 i=0 cpl=0 IP=0008:ffffffff80000e71 pc=ffffffff80000e71 SP=0010:0000000000110fe0 env->regs[R_EAX]=0000000000000000
RAX=0000000000000000 RBX=000000000000001c RCX=00000000000003fd RDX=00000000000003f8
RSI=ffffffff80008780 RDI=000000000000000a RBP=00000000001001e8 RSP=0000000000110fe0
R8 =00000000000003f8 R9 =000000000027ff6e R10=0000000000040000 R11=0000000000000cf8
R12=0000000000000000 R13=0000000000000000 R14=0000000000000000 R15=0000000000000000
RIP=ffffffff80000e71 RFL=00200246 [---Z-P-] CPL=0 II=0 A20=1 SMM=0 HLT=0
ES =0010 0000000000000000 ffffffff 008f9300 DPL=0 DS   [-WA]
CS =0008 0000000000000000 ffffffff 00af9a00 DPL=0 CS64 [-R-]
SS =0010 0000000000000000 ffffffff 008f9300 DPL=0 DS   [-WA]
DS =0010 0000000000000000 ffffffff 008f9300 DPL=0 DS   [-WA]
FS =0010 0000000000000000 ffffffff 008f9300 DPL=0 DS   [-WA]
GS =0010 0000000000000000 ffffffff 008f9300 DPL=0 DS   [-WA]
LDT=0000 0000000000000000 0000ffff 00008200 DPL=0 LDT
TR =0028 ffffffff8048b880 00000067 00008900 DPL=0 TSS64-avl
GDT=     ffffffff8048b900 00000037
IDT=     ffffffff8048b960 00000fff
CR0=80000011 CR2=0000000000000000 CR3=0000000000001000 CR4=00000020
DR0=0000000000000000 DR1=0000000000000000 DR2=0000000000000000 DR3=0000000000000000 
DR6=00000000ffff0ff0 DR7=0000000000000400
CCS=0000000000000044 CCD=0000000000110fb8 CCO=EFLAGS
EFER=0000000000000d00
Servicing hardware INT=0x20
    74: v=20 e=0000 i=0 cpl=0 IP=0008:ffffffff80000e71 pc=ffffffff80000e71 SP=0010:0000000000110fe0 env->regs[R_EAX]=0000000000000000
RAX=0000000000000000 RBX=000000000000001c RCX=00000000000003fd RDX=00000000000003f8
RSI=ffffffff80008780 RDI=000000000000000a RBP=00000000001001e8 RSP=0000000000110fe0
R8 =00000000000003f8 R9 =000000000027ff6e R10=0000000000040000 R11=0000000000000cf8
R12=0000000000000000 R13=0000000000000000 R14=0000000000000000 R15=0000000000000000
RIP=ffffffff80000e71 RFL=00200246 [---Z-P-] CPL=0 II=0 A20=1 SMM=0 HLT=0
ES =0010 0000000000000000 ffffffff 008f9300 DPL=0 DS   [-WA]
CS =0008 0000000000000000 ffffffff 00af9a00 DPL=0 CS64 [-R-]
SS =0010 0000000000000000 ffffffff 008f9300 DPL=0 DS   [-WA]
DS =0010 0000000000000000 ffffffff 008f9300 DPL=0 DS   [-WA]
FS =0010 0000000000000000 ffffffff 008f9300 DPL=0 DS   [-WA]
GS =0010 0000000000000000 ffffffff 008f9300 DPL=0 DS   [-WA]
LDT=0000 0000000000000000 0000ffff 00008200 DPL=0 LDT
TR =0028 ffffffff8048b880 00000067 00008900 DPL=0 TSS64-avl
GDT=     ffffffff8048b900 00000037
IDT=     ffffffff8048b960 00000fff
CR0=80000011 CR2=0000000000000000 CR3=0000000000001000 CR4=00000020
DR0=0000000000000000 DR1=0000000000000000 DR2=0000000000000000 DR3=0000000000000000 
DR6=00000000ffff0ff0 DR7=0000000000000400
CCS=0000000000000044 CCD=0000000000110fb8 CCO=EFLAGS
EFER=0000000000000d00
Servicing hardware INT=0x20
    75: v=20 e=0000 i=0 cpl=0 IP=0008:ffffffff80000e71 pc=ffffffff80000e71 SP=0010:0000000000110fe0 env->regs[R_EAX]=0000000000000000
RAX=0000000000000000 RBX=000000000000001c RCX=00000000000003fd RDX=00000000000003f8
RSI=ffffffff80008780 RDI=000000000000000a RBP=00000000001001e8 RSP=0000000000110fe0
R8 =00000000000003f8 R9 =000000000027ff6e R10=0000000000040000 R11=0000000000000cf8
R12=0000000000000000 R13=0000000000000000 R14=0000000000000000 R15=0000000000000000
RIP=ffffffff80000e71 RFL=00200246 [---Z-P-] CPL=0 II=0 A20=1 SMM=0 HLT=0
ES =0010 0000000000000000 ffffffff 008f9300 DPL=0 DS   [-WA]
CS =0008 0000000000000000 ffffffff 00af9a00 DPL=0 CS64 [-R-]
SS =0010 0000000000000000 ffffffff 008f9300 DPL=0 DS   [-WA]
DS =0010 0000000000000000 ffffffff 008f9300 DPL=0 DS   [-WA]
FS =0010 0000000000000000 ffffffff 008f9300 DPL=0 DS   [-WA]
GS =0010 0000000000000000 ffffffff 008f9300 DPL=0 DS   [-WA]
LDT=0000 0000000000000000 0000ffff 00008200 DPL=0 LDT
TR =0028 ffffffff8048b880 00000067 00008900 DPL=0 TSS64-avl
GDT=     ffffffff8048b900 00000037
IDT=     ffffffff8048b960 00000fff
CR0=80000011 CR2=0000000000000000 CR3=0000000000001000 CR4=00000020
DR0=0000000000000000 DR1=0000000000000000 DR2=0000000000000000 DR3=0000000000000000 
DR6=00000000ffff0ff0 DR7=0000000000000400
CCS=0000000000000044 CCD=0000000000110fb8 CCO=EFLAGS
EFER=0000000000000d00
Servicing hardware INT=0x20
    76: v=20 e=0000 i=0 cpl=0 IP=0008:ffffffff80000e71 pc=ffffffff80000e71 SP=0010:0000000000110fe0 env->regs[R_EAX]=0000000000000000
RAX=0000000000000000 RBX=000000000000001c RCX=00000000000003fd RDX=00000000000003f8
RSI=ffffffff80008780 RDI=000000000000000a RBP=00000000001001e8 RSP=0000000000110fe0
R8 =00000000000003f8 R9 =000000000027ff6e R10=0000000000040000 R11=0000000000000cf8
R12=0000000000000000 R13=0000000000000000 R14=0000000000000000 R15=0000000000000000
RIP=ffffffff80000e71 RFL=00200246 [---Z-P-] CPL=0 II=0 A20=1 SMM=0 HLT=0
ES =0010 0000000000000000 ffffffff 008f9300 DPL=0 DS   [-WA]
CS =0008 0000000000000000 ffffffff 00af9a00 DPL=0 CS64 [-R-]
SS =0010 0000000000000000 ffffffff 008f9300 DPL=0 DS   [-WA]
DS =0010 0000000000000000 ffffffff 008f9300 DPL=0 DS   [-WA]
FS =0010 0000000000000000 ffffffff 008f9300 DPL=0 DS   [-WA]
GS =0010 0000000000000000 ffffffff 008f9300 DPL=0 DS   [-WA]
LDT=0000 0000000000000000 0000ffff 00008200 DPL=0 LDT
TR =0028 ffffffff8048b880 00000067 00008900 DPL=0 TSS64-avl
GDT=     ffffffff8048b900 00000037
IDT=     ffffffff8048b960 00000fff
CR0=80000011 CR2=0000000000000000 CR3=0000000000001000 CR4=00000020
DR0=0000000000000000 DR1=0000000000000000 DR2=0000000000000000 DR3=0000000000000000 
DR6=00000000ffff0ff0 DR7=0000000000000400
CCS=0000000000000044 CCD=0000000000110fb8 CCO=EFLAGS
EFER=0000000000000d00
Servicing hardware INT=0x20
    77: v=20 e=0000 i=0 cpl=0 IP=0008:ffffffff80000e71 pc=ffffffff80000e71 SP=0010:0000000000110fe0 env->regs[R_EAX]=0000000000000000
RAX=0000000000000000 RBX=000000000000001c RCX=00000000000003fd RDX=00000000000003f8
RSI=ffffffff80008780 RDI=000000000000000a RBP=00000000001001e8 RSP=0000000000110fe0
R8 =00000000000003f8 R9 =000000000027ff6e R10=0000000000040000 R11=0000000000000cf8
R12=0000000000000000 R13=0000000000000000 R14=0000000000000000 R15=0000000000000000
RIP=ffffffff80000e71 RFL=00200246 [---Z-P-] CPL=0 II=0 A20=1 SMM=0 HLT=0
ES =0010 0000000000000000 ffffffff 008f9300 DPL=0 DS   [-WA]
CS =0008 0000000000000000 ffffffff 00af9a00 DPL=0 CS64 [-R-]
SS =0010 0000000000000000 ffffffff 008f9300 DPL=0 DS   [-WA]
DS =0010 0000000000000000 ffffffff 008f9300 DPL=0 DS   [-WA]
FS =0010 0000000000000000 ffffffff 008f9300 DPL=0 DS   [-WA]
GS =0010 0000000000000000 ffffffff 008f9300 DPL=0 DS   [-WA]
LDT=0000 0000000000000000 0000ffff 00008200 DPL=0 LDT
TR =0028 ffffffff8048b880 00000067 00008900 DPL=0 TSS64-avl
GDT=     ffffffff8048b900 00000037
IDT=     ffffffff8048b960 00000fff
CR0=80000011 CR2=0000000000000000 CR3=0000000000001000 CR4=00000020
DR0=0000000000000000 DR1=0000000000000000 DR2=0000000000000000 DR3=0000000000000000 
DR6=00000000ffff0ff0 DR7=0000000000000400
CCS=0000000000000044 CCD=0000000000110fb8 CCO=EFLAGS
EFER=0000000000000d00
Servicing hardware INT=0x20
    78: v=20 e=0000 i=0 cpl=0 IP=0008:ffffffff80000e71 pc=ffffffff80000e71 SP=0010:0000000000110fe0 env->regs[R_EAX]=0000000000000000
RAX=0000000000000000 RBX=000000000000001c RCX=00000000000003fd RDX=00000000000003f8
RSI=ffffffff80008780 RDI=000000000000000a RBP=00000000001001e8 RSP=0000000000110fe0
R8 =00000000000003f8 R9 =000000000027ff6e R10=0000000000040000 R11=0000000000000cf8
R12=0000000000000000 R13=0000000000000000 R14=0000000000000000 R15=0000000000000000
RIP=ffffffff80000e71 RFL=00200246 [---Z-P-] CPL=0 II=0 A20=1 SMM=0 HLT=0
ES =0010 0000000000000000 ffffffff 008f9300 DPL=0 DS   [-WA]
CS =0008 0000000000000000 ffffffff 00af9a00 DPL=0 CS64 [-R-]
SS =0010 0000000000000000 ffffffff 008f9300 DPL=0 DS   [-WA]
DS =0010 0000000000000000 ffffffff 008f9300 DPL=0 DS   [-WA]
FS =0010 0000000000000000 ffffffff 008f9300 DPL=0 DS   [-WA]
GS =0010 0000000000000000 ffffffff 008f9300 DPL=0 DS   [-WA]
LDT=0000 0000000000000000 0000ffff 00008200 DPL=0 LDT
TR =0028 ffffffff8048b880 00000067 00008900 DPL=0 TSS64-avl
GDT=     ffffffff8048b900 00000037
IDT=     ffffffff8048b960 00000fff
CR0=80000011 CR2=0000000000000000 CR3=0000000000001000 CR4=00000020
DR0=0000000000000000 DR1=0000000000000000 DR2=0000000000000000 DR3=0000000000000000 
DR6=00000000ffff0ff0 DR7=0000000000000400
CCS=0000000000000044 CCD=0000000000110fb8 CCO=EFLAGS
EFER=0000000000000d00
Servicing hardware INT=0x20
    79: v=20 e=0000 i=0 cpl=0 IP=0008:ffffffff80000e71 pc=ffffffff80000e71 SP=0010:0000000000110fe0 env->regs[R_EAX]=0000000000000000
RAX=0000000000000000 RBX=000000000000001c RCX=00000000000003fd RDX=00000000000003f8
RSI=ffffffff80008780 RDI=000000000000000a RBP=00000000001001e8 RSP=0000000000110fe0
R8 =00000000000003f8 R9 =000000000027ff6e R10=0000000000040000 R11=0000000000000cf8
R12=0000000000000000 R13=0000000000000000 R14=0000000000000000 R15=0000000000000000
RIP=ffffffff80000e71 RFL=00200246 [---Z-P-] CPL=0 II=0 A20=1 SMM=0 HLT=0
ES =0010 0000000000000000 ffffffff 008f9300 DPL=0 DS   [-WA]
CS =0008 0000000000000000 ffffffff 00af9a00 DPL=0 CS64 [-R-]
SS =0010 0000000000000000 ffffffff 008f9300 DPL=0 DS   [-WA]
DS =0010 0000000000000000 ffffffff 008f9300 DPL=0 DS   [-WA]
FS =0010 0000000000000000 ffffffff 008f9300 DPL=0 DS   [-WA]
GS =0010 0000000000000000 ffffffff 008f9300 DPL=0 DS   [-WA]
LDT=0000 0000000000000000 0000ffff 00008200 DPL=0 LDT
TR =0028 ffffffff8048b880 00000067 00008900 DPL=0 TSS64-avl
GDT=     ffffffff8048b900 00000037
IDT=     ffffffff8048b960 00000fff
CR0=80000011 CR2=0000000000000000 CR3=0000000000001000 CR4=00000020
DR0=0000000000000000 DR1=0000000000000000 DR2=0000000000000000 DR3=0000000000000000 
DR6=00000000ffff0ff0 DR7=0000000000000400
CCS=0000000000000044 CCD=0000000000110fb8 CCO=EFLAGS
EFER=0000000000000d00
Servicing hardware INT=0x20
    80: v=20 e=0000 i=0 cpl=0 IP=0008:ffffffff80000e71 pc=ffffffff80000e71 SP=0010:0000000000110fe0 env->regs[R_EAX]=0000000000000000
RAX=0000000000000000 RBX=000000000000001c RCX=00000000000003fd RDX=00000000000003f8
RSI=ffffffff80008780 RDI=000000000000000a RBP=00000000001001e8 RSP=0000000000110fe0
R8 =00000000000003f8 R9 =000000000027ff6e R10=0000000000040000 R11=0000000000000cf8
R12=0000000000000000 R13=0000000000000000 R14=0000000000000000 R15=0000000000000000
RIP=ffffffff80000e71 RFL=00200246 [---Z-P-] CPL=0 II=0 A20=1 SMM=0 HLT=0
ES =0010 0000000000000000 ffffffff 008f9300 DPL=0 DS   [-WA]
CS =0008 0000000000000000 ffffffff 00af9a00 DPL=0 CS64 [-R-]
SS =0010 0000000000000000 ffffffff 008f9300 DPL=0 DS   [-WA]
DS =0010 0000000000000000 ffffffff 008f9300 DPL=0 DS   [-WA]
FS =0010 0000000000000000 ffffffff 008f9300 DPL=0 DS   [-WA]
GS =0010 0000000000000000 ffffffff 008f9300 DPL=0 DS   [-WA]
LDT=0000 0000000000000000 0000ffff 00008200 DPL=0 LDT
TR =0028 ffffffff8048b880 00000067 00008900 DPL=0 TSS64-avl
GDT=     ffffffff8048b900 00000037
IDT=     ffffffff8048b960 00000fff
CR0=80000011 CR2=0000000000000000 CR3=0000000000001000 CR4=00000020
DR0=0000000000000000 DR1=0000000000000000 DR2=0000000000000000 DR3=0000000000000000 
DR6=00000000ffff0ff0 DR7=0000000000000400
CCS=0000000000000044 CCD=0000000000110fb8 CCO=EFLAGS
EFER=0000000000000d00
Servicing hardware INT=0x20
    81: v=20 e=0000 i=0 cpl=0 IP=0008:ffffffff80000e71 pc=ffffffff80000e71 SP=0010:0000000000110fe0 env->regs[R_EAX]=0000000000000000
RAX=0000000000000000 RBX=000000000000001c RCX=00000000000003fd RDX=00000000000003f8
RSI=ffffffff80008780 RDI=000000000000000a RBP=00000000001001e8 RSP=0000000000110fe0
R8 =00000000000003f8 R9 =000000000027ff6e R10=0000000000040000 R11=0000000000000cf8
R12=0000000000000000 R13=0000000000000000 R14=0000000000000000 R15=0000000000000000
RIP=ffffffff80000e71 RFL=00200246 [---Z-P-] CPL=0 II=0 A20=1 SMM=0 HLT=0
ES =0010 0000000000000000 ffffffff 008f9300 DPL=0 DS   [-WA]
CS =0008 0000000000000000 ffffffff 00af9a00 DPL=0 CS64 [-R-]
SS =0010 0000000000000000 ffffffff 008f9300 DPL=0 DS   [-WA]
DS =0010 0000000000000000 ffffffff 008f9300 DPL=0 DS   [-WA]
FS =0010 0000000000000000 ffffffff 008f9300 DPL=0 DS   [-WA]
GS =0010 0000000000000000 ffffffff 008f9300 DPL=0 DS   [-WA]
LDT=0000 0000000000000000 0000ffff 00008200 DPL=0 LDT
TR =0028 ffffffff8048b880 00000067 00008900 DPL=0 TSS64-avl
GDT=     ffffffff8048b900 00000037
IDT=     ffffffff8048b960 00000fff
CR0=80000011 CR2=0000000000000000 CR3=0000000000001000 CR4=00000020
DR0=0000000000000000 DR1=0000000000000000 DR2=0000000000000000 DR3=0000000000000000 
DR6=00000000ffff0ff0 DR7=0000000000000400
CCS=0000000000000044 CCD=0000000000110fb8 CCO=EFLAGS
EFER=0000000000000d00
Servicing hardware INT=0x20
    82: v=20 e=0000 i=0 cpl=0 IP=0008:ffffffff80000e71 pc=ffffffff80000e71 SP=0010:0000000000110fe0 env->regs[R_EAX]=0000000000000000
RAX=0000000000000000 RBX=000000000000001c RCX=00000000000003fd RDX=00000000000003f8
RSI=ffffffff80008780 RDI=000000000000000a RBP=00000000001001e8 RSP=0000000000110fe0
R8 =00000000000003f8 R9 =000000000027ff6e R10=0000000000040000 R11=0000000000000cf8
R12=0000000000000000 R13=0000000000000000 R14=0000000000000000 R15=0000000000000000
RIP=ffffffff80000e71 RFL=00200246 [---Z-P-] CPL=0 II=0 A20=1 SMM=0 HLT=0
ES =0010 0000000000000000 ffffffff 008f9300 DPL=0 DS   [-WA]
CS =0008 0000000000000000 ffffffff 00af9a00 DPL=0 CS64 [-R-]
SS =0010 0000000000000000 ffffffff 008f9300 DPL=0 DS   [-WA]
DS =0010 0000000000000000 ffffffff 008f9300 DPL=0 DS   [-WA]
FS =0010 0000000000000000 ffffffff 008f9300 DPL=0 DS   [-WA]
GS =0010 0000000000000000 ffffffff 008f9300 DPL=0 DS   [-WA]
LDT=0000 0000000000000000 0000ffff 00008200 DPL=0 LDT
TR =0028 ffffffff8048b880 00000067 00008900 DPL=0 TSS64-avl
GDT=     ffffffff8048b900 00000037
IDT=     ffffffff8048b960 00000fff
CR0=80000011 CR2=0000000000000000 CR3=0000000000001000 CR4=00000020
DR0=0000000000000000 DR1=0000000000000000 DR2=0000000000000000 DR3=0000000000000000 
DR6=00000000ffff0ff0 DR7=0000000000000400
CCS=0000000000000044 CCD=0000000000110fb8 CCO=EFLAGS
EFER=0000000000000d00
Servicing hardware INT=0x20
    83: v=20 e=0000 i=0 cpl=0 IP=0008:ffffffff80000e71 pc=ffffffff80000e71 SP=0010:0000000000110fe0 env->regs[R_EAX]=0000000000000000
RAX=0000000000000000 RBX=000000000000001c RCX=00000000000003fd RDX=00000000000003f8
RSI=ffffffff80008780 RDI=000000000000000a RBP=00000000001001e8 RSP=0000000000110fe0
R8 =00000000000003f8 R9 =000000000027ff6e R10=0000000000040000 R11=0000000000000cf8
R12=0000000000000000 R13=0000000000000000 R14=0000000000000000 R15=0000000000000000
RIP=ffffffff80000e71 RFL=00200246 [---Z-P-] CPL=0 II=0 A20=1 SMM=0 HLT=0
ES =0010 0000000000000000 ffffffff 008f9300 DPL=0 DS   [-WA]
CS =0008 0000000000000000 ffffffff 00af9a00 DPL=0 CS64 [-R-]
SS =0010 0000000000000000 ffffffff 008f9300 DPL=0 DS   [-WA]
DS =0010 0000000000000000 ffffffff 008f9300 DPL=0 DS   [-WA]
FS =0010 0000000000000000 ffffffff 008f9300 DPL=0 DS   [-WA]
GS =0010 0000000000000000 ffffffff 008f9300 DPL=0 DS   [-WA]
LDT=0000 0000000000000000 0000ffff 00008200 DPL=0 LDT
TR =0028 ffffffff8048b880 00000067 00008900 DPL=0 TSS64-avl
GDT=     ffffffff8048b900 00000037
IDT=     ffffffff8048b960 00000fff
CR0=80000011 CR2=0000000000000000 CR3=0000000000001000 CR4=00000020
DR0=0000000000000000 DR1=0000000000000000 DR2=0000000000000000 DR3=0000000000000000 
DR6=00000000ffff0ff0 DR7=0000000000000400
CCS=0000000000000044 CCD=0000000000110fb8 CCO=EFLAGS
EFER=0000000000000d00
Servicing hardware INT=0x20
    84: v=20 e=0000 i=0 cpl=0 IP=0008:ffffffff80000e71 pc=ffffffff80000e71 SP=0010:0000000000110fe0 env->regs[R_EAX]=0000000000000000
RAX=0000000000000000 RBX=000000000000001c RCX=00000000000003fd RDX=00000000000003f8
RSI=ffffffff80008780 RDI=000000000000000a RBP=00000000001001e8 RSP=0000000000110fe0
R8 =00000000000003f8 R9 =000000000027ff6e R10=0000000000040000 R11=0000000000000cf8
R12=0000000000000000 R13=0000000000000000 R14=0000000000000000 R15=0000000000000000
RIP=ffffffff80000e71 RFL=00200246 [---Z-P-] CPL=0 II=0 A20=1 SMM=0 HLT=0
ES =0010 0000000000000000 ffffffff 008f9300 DPL=0 DS   [-WA]
CS =0008 0000000000000000 ffffffff 00af9a00 DPL=0 CS64 [-R-]
SS =0010 0000000000000000 ffffffff 008f9300 DPL=0 DS   [-WA]
DS =0010 0000000000000000 ffffffff 008f9300 DPL=0 DS   [-WA]
FS =0010 0000000000000000 ffffffff 008f9300 DPL=0 DS   [-WA]
GS =0010 0000000000000000 ffffffff 008f9300 DPL=0 DS   [-WA]
LDT=0000 0000000000000000 0000ffff 00008200 DPL=0 LDT
TR =0028 ffffffff8048b880 00000067 00008900 DPL=0 TSS64-avl
GDT=     ffffffff8048b900 00000037
IDT=     ffffffff8048b960 00000fff
CR0=80000011 CR2=0000000000000000 CR3=0000000000001000 CR4=00000020
DR0=0000000000000000 DR1=0000000000000000 DR2=0000000000000000 DR3=0000000000000000 
DR6=00000000ffff0ff0 DR7=0000000000000400
CCS=0000000000000044 CCD=0000000000110fb8 CCO=EFLAGS
EFER=0000000000000d00
Servicing hardware INT=0x20
    85: v=20 e=0000 i=0 cpl=0 IP=0008:ffffffff80000e71 pc=ffffffff80000e71 SP=0010:0000000000110fe0 env->regs[R_EAX]=0000000000000000
RAX=0000000000000000 RBX=000000000000001c RCX=00000000000003fd RDX=00000000000003f8
RSI=ffffffff80008780 RDI=000000000000000a RBP=00000000001001e8 RSP=0000000000110fe0
R8 =00000000000003f8 R9 =000000000027ff6e R10=0000000000040000 R11=0000000000000cf8
R12=0000000000000000 R13=0000000000000000 R14=0000000000000000 R15=0000000000000000
RIP=ffffffff80000e71 RFL=00200246 [---Z-P-] CPL=0 II=0 A20=1 SMM=0 HLT=0
ES =0010 0000000000000000 ffffffff 008f9300 DPL=0 DS   [-WA]
CS =0008 0000000000000000 ffffffff 00af9a00 DPL=0 CS64 [-R-]
SS =0010 0000000000000000 ffffffff 008f9300 DPL=0 DS   [-WA]
DS =0010 0000000000000000 ffffffff 008f9300 DPL=0 DS   [-WA]
FS =0010 0000000000000000 ffffffff 008f9300 DPL=0 DS   [-WA]
GS =0010 0000000000000000 ffffffff 008f9300 DPL=0 DS   [-WA]
LDT=0000 0000000000000000 0000ffff 00008200 DPL=0 LDT
TR =0028 ffffffff8048b880 00000067 00008900 DPL=0 TSS64-avl
GDT=     ffffffff8048b900 00000037
IDT=     ffffffff8048b960 00000fff
CR0=80000011 CR2=0000000000000000 CR3=0000000000001000 CR4=00000020
DR0=0000000000000000 DR1=0000000000000000 DR2=0000000000000000 DR3=0000000000000000 
DR6=00000000ffff0ff0 DR7=0000000000000400
CCS=0000000000000044 CCD=0000000000110fb8 CCO=EFLAGS
EFER=0000000000000d00
Servicing hardware INT=0x20
    86: v=20 e=0000 i=0 cpl=0 IP=0008:ffffffff80000e71 pc=ffffffff80000e71 SP=0010:0000000000110fe0 env->regs[R_EAX]=0000000000000000
RAX=0000000000000000 RBX=000000000000001c RCX=00000000000003fd RDX=00000000000003f8
RSI=ffffffff80008780 RDI=000000000000000a RBP=00000000001001e8 RSP=0000000000110fe0
R8 =00000000000003f8 R9 =000000000027ff6e R10=0000000000040000 R11=0000000000000cf8
R12=0000000000000000 R13=0000000000000000 R14=0000000000000000 R15=0000000000000000
RIP=ffffffff80000e71 RFL=00200246 [---Z-P-] CPL=0 II=0 A20=1 SMM=0 HLT=0
ES =0010 0000000000000000 ffffffff 008f9300 DPL=0 DS   [-WA]
CS =0008 0000000000000000 ffffffff 00af9a00 DPL=0 CS64 [-R-]
SS =0010 0000000000000000 ffffffff 008f9300 DPL=0 DS   [-WA]
DS =0010 0000000000000000 ffffffff 008f9300 DPL=0 DS   [-WA]
FS =0010 0000000000000000 ffffffff 008f9300 DPL=0 DS   [-WA]
GS =0010 0000000000000000 ffffffff 008f9300 DPL=0 DS   [-WA]
LDT=0000 0000000000000000 0000ffff 00008200 DPL=0 LDT
TR =0028 ffffffff8048b880 00000067 00008900 DPL=0 TSS64-avl
GDT=     ffffffff8048b900 00000037
IDT=     ffffffff8048b960 00000fff
CR0=80000011 CR2=0000000000000000 CR3=0000000000001000 CR4=00000020
DR0=0000000000000000 DR1=0000000000000000 DR2=0000000000000000 DR3=0000000000000000 
DR6=00000000ffff0ff0 DR7=0000000000000400
CCS=0000000000000044 CCD=0000000000110fb8 CCO=EFLAGS
EFER=0000000000000d00
Servicing hardware INT=0x20
    87: v=20 e=0000 i=0 cpl=0 IP=0008:ffffffff80000e71 pc=ffffffff80000e71 SP=0010:0000000000110fe0 env->regs[R_EAX]=0000000000000000
RAX=0000000000000000 RBX=000000000000001c RCX=00000000000003fd RDX=00000000000003f8
RSI=ffffffff80008780 RDI=000000000000000a RBP=00000000001001e8 RSP=0000000000110fe0
R8 =00000000000003f8 R9 =000000000027ff6e R10=0000000000040000 R11=0000000000000cf8
R12=0000000000000000 R13=0000000000000000 R14=0000000000000000 R15=0000000000000000
RIP=ffffffff80000e71 RFL=00200246 [---Z-P-] CPL=0 II=0 A20=1 SMM=0 HLT=0
ES =0010 0000000000000000 ffffffff 008f9300 DPL=0 DS   [-WA]
CS =0008 0000000000000000 ffffffff 00af9a00 DPL=0 CS64 [-R-]
SS =0010 0000000000000000 ffffffff 008f9300 DPL=0 DS   [-WA]
DS =0010 0000000000000000 ffffffff 008f9300 DPL=0 DS   [-WA]
FS =0010 0000000000000000 ffffffff 008f9300 DPL=0 DS   [-WA]
GS =0010 0000000000000000 ffffffff 008f9300 DPL=0 DS   [-WA]
LDT=0000 0000000000000000 0000ffff 00008200 DPL=0 LDT
TR =0028 ffffffff8048b880 00000067 00008900 DPL=0 TSS64-avl
GDT=     ffffffff8048b900 00000037
IDT=     ffffffff8048b960 00000fff
CR0=80000011 CR2=0000000000000000 CR3=0000000000001000 CR4=00000020
DR0=0000000000000000 DR1=0000000000000000 DR2=0000000000000000 DR3=0000000000000000 
DR6=00000000ffff0ff0 DR7=0000000000000400
CCS=0000000000000044 CCD=0000000000110fb8 CCO=EFLAGS
EFER=0000000000000d00
Servicing hardware INT=0x20
    88: v=20 e=0000 i=0 cpl=0 IP=0008:ffffffff80000e71 pc=ffffffff80000e71 SP=0010:0000000000110fe0 env->regs[R_EAX]=0000000000000000
RAX=0000000000000000 RBX=000000000000001c RCX=00000000000003fd RDX=00000000000003f8
RSI=ffffffff80008780 RDI=000000000000000a RBP=00000000001001e8 RSP=0000000000110fe0
R8 =00000000000003f8 R9 =000000000027ff6e R10=0000000000040000 R11=0000000000000cf8
R12=0000000000000000 R13=0000000000000000 R14=0000000000000000 R15=0000000000000000
RIP=ffffffff80000e71 RFL=00200246 [---Z-P-] CPL=0 II=0 A20=1 SMM=0 HLT=0
ES =0010 0000000000000000 ffffffff 008f9300 DPL=0 DS   [-WA]
CS =0008 0000000000000000 ffffffff 00af9a00 DPL=0 CS64 [-R-]
SS =0010 0000000000000000 ffffffff 008f9300 DPL=0 DS   [-WA]
DS =0010 0000000000000000 ffffffff 008f9300 DPL=0 DS   [-WA]
FS =0010 0000000000000000 ffffffff 008f9300 DPL=0 DS   [-WA]
GS =0010 0000000000000000 ffffffff 008f9300 DPL=0 DS   [-WA]
LDT=0000 0000000000000000 0000ffff 00008200 DPL=0 LDT
TR =0028 ffffffff8048b880 00000067 00008900 DPL=0 TSS64-avl
GDT=     ffffffff8048b900 00000037
IDT=     ffffffff8048b960 00000fff
CR0=80000011 CR2=0000000000000000 CR3=0000000000001000 CR4=00000020
DR0=0000000000000000 DR1=0000000000000000 DR2=0000000000000000 DR3=0000000000000000 
DR6=00000000ffff0ff0 DR7=0000000000000400
CCS=0000000000000044 CCD=0000000000110fb8 CCO=EFLAGS
EFER=0000000000000d00
Servicing hardware INT=0x20
    89: v=20 e=0000 i=0 cpl=0 IP=0008:ffffffff80000e71 pc=ffffffff80000e71 SP=0010:0000000000110fe0 env->regs[R_EAX]=0000000000000000
RAX=0000000000000000 RBX=000000000000001c RCX=00000000000003fd RDX=00000000000003f8
RSI=ffffffff80008780 RDI=000000000000000a RBP=00000000001001e8 RSP=0000000000110fe0
R8 =00000000000003f8 R9 =000000000027ff6e R10=0000000000040000 R11=0000000000000cf8
R12=0000000000000000 R13=0000000000000000 R14=0000000000000000 R15=0000000000000000
RIP=ffffffff80000e71 RFL=00200246 [---Z-P-] CPL=0 II=0 A20=1 SMM=0 HLT=0
ES =0010 0000000000000000 ffffffff 008f9300 DPL=0 DS   [-WA]
CS =0008 0000000000000000 ffffffff 00af9a00 DPL=0 CS64 [-R-]
SS =0010 0000000000000000 ffffffff 008f9300 DPL=0 DS   [-WA]
DS =0010 0000000000000000 ffffffff 008f9300 DPL=0 DS   [-WA]
FS =0010 0000000000000000 ffffffff 008f9300 DPL=0 DS   [-WA]
GS =0010 0000000000000000 ffffffff 008f9300 DPL=0 DS   [-WA]
LDT=0000 0000000000000000 0000ffff 00008200 DPL=0 LDT
TR =0028 ffffffff8048b880 00000067 00008900 DPL=0 TSS64-avl
GDT=     ffffffff8048b900 00000037
IDT=     ffffffff8048b960 00000fff
CR0=80000011 CR2=0000000000000000 CR3=0000000000001000 CR4=00000020
DR0=0000000000000000 DR1=0000000000000000 DR2=0000000000000000 DR3=0000000000000000 
DR6=00000000ffff0ff0 DR7=0000000000000400
CCS=0000000000000044 CCD=0000000000110fb8 CCO=EFLAGS
EFER=0000000000000d00
Servicing hardware INT=0x20
    90: v=20 e=0000 i=0 cpl=0 IP=0008:ffffffff80000e71 pc=ffffffff80000e71 SP=0010:0000000000110fe0 env->regs[R_EAX]=0000000000000000
RAX=0000000000000000 RBX=000000000000001c RCX=00000000000003fd RDX=00000000000003f8
RSI=ffffffff80008780 RDI=000000000000000a RBP=00000000001001e8 RSP=0000000000110fe0
R8 =00000000000003f8 R9 =000000000027ff6e R10=0000000000040000 R11=0000000000000cf8
R12=0000000000000000 R13=0000000000000000 R14=0000000000000000 R15=0000000000000000
RIP=ffffffff80000e71 RFL=00200246 [---Z-P-] CPL=0 II=0 A20=1 SMM=0 HLT=0
ES =0010 0000000000000000 ffffffff 008f9300 DPL=0 DS   [-WA]
CS =0008 0000000000000000 ffffffff 00af9a00 DPL=0 CS64 [-R-]
SS =0010 0000000000000000 ffffffff 008f9300 DPL=0 DS   [-WA]
DS =0010 0000000000000000 ffffffff 008f9300 DPL=0 DS   [-WA]
FS =0010 0000000000000000 ffffffff 008f9300 DPL=0 DS   [-WA]
GS =0010 0000000000000000 ffffffff 008f9300 DPL=0 DS   [-WA]
LDT=0000 0000000000000000 0000ffff 00008200 DPL=0 LDT
TR =0028 ffffffff8048b880 00000067 00008900 DPL=0 TSS64-avl
GDT=     ffffffff8048b900 00000037
IDT=     ffffffff8048b960 00000fff
CR0=80000011 CR2=0000000000000000 CR3=0000000000001000 CR4=00000020
DR0=0000000000000000 DR1=0000000000000000 DR2=0000000000000000 DR3=0000000000000000 
DR6=00000000ffff0ff0 DR7=0000000000000400
CCS=0000000000000044 CCD=0000000000110fb8 CCO=EFLAGS
EFER=0000000000000d00
Servicing hardware INT=0x20
    91: v=20 e=0000 i=0 cpl=0 IP=0008:ffffffff80000e71 pc=ffffffff80000e71 SP=0010:0000000000110fe0 env->regs[R_EAX]=0000000000000000
RAX=0000000000000000 RBX=000000000000001c RCX=00000000000003fd RDX=00000000000003f8
RSI=ffffffff80008780 RDI=000000000000000a RBP=00000000001001e8 RSP=0000000000110fe0
R8 =00000000000003f8 R9 =000000000027ff6e R10=0000000000040000 R11=0000000000000cf8
R12=0000000000000000 R13=0000000000000000 R14=0000000000000000 R15=0000000000000000
RIP=ffffffff80000e71 RFL=00200246 [---Z-P-] CPL=0 II=0 A20=1 SMM=0 HLT=0
ES =0010 0000000000000000 ffffffff 008f9300 DPL=0 DS   [-WA]
CS =0008 0000000000000000 ffffffff 00af9a00 DPL=0 CS64 [-R-]
SS =0010 0000000000000000 ffffffff 008f9300 DPL=0 DS   [-WA]
DS =0010 0000000000000000 ffffffff 008f9300 DPL=0 DS   [-WA]
FS =0010 0000000000000000 ffffffff 008f9300 DPL=0 DS   [-WA]
GS =0010 0000000000000000 ffffffff 008f9300 DPL=0 DS   [-WA]
LDT=0000 0000000000000000 0000ffff 00008200 DPL=0 LDT
TR =0028 ffffffff8048b880 00000067 00008900 DPL=0 TSS64-avl
GDT=     ffffffff8048b900 00000037
IDT=     ffffffff8048b960 00000fff
CR0=80000011 CR2=0000000000000000 CR3=0000000000001000 CR4=00000020
DR0=0000000000000000 DR1=0000000000000000 DR2=0000000000000000 DR3=0000000000000000 
DR6=00000000ffff0ff0 DR7=0000000000000400
CCS=0000000000000044 CCD=0000000000110fb8 CCO=EFLAGS
EFER=0000000000000d00
Servicing hardware INT=0x20
    92: v=20 e=0000 i=0 cpl=0 IP=0008:ffffffff80000e71 pc=ffffffff80000e71 SP=0010:0000000000110fe0 env->regs[R_EAX]=0000000000000000
RAX=0000000000000000 RBX=000000000000001c RCX=00000000000003fd RDX=00000000000003f8
RSI=ffffffff80008780 RDI=000000000000000a RBP=00000000001001e8 RSP=0000000000110fe0
R8 =00000000000003f8 R9 =000000000027ff6e R10=0000000000040000 R11=0000000000000cf8
R12=0000000000000000 R13=0000000000000000 R14=0000000000000000 R15=0000000000000000
RIP=ffffffff80000e71 RFL=00200246 [---Z-P-] CPL=0 II=0 A20=1 SMM=0 HLT=0
ES =0010 0000000000000000 ffffffff 008f9300 DPL=0 DS   [-WA]
CS =0008 0000000000000000 ffffffff 00af9a00 DPL=0 CS64 [-R-]
SS =0010 0000000000000000 ffffffff 008f9300 DPL=0 DS   [-WA]
DS =0010 0000000000000000 ffffffff 008f9300 DPL=0 DS   [-WA]
FS =0010 0000000000000000 ffffffff 008f9300 DPL=0 DS   [-WA]
GS =0010 0000000000000000 ffffffff 008f9300 DPL=0 DS   [-WA]
LDT=0000 0000000000000000 0000ffff 00008200 DPL=0 LDT
TR =0028 ffffffff8048b880 00000067 00008900 DPL=0 TSS64-avl
GDT=     ffffffff8048b900 00000037
IDT=     ffffffff8048b960 00000fff
CR0=80000011 CR2=0000000000000000 CR3=0000000000001000 CR4=00000020
DR0=0000000000000000 DR1=0000000000000000 DR2=0000000000000000 DR3=0000000000000000 
DR6=00000000ffff0ff0 DR7=0000000000000400
CCS=0000000000000044 CCD=0000000000110fb8 CCO=EFLAGS
EFER=0000000000000d00
Servicing hardware INT=0x20
    93: v=20 e=0000 i=0 cpl=0 IP=0008:ffffffff80000e71 pc=ffffffff80000e71 SP=0010:0000000000110fe0 env->regs[R_EAX]=0000000000000000
RAX=0000000000000000 RBX=000000000000001c RCX=00000000000003fd RDX=00000000000003f8
RSI=ffffffff80008780 RDI=000000000000000a RBP=00000000001001e8 RSP=0000000000110fe0
R8 =00000000000003f8 R9 =000000000027ff6e R10=0000000000040000 R11=0000000000000cf8
R12=0000000000000000 R13=0000000000000000 R14=0000000000000000 R15=0000000000000000
RIP=ffffffff80000e71 RFL=00200246 [---Z-P-] CPL=0 II=0 A20=1 SMM=0 HLT=0
ES =0010 0000000000000000 ffffffff 008f9300 DPL=0 DS   [-WA]
CS =0008 0000000000000000 ffffffff 00af9a00 DPL=0 CS64 [-R-]
SS =0010 0000000000000000 ffffffff 008f9300 DPL=0 DS   [-WA]
DS =0010 0000000000000000 ffffffff 008f9300 DPL=0 DS   [-WA]
FS =0010 0000000000000000 ffffffff 008f9300 DPL=0 DS   [-WA]
GS =0010 0000000000000000 ffffffff 008f9300 DPL=0 DS   [-WA]
LDT=0000 0000000000000000 0000ffff 00008200 DPL=0 LDT
TR =0028 ffffffff8048b880 00000067 00008900 DPL=0 TSS64-avl
GDT=     ffffffff8048b900 00000037
IDT=     ffffffff8048b960 00000fff
CR0=80000011 CR2=0000000000000000 CR3=0000000000001000 CR4=00000020
DR0=0000000000000000 DR1=0000000000000000 DR2=0000000000000000 DR3=0000000000000000 
DR6=00000000ffff0ff0 DR7=0000000000000400
CCS=0000000000000044 CCD=0000000000110fb8 CCO=EFLAGS
EFER=0000000000000d00
Servicing hardware INT=0x20
    94: v=20 e=0000 i=0 cpl=0 IP=0008:ffffffff80000e71 pc=ffffffff80000e71 SP=0010:0000000000110fe0 env->regs[R_EAX]=0000000000000000
RAX=0000000000000000 RBX=000000000000001c RCX=00000000000003fd RDX=00000000000003f8
RSI=ffffffff80008780 RDI=000000000000000a RBP=00000000001001e8 RSP=0000000000110fe0
R8 =00000000000003f8 R9 =000000000027ff6e R10=0000000000040000 R11=0000000000000cf8
R12=0000000000000000 R13=0000000000000000 R14=0000000000000000 R15=0000000000000000
RIP=ffffffff80000e71 RFL=00200246 [---Z-P-] CPL=0 II=0 A20=1 SMM=0 HLT=0
ES =0010 0000000000000000 ffffffff 008f9300 DPL=0 DS   [-WA]
CS =0008 0000000000000000 ffffffff 00af9a00 DPL=0 CS64 [-R-]
SS =0010 0000000000000000 ffffffff 008f9300 DPL=0 DS   [-WA]
DS =0010 0000000000000000 ffffffff 008f9300 DPL=0 DS   [-WA]
FS =0010 0000000000000000 ffffffff 008f9300 DPL=0 DS   [-WA]
GS =0010 0000000000000000 ffffffff 008f9300 DPL=0 DS   [-WA]
LDT=0000 0000000000000000 0000ffff 00008200 DPL=0 LDT
TR =0028 ffffffff8048b880 00000067 00008900 DPL=0 TSS64-avl
GDT=     ffffffff8048b900 00000037
IDT=     ffffffff8048b960 00000fff
CR0=80000011 CR2=0000000000000000 CR3=0000000000001000 CR4=00000020
DR0=0000000000000000 DR1=0000000000000000 DR2=0000000000000000 DR3=0000000000000000 
DR6=00000000ffff0ff0 DR7=0000000000000400
CCS=0000000000000044 CCD=0000000000110fb8 CCO=EFLAGS
EFER=0000000000000d00
Servicing hardware INT=0x20
    95: v=20 e=0000 i=0 cpl=0 IP=0008:ffffffff80000e71 pc=ffffffff80000e71 SP=0010:0000000000110fe0 env->regs[R_EAX]=0000000000000000
RAX=0000000000000000 RBX=000000000000001c RCX=00000000000003fd RDX=00000000000003f8
RSI=ffffffff80008780 RDI=000000000000000a RBP=00000000001001e8 RSP=0000000000110fe0
R8 =00000000000003f8 R9 =000000000027ff6e R10=0000000000040000 R11=0000000000000cf8
R12=0000000000000000 R13=0000000000000000 R14=0000000000000000 R15=0000000000000000
RIP=ffffffff80000e71 RFL=00200246 [---Z-P-] CPL=0 II=0 A20=1 SMM=0 HLT=0
ES =0010 0000000000000000 ffffffff 008f9300 DPL=0 DS   [-WA]
CS =0008 0000000000000000 ffffffff 00af9a00 DPL=0 CS64 [-R-]
SS =0010 0000000000000000 ffffffff 008f9300 DPL=0 DS   [-WA]
DS =0010 0000000000000000 ffffffff 008f9300 DPL=0 DS   [-WA]
FS =0010 0000000000000000 ffffffff 008f9300 DPL=0 DS   [-WA]
GS =0010 0000000000000000 ffffffff 008f9300 DPL=0 DS   [-WA]
LDT=0000 0000000000000000 0000ffff 00008200 DPL=0 LDT
TR =0028 ffffffff8048b880 00000067 00008900 DPL=0 TSS64-avl
GDT=     ffffffff8048b900 00000037
IDT=     ffffffff8048b960 00000fff
CR0=80000011 CR2=0000000000000000 CR3=0000000000001000 CR4=00000020
DR0=0000000000000000 DR1=0000000000000000 DR2=0000000000000000 DR3=0000000000000000 
DR6=00000000ffff0ff0 DR7=0000000000000400
CCS=0000000000000044 CCD=0000000000110fb8 CCO=EFLAGS
EFER=0000000000000d00
Servicing hardware INT=0x20
    96: v=20 e=0000 i=0 cpl=0 IP=0008:ffffffff80000e71 pc=ffffffff80000e71 SP=0010:0000000000110fe0 env->regs[R_EAX]=0000000000000000
RAX=0000000000000000 RBX=000000000000001c RCX=00000000000003fd RDX=00000000000003f8
RSI=ffffffff80008780 RDI=000000000000000a RBP=00000000001001e8 RSP=0000000000110fe0
R8 =00000000000003f8 R9 =000000000027ff6e R10=0000000000040000 R11=0000000000000cf8
R12=0000000000000000 R13=0000000000000000 R14=0000000000000000 R15=0000000000000000
RIP=ffffffff80000e71 RFL=00200246 [---Z-P-] CPL=0 II=0 A20=1 SMM=0 HLT=0
ES =0010 0000000000000000 ffffffff 008f9300 DPL=0 DS   [-WA]
CS =0008 0000000000000000 ffffffff 00af9a00 DPL=0 CS64 [-R-]
SS =0010 0000000000000000 ffffffff 008f9300 DPL=0 DS   [-WA]
DS =0010 0000000000000000 ffffffff 008f9300 DPL=0 DS   [-WA]
FS =0010 0000000000000000 ffffffff 008f9300 DPL=0 DS   [-WA]
GS =0010 0000000000000000 ffffffff 008f9300 DPL=0 DS   [-WA]
LDT=0000 0000000000000000 0000ffff 00008200 DPL=0 LDT
TR =0028 ffffffff8048b880 00000067 00008900 DPL=0 TSS64-avl
GDT=     ffffffff8048b900 00000037
IDT=     ffffffff8048b960 00000fff
CR0=80000011 CR2=0000000000000000 CR3=0000000000001000 CR4=00000020
DR0=0000000000000000 DR1=0000000000000000 DR2=0000000000000000 DR3=0000000000000000 
DR6=00000000ffff0ff0 DR7=0000000000000400
CCS=0000000000000044 CCD=0000000000110fb8 CCO=EFLAGS
EFER=0000000000000d00
Servicing hardware INT=0x20
    97: v=20 e=0000 i=0 cpl=0 IP=0008:ffffffff80000e71 pc=ffffffff80000e71 SP=0010:0000000000110fe0 env->regs[R_EAX]=0000000000000000
RAX=0000000000000000 RBX=000000000000001c RCX=00000000000003fd RDX=00000000000003f8
RSI=ffffffff80008780 RDI=000000000000000a RBP=00000000001001e8 RSP=0000000000110fe0
R8 =00000000000003f8 R9 =000000000027ff6e R10=0000000000040000 R11=0000000000000cf8
R12=0000000000000000 R13=0000000000000000 R14=0000000000000000 R15=0000000000000000
RIP=ffffffff80000e71 RFL=00200246 [---Z-P-] CPL=0 II=0 A20=1 SMM=0 HLT=0
ES =0010 0000000000000000 ffffffff 008f9300 DPL=0 DS   [-WA]
CS =0008 0000000000000000 ffffffff 00af9a00 DPL=0 CS64 [-R-]
SS =0010 0000000000000000 ffffffff 008f9300 DPL=0 DS   [-WA]
DS =0010 0000000000000000 ffffffff 008f9300 DPL=0 DS   [-WA]
FS =0010 0000000000000000 ffffffff 008f9300 DPL=0 DS   [-WA]
GS =0010 0000000000000000 ffffffff 008f9300 DPL=0 DS   [-WA]
LDT=0000 0000000000000000 0000ffff 00008200 DPL=0 LDT
TR =0028 ffffffff8048b880 00000067 00008900 DPL=0 TSS64-avl
GDT=     ffffffff8048b900 00000037
IDT=     ffffffff8048b960 00000fff
CR0=80000011 CR2=0000000000000000 CR3=0000000000001000 CR4=00000020
DR0=0000000000000000 DR1=0000000000000000 DR2=0000000000000000 DR3=0000000000000000 
DR6=00000000ffff0ff0 DR7=0000000000000400
CCS=0000000000000044 CCD=0000000000110fb8 CCO=EFLAGS
EFER=0000000000000d00
Servicing hardware INT=0x20
    98: v=20 e=0000 i=0 cpl=0 IP=0008:ffffffff80000e71 pc=ffffffff80000e71 SP=0010:0000000000110fe0 env->regs[R_EAX]=0000000000000000
RAX=0000000000000000 RBX=000000000000001c RCX=00000000000003fd RDX=00000000000003f8
RSI=ffffffff80008780 RDI=000000000000000a RBP=00000000001001e8 RSP=0000000000110fe0
R8 =00000000000003f8 R9 =000000000027ff6e R10=0000000000040000 R11=0000000000000cf8
R12=0000000000000000 R13=0000000000000000 R14=0000000000000000 R15=0000000000000000
RIP=ffffffff80000e71 RFL=00200246 [---Z-P-] CPL=0 II=0 A20=1 SMM=0 HLT=0
ES =0010 0000000000000000 ffffffff 008f9300 DPL=0 DS   [-WA]
CS =0008 0000000000000000 ffffffff 00af9a00 DPL=0 CS64 [-R-]
SS =0010 0000000000000000 ffffffff 008f9300 DPL=0 DS   [-WA]
DS =0010 0000000000000000 ffffffff 008f9300 DPL=0 DS   [-WA]
FS =0010 0000000000000000 ffffffff 008f9300 DPL=0 DS   [-WA]
GS =0010 0000000000000000 ffffffff 008f9300 DPL=0 DS   [-WA]
LDT=0000 0000000000000000 0000ffff 00008200 DPL=0 LDT
TR =0028 ffffffff8048b880 00000067 00008900 DPL=0 TSS64-avl
GDT=     ffffffff8048b900 00000037
IDT=     ffffffff8048b960 00000fff
CR0=80000011 CR2=0000000000000000 CR3=0000000000001000 CR4=00000020
DR0=0000000000000000 DR1=0000000000000000 DR2=0000000000000000 DR3=0000000000000000 
DR6=00000000ffff0ff0 DR7=0000000000000400
CCS=0000000000000044 CCD=0000000000110fb8 CCO=EFLAGS
EFER=0000000000000d00
Servicing hardware INT=0x20
    99: v=20 e=0000 i=0 cpl=0 IP=0008:ffffffff80000e71 pc=ffffffff80000e71 SP=0010:0000000000110fe0 env->regs[R_EAX]=0000000000000000
RAX=0000000000000000 RBX=000000000000001c RCX=00000000000003fd RDX=00000000000003f8
RSI=ffffffff80008780 RDI=000000000000000a RBP=00000000001001e8 RSP=0000000000110fe0
R8 =00000000000003f8 R9 =000000000027ff6e R10=0000000000040000 R11=0000000000000cf8
R12=0000000000000000 R13=0000000000000000 R14=0000000000000000 R15=0000000000000000
RIP=ffffffff80000e71 RFL=00200246 [---Z-P-] CPL=0 II=0 A20=1 SMM=0 HLT=0
ES =0010 0000000000000000 ffffffff 008f9300 DPL=0 DS   [-WA]
CS =0008 0000000000000000 ffffffff 00af9a00 DPL=0 CS64 [-R-]
SS =0010 0000000000000000 ffffffff 008f9300 DPL=0 DS   [-WA]
DS =0010 0000000000000000 ffffffff 008f9300 DPL=0 DS   [-WA]
FS =0010 0000000000000000 ffffffff 008f9300 DPL=0 DS   [-WA]
GS =0010 0000000000000000 ffffffff 008f9300 DPL=0 DS   [-WA]
LDT=0000 0000000000000000 0000ffff 00008200 DPL=0 LDT
TR =0028 ffffffff8048b880 00000067 00008900 DPL=0 TSS64-avl
GDT=     ffffffff8048b900 00000037
IDT=     ffffffff8048b960 00000fff
CR0=80000011 CR2=0000000000000000 CR3=0000000000001000 CR4=00000020
DR0=0000000000000000 DR1=0000000000000000 DR2=0000000000000000 DR3=0000000000000000 
DR6=00000000ffff0ff0 DR7=0000000000000400
CCS=0000000000000044 CCD=0000000000110fb8 CCO=EFLAGS
EFER=0000000000000d00
Servicing hardware INT=0x20
   100: v=20 e=0000 i=0 cpl=0 IP=0008:ffffffff80000e71 pc=ffffffff80000e71 SP=0010:0000000000110fe0 env->regs[R_EAX]=0000000000000000
RAX=0000000000000000 RBX=000000000000001c RCX=00000000000003fd RDX=00000000000003f8
RSI=ffffffff80008780 RDI=000000000000000a RBP=00000000001001e8 RSP=0000000000110fe0
R8 =00000000000003f8 R9 =000000000027ff6e R10=0000000000040000 R11=0000000000000cf8
R12=0000000000000000 R13=0000000000000000 R14=0000000000000000 R15=0000000000000000
RIP=ffffffff80000e71 RFL=00200246 [---Z-P-] CPL=0 II=0 A20=1 SMM=0 HLT=0
ES =0010 0000000000000000 ffffffff 008f9300 DPL=0 DS   [-WA]
CS =0008 0000000000000000 ffffffff 00af9a00 DPL=0 CS64 [-R-]
SS =0010 0000000000000000 ffffffff 008f9300 DPL=0 DS   [-WA]
DS =0010 0000000000000000 ffffffff 008f9300 DPL=0 DS   [-WA]
FS =0010 0000000000000000 ffffffff 008f9300 DPL=0 DS   [-WA]
GS =0010 0000000000000000 ffffffff 008f9300 DPL=0 DS   [-WA]
LDT=0000 0000000000000000 0000ffff 00008200 DPL=0 LDT
TR =0028 ffffffff8048b880 00000067 00008900 DPL=0 TSS64-avl
GDT=     ffffffff8048b900 00000037
IDT=     ffffffff8048b960 00000fff
CR0=80000011 CR2=0000000000000000 CR3=0000000000001000 CR4=00000020
DR0=0000000000000000 DR1=0000000000000000 DR2=0000000000000000 DR3=0000000000000000 
DR6=00000000ffff0ff0 DR7=0000000000000400
CCS=0000000000000044 CCD=0000000000110fb8 CCO=EFLAGS
EFER=0000000000000d00
Servicing hardware INT=0x20
   101: v=20 e=0000 i=0 cpl=0 IP=0008:ffffffff80000e71 pc=ffffffff80000e71 SP=0010:0000000000110fe0 env->regs[R_EAX]=0000000000000000
RAX=0000000000000000 RBX=000000000000001c RCX=00000000000003fd RDX=00000000000003f8
RSI=ffffffff80008780 RDI=000000000000000a RBP=00000000001001e8 RSP=0000000000110fe0
R8 =00000000000003f8 R9 =000000000027ff6e R10=0000000000040000 R11=0000000000000cf8
R12=0000000000000000 R13=0000000000000000 R14=0000000000000000 R15=0000000000000000
RIP=ffffffff80000e71 RFL=00200246 [---Z-P-] CPL=0 II=0 A20=1 SMM=0 HLT=0
ES =0010 0000000000000000 ffffffff 008f9300 DPL=0 DS   [-WA]
CS =0008 0000000000000000 ffffffff 00af9a00 DPL=0 CS64 [-R-]
SS =0010 0000000000000000 ffffffff 008f9300 DPL=0 DS   [-WA]
DS =0010 0000000000000000 ffffffff 008f9300 DPL=0 DS   [-WA]
FS =0010 0000000000000000 ffffffff 008f9300 DPL=0 DS   [-WA]
GS =0010 0000000000000000 ffffffff 008f9300 DPL=0 DS   [-WA]
LDT=0000 0000000000000000 0000ffff 00008200 DPL=0 LDT
TR =0028 ffffffff8048b880 00000067 00008900 DPL=0 TSS64-avl
GDT=     ffffffff8048b900 00000037
IDT=     ffffffff8048b960 00000fff
CR0=80000011 CR2=0000000000000000 CR3=0000000000001000 CR4=00000020
DR0=0000000000000000 DR1=0000000000000000 DR2=0000000000000000 DR3=0000000000000000 
DR6=00000000ffff0ff0 DR7=0000000000000400
CCS=0000000000000044 CCD=0000000000110fb8 CCO=EFLAGS
EFER=0000000000000d00
Servicing hardware INT=0x20
   102: v=20 e=0000 i=0 cpl=0 IP=0008:ffffffff80000e71 pc=ffffffff80000e71 SP=0010:0000000000110fe0 env->regs[R_EAX]=0000000000000000
RAX=0000000000000000 RBX=000000000000001c RCX=00000000000003fd RDX=00000000000003f8
RSI=ffffffff80008780 RDI=000000000000000a RBP=00000000001001e8 RSP=0000000000110fe0
R8 =00000000000003f8 R9 =000000000027ff6e R10=0000000000040000 R11=0000000000000cf8
R12=0000000000000000 R13=0000000000000000 R14=0000000000000000 R15=0000000000000000
RIP=ffffffff80000e71 RFL=00200246 [---Z-P-] CPL=0 II=0 A20=1 SMM=0 HLT=0
ES =0010 0000000000000000 ffffffff 008f9300 DPL=0 DS   [-WA]
CS =0008 0000000000000000 ffffffff 00af9a00 DPL=0 CS64 [-R-]
SS =0010 0000000000000000 ffffffff 008f9300 DPL=0 DS   [-WA]
DS =0010 0000000000000000 ffffffff 008f9300 DPL=0 DS   [-WA]
FS =0010 0000000000000000 ffffffff 008f9300 DPL=0 DS   [-WA]
GS =0010 0000000000000000 ffffffff 008f9300 DPL=0 DS   [-WA]
LDT=0000 0000000000000000 0000ffff 00008200 DPL=0 LDT
TR =0028 ffffffff8048b880 00000067 00008900 DPL=0 TSS64-avl
GDT=     ffffffff8048b900 00000037
IDT=     ffffffff8048b960 00000fff
CR0=80000011 CR2=0000000000000000 CR3=0000000000001000 CR4=00000020
DR0=0000000000000000 DR1=0000000000000000 DR2=0000000000000000 DR3=0000000000000000 
DR6=00000000ffff0ff0 DR7=0000000000000400
CCS=0000000000000044 CCD=0000000000110fb8 CCO=EFLAGS
EFER=0000000000000d00
Servicing hardware INT=0x20
   103: v=20 e=0000 i=0 cpl=0 IP=0008:ffffffff80000e71 pc=ffffffff80000e71 SP=0010:0000000000110fe0 env->regs[R_EAX]=0000000000000000
RAX=0000000000000000 RBX=000000000000001c RCX=00000000000003fd RDX=00000000000003f8
RSI=ffffffff80008780 RDI=000000000000000a RBP=00000000001001e8 RSP=0000000000110fe0
R8 =00000000000003f8 R9 =000000000027ff6e R10=0000000000040000 R11=0000000000000cf8
R12=0000000000000000 R13=0000000000000000 R14=0000000000000000 R15=0000000000000000
RIP=ffffffff80000e71 RFL=00200246 [---Z-P-] CPL=0 II=0 A20=1 SMM=0 HLT=0
ES =0010 0000000000000000 ffffffff 008f9300 DPL=0 DS   [-WA]
CS =0008 0000000000000000 ffffffff 00af9a00 DPL=0 CS64 [-R-]
SS =0010 0000000000000000 ffffffff 008f9300 DPL=0 DS   [-WA]
DS =0010 0000000000000000 ffffffff 008f9300 DPL=0 DS   [-WA]
FS =0010 0000000000000000 ffffffff 008f9300 DPL=0 DS   [-WA]
GS =0010 0000000000000000 ffffffff 008f9300 DPL=0 DS   [-WA]
LDT=0000 0000000000000000 0000ffff 00008200 DPL=0 LDT
TR =0028 ffffffff8048b880 00000067 00008900 DPL=0 TSS64-avl
GDT=     ffffffff8048b900 00000037
IDT=     ffffffff8048b960 00000fff
CR0=80000011 CR2=0000000000000000 CR3=0000000000001000 CR4=00000020
DR0=0000000000000000 DR1=0000000000000000 DR2=0000000000000000 DR3=0000000000000000 
DR6=00000000ffff0ff0 DR7=0000000000000400
CCS=0000000000000044 CCD=0000000000110fb8 CCO=EFLAGS
EFER=0000000000000d00
Servicing hardware INT=0x20
   104: v=20 e=0000 i=0 cpl=0 IP=0008:ffffffff80000e71 pc=ffffffff80000e71 SP=0010:0000000000110fe0 env->regs[R_EAX]=0000000000000000
RAX=0000000000000000 RBX=000000000000001c RCX=00000000000003fd RDX=00000000000003f8
RSI=ffffffff80008780 RDI=000000000000000a RBP=00000000001001e8 RSP=0000000000110fe0
R8 =00000000000003f8 R9 =000000000027ff6e R10=0000000000040000 R11=0000000000000cf8
R12=0000000000000000 R13=0000000000000000 R14=0000000000000000 R15=0000000000000000
RIP=ffffffff80000e71 RFL=00200246 [---Z-P-] CPL=0 II=0 A20=1 SMM=0 HLT=0
ES =0010 0000000000000000 ffffffff 008f9300 DPL=0 DS   [-WA]
CS =0008 0000000000000000 ffffffff 00af9a00 DPL=0 CS64 [-R-]
SS =0010 0000000000000000 ffffffff 008f9300 DPL=0 DS   [-WA]
DS =0010 0000000000000000 ffffffff 008f9300 DPL=0 DS   [-WA]
FS =0010 0000000000000000 ffffffff 008f9300 DPL=0 DS   [-WA]
GS =0010 0000000000000000 ffffffff 008f9300 DPL=0 DS   [-WA]
LDT=0000 0000000000000000 0000ffff 00008200 DPL=0 LDT
TR =0028 ffffffff8048b880 00000067 00008900 DPL=0 TSS64-avl
GDT=     ffffffff8048b900 00000037
IDT=     ffffffff8048b960 00000fff
CR0=80000011 CR2=0000000000000000 CR3=0000000000001000 CR4=00000020
DR0=0000000000000000 DR1=0000000000000000 DR2=0000000000000000 DR3=0000000000000000 
DR6=00000000ffff0ff0 DR7=0000000000000400
CCS=0000000000000044 CCD=0000000000110fb8 CCO=EFLAGS
EFER=0000000000000d00
Servicing hardware INT=0x20
   105: v=20 e=0000 i=0 cpl=0 IP=0008:ffffffff80000e71 pc=ffffffff80000e71 SP=0010:0000000000110fe0 env->regs[R_EAX]=0000000000000000
RAX=0000000000000000 RBX=000000000000001c RCX=00000000000003fd RDX=00000000000003f8
RSI=ffffffff80008780 RDI=000000000000000a RBP=00000000001001e8 RSP=0000000000110fe0
R8 =00000000000003f8 R9 =000000000027ff6e R10=0000000000040000 R11=0000000000000cf8
R12=0000000000000000 R13=0000000000000000 R14=0000000000000000 R15=0000000000000000
RIP=ffffffff80000e71 RFL=00200246 [---Z-P-] CPL=0 II=0 A20=1 SMM=0 HLT=0
ES =0010 0000000000000000 ffffffff 008f9300 DPL=0 DS   [-WA]
CS =0008 0000000000000000 ffffffff 00af9a00 DPL=0 CS64 [-R-]
SS =0010 0000000000000000 ffffffff 008f9300 DPL=0 DS   [-WA]
DS =0010 0000000000000000 ffffffff 008f9300 DPL=0 DS   [-WA]
FS =0010 0000000000000000 ffffffff 008f9300 DPL=0 DS   [-WA]
GS =0010 0000000000000000 ffffffff 008f9300 DPL=0 DS   [-WA]
LDT=0000 0000000000000000 0000ffff 00008200 DPL=0 LDT
TR =0028 ffffffff8048b880 00000067 00008900 DPL=0 TSS64-avl
GDT=     ffffffff8048b900 00000037
IDT=     ffffffff8048b960 00000fff
CR0=80000011 CR2=0000000000000000 CR3=0000000000001000 CR4=00000020
DR0=0000000000000000 DR1=0000000000000000 DR2=0000000000000000 DR3=0000000000000000 
DR6=00000000ffff0ff0 DR7=0000000000000400
CCS=0000000000000044 CCD=0000000000110fb8 CCO=EFLAGS
EFER=0000000000000d00
Servicing hardware INT=0x20
   106: v=20 e=0000 i=0 cpl=0 IP=0008:ffffffff80000e71 pc=ffffffff80000e71 SP=0010:0000000000110fe0 env->regs[R_EAX]=0000000000000000
RAX=0000000000000000 RBX=000000000000001c RCX=00000000000003fd RDX=00000000000003f8
RSI=ffffffff80008780 RDI=000000000000000a RBP=00000000001001e8 RSP=0000000000110fe0
R8 =00000000000003f8 R9 =000000000027ff6e R10=0000000000040000 R11=0000000000000cf8
R12=0000000000000000 R13=0000000000000000 R14=0000000000000000 R15=0000000000000000
RIP=ffffffff80000e71 RFL=00200246 [---Z-P-] CPL=0 II=0 A20=1 SMM=0 HLT=0
ES =0010 0000000000000000 ffffffff 008f9300 DPL=0 DS   [-WA]
CS =0008 0000000000000000 ffffffff 00af9a00 DPL=0 CS64 [-R-]
SS =0010 0000000000000000 ffffffff 008f9300 DPL=0 DS   [-WA]
DS =0010 0000000000000000 ffffffff 008f9300 DPL=0 DS   [-WA]
FS =0010 0000000000000000 ffffffff 008f9300 DPL=0 DS   [-WA]
GS =0010 0000000000000000 ffffffff 008f9300 DPL=0 DS   [-WA]
LDT=0000 0000000000000000 0000ffff 00008200 DPL=0 LDT
TR =0028 ffffffff8048b880 00000067 00008900 DPL=0 TSS64-avl
GDT=     ffffffff8048b900 00000037
IDT=     ffffffff8048b960 00000fff
CR0=80000011 CR2=0000000000000000 CR3=0000000000001000 CR4=00000020
DR0=0000000000000000 DR1=0000000000000000 DR2=0000000000000000 DR3=0000000000000000 
DR6=00000000ffff0ff0 DR7=0000000000000400
CCS=0000000000000044 CCD=0000000000110fb8 CCO=EFLAGS
EFER=0000000000000d00
Servicing hardware INT=0x20
   107: v=20 e=0000 i=0 cpl=0 IP=0008:ffffffff80000e71 pc=ffffffff80000e71 SP=0010:0000000000110fe0 env->regs[R_EAX]=0000000000000000
RAX=0000000000000000 RBX=000000000000001c RCX=00000000000003fd RDX=00000000000003f8
RSI=ffffffff80008780 RDI=000000000000000a RBP=00000000001001e8 RSP=0000000000110fe0
R8 =00000000000003f8 R9 =000000000027ff6e R10=0000000000040000 R11=0000000000000cf8
R12=0000000000000000 R13=0000000000000000 R14=0000000000000000 R15=0000000000000000
RIP=ffffffff80000e71 RFL=00200246 [---Z-P-] CPL=0 II=0 A20=1 SMM=0 HLT=0
ES =0010 0000000000000000 ffffffff 008f9300 DPL=0 DS   [-WA]
CS =0008 0000000000000000 ffffffff 00af9a00 DPL=0 CS64 [-R-]
SS =0010 0000000000000000 ffffffff 008f9300 DPL=0 DS   [-WA]
DS =0010 0000000000000000 ffffffff 008f9300 DPL=0 DS   [-WA]
FS =0010 0000000000000000 ffffffff 008f9300 DPL=0 DS   [-WA]
GS =0010 0000000000000000 ffffffff 008f9300 DPL=0 DS   [-WA]
LDT=0000 0000000000000000 0000ffff 00008200 DPL=0 LDT
TR =0028 ffffffff8048b880 00000067 00008900 DPL=0 TSS64-avl
GDT=     ffffffff8048b900 00000037
IDT=     ffffffff8048b960 00000fff
CR0=80000011 CR2=0000000000000000 CR3=0000000000001000 CR4=00000020
DR0=0000000000000000 DR1=0000000000000000 DR2=0000000000000000 DR3=0000000000000000 
DR6=00000000ffff0ff0 DR7=0000000000000400
CCS=0000000000000044 CCD=0000000000110fb8 CCO=EFLAGS
EFER=0000000000000d00
Servicing hardware INT=0x20
   108: v=20 e=0000 i=0 cpl=0 IP=0008:ffffffff80000e71 pc=ffffffff80000e71 SP=0010:0000000000110fe0 env->regs[R_EAX]=0000000000000000
RAX=0000000000000000 RBX=000000000000001c RCX=00000000000003fd RDX=00000000000003f8
RSI=ffffffff80008780 RDI=000000000000000a RBP=00000000001001e8 RSP=0000000000110fe0
R8 =00000000000003f8 R9 =000000000027ff6e R10=0000000000040000 R11=0000000000000cf8
R12=0000000000000000 R13=0000000000000000 R14=0000000000000000 R15=0000000000000000
RIP=ffffffff80000e71 RFL=00200246 [---Z-P-] CPL=0 II=0 A20=1 SMM=0 HLT=0
ES =0010 0000000000000000 ffffffff 008f9300 DPL=0 DS   [-WA]
CS =0008 0000000000000000 ffffffff 00af9a00 DPL=0 CS64 [-R-]
SS =0010 0000000000000000 ffffffff 008f9300 DPL=0 DS   [-WA]
DS =0010 0000000000000000 ffffffff 008f9300 DPL=0 DS   [-WA]
FS =0010 0000000000000000 ffffffff 008f9300 DPL=0 DS   [-WA]
GS =0010 0000000000000000 ffffffff 008f9300 DPL=0 DS   [-WA]
LDT=0000 0000000000000000 0000ffff 00008200 DPL=0 LDT
TR =0028 ffffffff8048b880 00000067 00008900 DPL=0 TSS64-avl
GDT=     ffffffff8048b900 00000037
IDT=     ffffffff8048b960 00000fff
CR0=80000011 CR2=0000000000000000 CR3=0000000000001000 CR4=00000020
DR0=0000000000000000 DR1=0000000000000000 DR2=0000000000000000 DR3=0000000000000000 
DR6=00000000ffff0ff0 DR7=0000000000000400
CCS=0000000000000044 CCD=0000000000110fb8 CCO=EFLAGS
EFER=0000000000000d00
Servicing hardware INT=0x20
   109: v=20 e=0000 i=0 cpl=0 IP=0008:ffffffff80000e71 pc=ffffffff80000e71 SP=0010:0000000000110fe0 env->regs[R_EAX]=0000000000000000
RAX=0000000000000000 RBX=000000000000001c RCX=00000000000003fd RDX=00000000000003f8
RSI=ffffffff80008780 RDI=000000000000000a RBP=00000000001001e8 RSP=0000000000110fe0
R8 =00000000000003f8 R9 =000000000027ff6e R10=0000000000040000 R11=0000000000000cf8
R12=0000000000000000 R13=0000000000000000 R14=0000000000000000 R15=0000000000000000
RIP=ffffffff80000e71 RFL=00200246 [---Z-P-] CPL=0 II=0 A20=1 SMM=0 HLT=0
ES =0010 0000000000000000 ffffffff 008f9300 DPL=0 DS   [-WA]
CS =0008 0000000000000000 ffffffff 00af9a00 DPL=0 CS64 [-R-]
SS =0010 0000000000000000 ffffffff 008f9300 DPL=0 DS   [-WA]
DS =0010 0000000000000000 ffffffff 008f9300 DPL=0 DS   [-WA]
FS =0010 0000000000000000 ffffffff 008f9300 DPL=0 DS   [-WA]
GS =0010 0000000000000000 ffffffff 008f9300 DPL=0 DS   [-WA]
LDT=0000 0000000000000000 0000ffff 00008200 DPL=0 LDT
TR =0028 ffffffff8048b880 00000067 00008900 DPL=0 TSS64-avl
GDT=     ffffffff8048b900 00000037
IDT=     ffffffff8048b960 00000fff
CR0=80000011 CR2=0000000000000000 CR3=0000000000001000 CR4=00000020
DR0=0000000000000000 DR1=0000000000000000 DR2=0000000000000000 DR3=0000000000000000 
DR6=00000000ffff0ff0 DR7=0000000000000400
CCS=0000000000000044 CCD=0000000000110fb8 CCO=EFLAGS
EFER=0000000000000d00
Servicing hardware INT=0x20
   110: v=20 e=0000 i=0 cpl=0 IP=0008:ffffffff80000e71 pc=ffffffff80000e71 SP=0010:0000000000110fe0 env->regs[R_EAX]=0000000000000000
RAX=0000000000000000 RBX=000000000000001c RCX=00000000000003fd RDX=00000000000003f8
RSI=ffffffff80008780 RDI=000000000000000a RBP=00000000001001e8 RSP=0000000000110fe0
R8 =00000000000003f8 R9 =000000000027ff6e R10=0000000000040000 R11=0000000000000cf8
R12=0000000000000000 R13=0000000000000000 R14=0000000000000000 R15=0000000000000000
RIP=ffffffff80000e71 RFL=00200246 [---Z-P-] CPL=0 II=0 A20=1 SMM=0 HLT=0
ES =0010 0000000000000000 ffffffff 008f9300 DPL=0 DS   [-WA]
CS =0008 0000000000000000 ffffffff 00af9a00 DPL=0 CS64 [-R-]
SS =0010 0000000000000000 ffffffff 008f9300 DPL=0 DS   [-WA]
DS =0010 0000000000000000 ffffffff 008f9300 DPL=0 DS   [-WA]
FS =0010 0000000000000000 ffffffff 008f9300 DPL=0 DS   [-WA]
GS =0010 0000000000000000 ffffffff 008f9300 DPL=0 DS   [-WA]
LDT=0000 0000000000000000 0000ffff 00008200 DPL=0 LDT
TR =0028 ffffffff8048b880 00000067 00008900 DPL=0 TSS64-avl
GDT=     ffffffff8048b900 00000037
IDT=     ffffffff8048b960 00000fff
CR0=80000011 CR2=0000000000000000 CR3=0000000000001000 CR4=00000020
DR0=0000000000000000 DR1=0000000000000000 DR2=0000000000000000 DR3=0000000000000000 
DR6=00000000ffff0ff0 DR7=0000000000000400
CCS=0000000000000044 CCD=0000000000110fb8 CCO=EFLAGS
EFER=0000000000000d00
Servicing hardware INT=0x20
   111: v=20 e=0000 i=0 cpl=0 IP=0008:ffffffff80000e71 pc=ffffffff80000e71 SP=0010:0000000000110fe0 env->regs[R_EAX]=0000000000000000
RAX=0000000000000000 RBX=000000000000001c RCX=00000000000003fd RDX=00000000000003f8
RSI=ffffffff80008780 RDI=000000000000000a RBP=00000000001001e8 RSP=0000000000110fe0
R8 =00000000000003f8 R9 =000000000027ff6e R10=0000000000040000 R11=0000000000000cf8
R12=0000000000000000 R13=0000000000000000 R14=0000000000000000 R15=0000000000000000
RIP=ffffffff80000e71 RFL=00200246 [---Z-P-] CPL=0 II=0 A20=1 SMM=0 HLT=0
ES =0010 0000000000000000 ffffffff 008f9300 DPL=0 DS   [-WA]
CS =0008 0000000000000000 ffffffff 00af9a00 DPL=0 CS64 [-R-]
SS =0010 0000000000000000 ffffffff 008f9300 DPL=0 DS   [-WA]
DS =0010 0000000000000000 ffffffff 008f9300 DPL=0 DS   [-WA]
FS =0010 0000000000000000 ffffffff 008f9300 DPL=0 DS   [-WA]
GS =0010 0000000000000000 ffffffff 008f9300 DPL=0 DS   [-WA]
LDT=0000 0000000000000000 0000ffff 00008200 DPL=0 LDT
TR =0028 ffffffff8048b880 00000067 00008900 DPL=0 TSS64-avl
GDT=     ffffffff8048b900 00000037
IDT=     ffffffff8048b960 00000fff
CR0=80000011 CR2=0000000000000000 CR3=0000000000001000 CR4=00000020
DR0=0000000000000000 DR1=0000000000000000 DR2=0000000000000000 DR3=0000000000000000 
DR6=00000000ffff0ff0 DR7=0000000000000400
CCS=0000000000000044 CCD=0000000000110fb8 CCO=EFLAGS
EFER=0000000000000d00
Servicing hardware INT=0x20
   112: v=20 e=0000 i=0 cpl=0 IP=0008:ffffffff80000e71 pc=ffffffff80000e71 SP=0010:0000000000110fe0 env->regs[R_EAX]=0000000000000000
RAX=0000000000000000 RBX=000000000000001c RCX=00000000000003fd RDX=00000000000003f8
RSI=ffffffff80008780 RDI=000000000000000a RBP=00000000001001e8 RSP=0000000000110fe0
R8 =00000000000003f8 R9 =000000000027ff6e R10=0000000000040000 R11=0000000000000cf8
R12=0000000000000000 R13=0000000000000000 R14=0000000000000000 R15=0000000000000000
RIP=ffffffff80000e71 RFL=00200246 [---Z-P-] CPL=0 II=0 A20=1 SMM=0 HLT=0
ES =0010 0000000000000000 ffffffff 008f9300 DPL=0 DS   [-WA]
CS =0008 0000000000000000 ffffffff 00af9a00 DPL=0 CS64 [-R-]
SS =0010 0000000000000000 ffffffff 008f9300 DPL=0 DS   [-WA]
DS =0010 0000000000000000 ffffffff 008f9300 DPL=0 DS   [-WA]
FS =0010 0000000000000000 ffffffff 008f9300 DPL=0 DS   [-WA]
GS =0010 0000000000000000 ffffffff 008f9300 DPL=0 DS   [-WA]
LDT=0000 0000000000000000 0000ffff 00008200 DPL=0 LDT
TR =0028 ffffffff8048b880 00000067 00008900 DPL=0 TSS64-avl
GDT=     ffffffff8048b900 00000037
IDT=     ffffffff8048b960 00000fff
CR0=80000011 CR2=0000000000000000 CR3=0000000000001000 CR4=00000020
DR0=0000000000000000 DR1=0000000000000000 DR2=0000000000000000 DR3=0000000000000000 
DR6=00000000ffff0ff0 DR7=0000000000000400
CCS=0000000000000044 CCD=0000000000110fb8 CCO=EFLAGS
EFER=0000000000000d00
Servicing hardware INT=0x20
   113: v=20 e=0000 i=0 cpl=0 IP=0008:ffffffff80000e71 pc=ffffffff80000e71 SP=0010:0000000000110fe0 env->regs[R_EAX]=0000000000000000
RAX=0000000000000000 RBX=000000000000001c RCX=00000000000003fd RDX=00000000000003f8
RSI=ffffffff80008780 RDI=000000000000000a RBP=00000000001001e8 RSP=0000000000110fe0
R8 =00000000000003f8 R9 =000000000027ff6e R10=0000000000040000 R11=0000000000000cf8
R12=0000000000000000 R13=0000000000000000 R14=0000000000000000 R15=0000000000000000
RIP=ffffffff80000e71 RFL=00200246 [---Z-P-] CPL=0 II=0 A20=1 SMM=0 HLT=0
ES =0010 0000000000000000 ffffffff 008f9300 DPL=0 DS   [-WA]
CS =0008 0000000000000000 ffffffff 00af9a00 DPL=0 CS64 [-R-]
SS =0010 0000000000000000 ffffffff 008f9300 DPL=0 DS   [-WA]
DS =0010 0000000000000000 ffffffff 008f9300 DPL=0 DS   [-WA]
FS =0010 0000000000000000 ffffffff 008f9300 DPL=0 DS   [-WA]
GS =0010 0000000000000000 ffffffff 008f9300 DPL=0 DS   [-WA]
LDT=0000 0000000000000000 0000ffff 00008200 DPL=0 LDT
TR =0028 ffffffff8048b880 00000067 00008900 DPL=0 TSS64-avl
GDT=     ffffffff8048b900 00000037
IDT=     ffffffff8048b960 00000fff
CR0=80000011 CR2=0000000000000000 CR3=0000000000001000 CR4=00000020
DR0=0000000000000000 DR1=0000000000000000 DR2=0000000000000000 DR3=0000000000000000 
DR6=00000000ffff0ff0 DR7=0000000000000400
CCS=0000000000000044 CCD=0000000000110fb8 CCO=EFLAGS
EFER=0000000000000d00
Servicing hardware INT=0x20
   114: v=20 e=0000 i=0 cpl=0 IP=0008:ffffffff80000e71 pc=ffffffff80000e71 SP=0010:0000000000110fe0 env->regs[R_EAX]=0000000000000000
RAX=0000000000000000 RBX=000000000000001c RCX=00000000000003fd RDX=00000000000003f8
RSI=ffffffff80008780 RDI=000000000000000a RBP=00000000001001e8 RSP=0000000000110fe0
R8 =00000000000003f8 R9 =000000000027ff6e R10=0000000000040000 R11=0000000000000cf8
R12=0000000000000000 R13=0000000000000000 R14=0000000000000000 R15=0000000000000000
RIP=ffffffff80000e71 RFL=00200246 [---Z-P-] CPL=0 II=0 A20=1 SMM=0 HLT=0
ES =0010 0000000000000000 ffffffff 008f9300 DPL=0 DS   [-WA]
CS =0008 0000000000000000 ffffffff 00af9a00 DPL=0 CS64 [-R-]
SS =0010 0000000000000000 ffffffff 008f9300 DPL=0 DS   [-WA]
DS =0010 0000000000000000 ffffffff 008f9300 DPL=0 DS   [-WA]
FS =0010 0000000000000000 ffffffff 008f9300 DPL=0 DS   [-WA]
GS =0010 0000000000000000 ffffffff 008f9300 DPL=0 DS   [-WA]
LDT=0000 0000000000000000 0000ffff 00008200 DPL=0 LDT
TR =0028 ffffffff8048b880 00000067 00008900 DPL=0 TSS64-avl
GDT=     ffffffff8048b900 00000037
IDT=     ffffffff8048b960 00000fff
CR0=80000011 CR2=0000000000000000 CR3=0000000000001000 CR4=00000020
DR0=0000000000000000 DR1=0000000000000000 DR2=0000000000000000 DR3=0000000000000000 
DR6=00000000ffff0ff0 DR7=0000000000000400
CCS=0000000000000044 CCD=0000000000110fb8 CCO=EFLAGS
EFER=0000000000000d00
Servicing hardware INT=0x20
   115: v=20 e=0000 i=0 cpl=0 IP=0008:ffffffff80000e71 pc=ffffffff80000e71 SP=0010:0000000000110fe0 env->regs[R_EAX]=0000000000000000
RAX=0000000000000000 RBX=000000000000001c RCX=00000000000003fd RDX=00000000000003f8
RSI=ffffffff80008780 RDI=000000000000000a RBP=00000000001001e8 RSP=0000000000110fe0
R8 =00000000000003f8 R9 =000000000027ff6e R10=0000000000040000 R11=0000000000000cf8
R12=0000000000000000 R13=0000000000000000 R14=0000000000000000 R15=0000000000000000
RIP=ffffffff80000e71 RFL=00200246 [---Z-P-] CPL=0 II=0 A20=1 SMM=0 HLT=0
ES =0010 0000000000000000 ffffffff 008f9300 DPL=0 DS   [-WA]
CS =0008 0000000000000000 ffffffff 00af9a00 DPL=0 CS64 [-R-]
SS =0010 0000000000000000 ffffffff 008f9300 DPL=0 DS   [-WA]
DS =0010 0000000000000000 ffffffff 008f9300 DPL=0 DS   [-WA]
FS =0010 0000000000000000 ffffffff 008f9300 DPL=0 DS   [-WA]
GS =0010 0000000000000000 ffffffff 008f9300 DPL=0 DS   [-WA]
LDT=0000 0000000000000000 0000ffff 00008200 DPL=0 LDT
TR =0028 ffffffff8048b880 00000067 00008900 DPL=0 TSS64-avl
GDT=     ffffffff8048b900 00000037
IDT=     ffffffff8048b960 00000fff
CR0=80000011 CR2=0000000000000000 CR3=0000000000001000 CR4=00000020
DR0=0000000000000000 DR1=0000000000000000 DR2=0000000000000000 DR3=0000000000000000 
DR6=00000000ffff0ff0 DR7=0000000000000400
CCS=0000000000000044 CCD=0000000000110fb8 CCO=EFLAGS
EFER=0000000000000d00
Servicing hardware INT=0x20
   116: v=20 e=0000 i=0 cpl=0 IP=0008:ffffffff80000e71 pc=ffffffff80000e71 SP=0010:0000000000110fe0 env->regs[R_EAX]=0000000000000000
RAX=0000000000000000 RBX=000000000000001c RCX=00000000000003fd RDX=00000000000003f8
RSI=ffffffff80008780 RDI=000000000000000a RBP=00000000001001e8 RSP=0000000000110fe0
R8 =00000000000003f8 R9 =000000000027ff6e R10=0000000000040000 R11=0000000000000cf8
R12=0000000000000000 R13=0000000000000000 R14=0000000000000000 R15=0000000000000000
RIP=ffffffff80000e71 RFL=00200246 [---Z-P-] CPL=0 II=0 A20=1 SMM=0 HLT=0
ES =0010 0000000000000000 ffffffff 008f9300 DPL=0 DS   [-WA]
CS =0008 0000000000000000 ffffffff 00af9a00 DPL=0 CS64 [-R-]
SS =0010 0000000000000000 ffffffff 008f9300 DPL=0 DS   [-WA]
DS =0010 0000000000000000 ffffffff 008f9300 DPL=0 DS   [-WA]
FS =0010 0000000000000000 ffffffff 008f9300 DPL=0 DS   [-WA]
GS =0010 0000000000000000 ffffffff 008f9300 DPL=0 DS   [-WA]
LDT=0000 0000000000000000 0000ffff 00008200 DPL=0 LDT
TR =0028 ffffffff8048b880 00000067 00008900 DPL=0 TSS64-avl
GDT=     ffffffff8048b900 00000037
IDT=     ffffffff8048b960 00000fff
CR0=80000011 CR2=0000000000000000 CR3=0000000000001000 CR4=00000020
DR0=0000000000000000 DR1=0000000000000000 DR2=0000000000000000 DR3=0000000000000000 
DR6=00000000ffff0ff0 DR7=0000000000000400
CCS=0000000000000044 CCD=0000000000110fb8 CCO=EFLAGS
EFER=0000000000000d00
Servicing hardware INT=0x20
   117: v=20 e=0000 i=0 cpl=0 IP=0008:ffffffff80000e71 pc=ffffffff80000e71 SP=0010:0000000000110fe0 env->regs[R_EAX]=0000000000000000
RAX=0000000000000000 RBX=000000000000001c RCX=00000000000003fd RDX=00000000000003f8
RSI=ffffffff80008780 RDI=000000000000000a RBP=00000000001001e8 RSP=0000000000110fe0
R8 =00000000000003f8 R9 =000000000027ff6e R10=0000000000040000 R11=0000000000000cf8
R12=0000000000000000 R13=0000000000000000 R14=0000000000000000 R15=0000000000000000
RIP=ffffffff80000e71 RFL=00200246 [---Z-P-] CPL=0 II=0 A20=1 SMM=0 HLT=0
ES =0010 0000000000000000 ffffffff 008f9300 DPL=0 DS   [-WA]
CS =0008 0000000000000000 ffffffff 00af9a00 DPL=0 CS64 [-R-]
SS =0010 0000000000000000 ffffffff 008f9300 DPL=0 DS   [-WA]
DS =0010 0000000000000000 ffffffff 008f9300 DPL=0 DS   [-WA]
FS =0010 0000000000000000 ffffffff 008f9300 DPL=0 DS   [-WA]
GS =0010 0000000000000000 ffffffff 008f9300 DPL=0 DS   [-WA]
LDT=0000 0000000000000000 0000ffff 00008200 DPL=0 LDT
TR =0028 ffffffff8048b880 00000067 00008900 DPL=0 TSS64-avl
GDT=     ffffffff8048b900 00000037
IDT=     ffffffff8048b960 00000fff
CR0=80000011 CR2=0000000000000000 CR3=0000000000001000 CR4=00000020
DR0=0000000000000000 DR1=0000000000000000 DR2=0000000000000000 DR3=0000000000000000 
DR6=00000000ffff0ff0 DR7=0000000000000400
CCS=0000000000000044 CCD=0000000000110fb8 CCO=EFLAGS
EFER=0000000000000d00
Servicing hardware INT=0x20
   118: v=20 e=0000 i=0 cpl=0 IP=0008:ffffffff80000e71 pc=ffffffff80000e71 SP=0010:0000000000110fe0 env->regs[R_EAX]=0000000000000000
RAX=0000000000000000 RBX=000000000000001c RCX=00000000000003fd RDX=00000000000003f8
RSI=ffffffff80008780 RDI=000000000000000a RBP=00000000001001e8 RSP=0000000000110fe0
R8 =00000000000003f8 R9 =000000000027ff6e R10=0000000000040000 R11=0000000000000cf8
R12=0000000000000000 R13=0000000000000000 R14=0000000000000000 R15=0000000000000000
RIP=ffffffff80000e71 RFL=00200246 [---Z-P-] CPL=0 II=0 A20=1 SMM=0 HLT=0
ES =0010 0000000000000000 ffffffff 008f9300 DPL=0 DS   [-WA]
CS =0008 0000000000000000 ffffffff 00af9a00 DPL=0 CS64 [-R-]
SS =0010 0000000000000000 ffffffff 008f9300 DPL=0 DS   [-WA]
DS =0010 0000000000000000 ffffffff 008f9300 DPL=0 DS   [-WA]
FS =0010 0000000000000000 ffffffff 008f9300 DPL=0 DS   [-WA]
GS =0010 0000000000000000 ffffffff 008f9300 DPL=0 DS   [-WA]
LDT=0000 0000000000000000 0000ffff 00008200 DPL=0 LDT
TR =0028 ffffffff8048b880 00000067 00008900 DPL=0 TSS64-avl
GDT=     ffffffff8048b900 00000037
IDT=     ffffffff8048b960 00000fff
CR0=80000011 CR2=0000000000000000 CR3=0000000000001000 CR4=00000020
DR0=0000000000000000 DR1=0000000000000000 DR2=0000000000000000 DR3=0000000000000000 
DR6=00000000ffff0ff0 DR7=0000000000000400
CCS=0000000000000044 CCD=0000000000110fb8 CCO=EFLAGS
EFER=0000000000000d00
Servicing hardware INT=0x20
   119: v=20 e=0000 i=0 cpl=0 IP=0008:ffffffff80000e71 pc=ffffffff80000e71 SP=0010:0000000000110fe0 env->regs[R_EAX]=0000000000000000
RAX=0000000000000000 RBX=000000000000001c RCX=00000000000003fd RDX=00000000000003f8
RSI=ffffffff80008780 RDI=000000000000000a RBP=00000000001001e8 RSP=0000000000110fe0
R8 =00000000000003f8 R9 =000000000027ff6e R10=0000000000040000 R11=0000000000000cf8
R12=0000000000000000 R13=0000000000000000 R14=0000000000000000 R15=0000000000000000
RIP=ffffffff80000e71 RFL=00200246 [---Z-P-] CPL=0 II=0 A20=1 SMM=0 HLT=0
ES =0010 0000000000000000 ffffffff 008f9300 DPL=0 DS   [-WA]
CS =0008 0000000000000000 ffffffff 00af9a00 DPL=0 CS64 [-R-]
SS =0010 0000000000000000 ffffffff 008f9300 DPL=0 DS   [-WA]
DS =0010 0000000000000000 ffffffff 008f9300 DPL=0 DS   [-WA]
FS =0010 0000000000000000 ffffffff 008f9300 DPL=0 DS   [-WA]
GS =0010 0000000000000000 ffffffff 008f9300 DPL=0 DS   [-WA]
LDT=0000 0000000000000000 0000ffff 00008200 DPL=0 LDT
TR =0028 ffffffff8048b880 00000067 00008900 DPL=0 TSS64-avl
GDT=     ffffffff8048b900 00000037
IDT=     ffffffff8048b960 00000fff
CR0=80000011 CR2=0000000000000000 CR3=0000000000001000 CR4=00000020
DR0=0000000000000000 DR1=0000000000000000 DR2=0000000000000000 DR3=0000000000000000 
DR6=00000000ffff0ff0 DR7=0000000000000400
CCS=0000000000000044 CCD=0000000000110fb8 CCO=EFLAGS
EFER=0000000000000d00
Servicing hardware INT=0x20
   120: v=20 e=0000 i=0 cpl=0 IP=0008:ffffffff80000e71 pc=ffffffff80000e71 SP=0010:0000000000110fe0 env->regs[R_EAX]=0000000000000000
RAX=0000000000000000 RBX=000000000000001c RCX=00000000000003fd RDX=00000000000003f8
RSI=ffffffff80008780 RDI=000000000000000a RBP=00000000001001e8 RSP=0000000000110fe0
R8 =00000000000003f8 R9 =000000000027ff6e R10=0000000000040000 R11=0000000000000cf8
R12=0000000000000000 R13=0000000000000000 R14=0000000000000000 R15=0000000000000000
RIP=ffffffff80000e71 RFL=00200246 [---Z-P-] CPL=0 II=0 A20=1 SMM=0 HLT=0
ES =0010 0000000000000000 ffffffff 008f9300 DPL=0 DS   [-WA]
CS =0008 0000000000000000 ffffffff 00af9a00 DPL=0 CS64 [-R-]
SS =0010 0000000000000000 ffffffff 008f9300 DPL=0 DS   [-WA]
DS =0010 0000000000000000 ffffffff 008f9300 DPL=0 DS   [-WA]
FS =0010 0000000000000000 ffffffff 008f9300 DPL=0 DS   [-WA]
GS =0010 0000000000000000 ffffffff 008f9300 DPL=0 DS   [-WA]
LDT=0000 0000000000000000 0000ffff 00008200 DPL=0 LDT
TR =0028 ffffffff8048b880 00000067 00008900 DPL=0 TSS64-avl
GDT=     ffffffff8048b900 00000037
IDT=     ffffffff8048b960 00000fff
CR0=80000011 CR2=0000000000000000 CR3=0000000000001000 CR4=00000020
DR0=0000000000000000 DR1=0000000000000000 DR2=0000000000000000 DR3=0000000000000000 
DR6=00000000ffff0ff0 DR7=0000000000000400
CCS=0000000000000044 CCD=0000000000110fb8 CCO=EFLAGS
EFER=0000000000000d00
Servicing hardware INT=0x20
   121: v=20 e=0000 i=0 cpl=0 IP=0008:ffffffff80000e71 pc=ffffffff80000e71 SP=0010:0000000000110fe0 env->regs[R_EAX]=0000000000000000
RAX=0000000000000000 RBX=000000000000001c RCX=00000000000003fd RDX=00000000000003f8
RSI=ffffffff80008780 RDI=000000000000000a RBP=00000000001001e8 RSP=0000000000110fe0
R8 =00000000000003f8 R9 =000000000027ff6e R10=0000000000040000 R11=0000000000000cf8
R12=0000000000000000 R13=0000000000000000 R14=0000000000000000 R15=0000000000000000
RIP=ffffffff80000e71 RFL=00200246 [---Z-P-] CPL=0 II=0 A20=1 SMM=0 HLT=0
ES =0010 0000000000000000 ffffffff 008f9300 DPL=0 DS   [-WA]
CS =0008 0000000000000000 ffffffff 00af9a00 DPL=0 CS64 [-R-]
SS =0010 0000000000000000 ffffffff 008f9300 DPL=0 DS   [-WA]
DS =0010 0000000000000000 ffffffff 008f9300 DPL=0 DS   [-WA]
FS =0010 0000000000000000 ffffffff 008f9300 DPL=0 DS   [-WA]
GS =0010 0000000000000000 ffffffff 008f9300 DPL=0 DS   [-WA]
LDT=0000 0000000000000000 0000ffff 00008200 DPL=0 LDT
TR =0028 ffffffff8048b880 00000067 00008900 DPL=0 TSS64-avl
GDT=     ffffffff8048b900 00000037
IDT=     ffffffff8048b960 00000fff
CR0=80000011 CR2=0000000000000000 CR3=0000000000001000 CR4=00000020
DR0=0000000000000000 DR1=0000000000000000 DR2=0000000000000000 DR3=0000000000000000 
DR6=00000000ffff0ff0 DR7=0000000000000400
CCS=0000000000000044 CCD=0000000000110fb8 CCO=EFLAGS
EFER=0000000000000d00
Servicing hardware INT=0x20
   122: v=20 e=0000 i=0 cpl=0 IP=0008:ffffffff80000e71 pc=ffffffff80000e71 SP=0010:0000000000110fe0 env->regs[R_EAX]=0000000000000000
RAX=0000000000000000 RBX=000000000000001c RCX=00000000000003fd RDX=00000000000003f8
RSI=ffffffff80008780 RDI=000000000000000a RBP=00000000001001e8 RSP=0000000000110fe0
R8 =00000000000003f8 R9 =000000000027ff6e R10=0000000000040000 R11=0000000000000cf8
R12=0000000000000000 R13=0000000000000000 R14=0000000000000000 R15=0000000000000000
RIP=ffffffff80000e71 RFL=00200246 [---Z-P-] CPL=0 II=0 A20=1 SMM=0 HLT=0
ES =0010 0000000000000000 ffffffff 008f9300 DPL=0 DS   [-WA]
CS =0008 0000000000000000 ffffffff 00af9a00 DPL=0 CS64 [-R-]
SS =0010 0000000000000000 ffffffff 008f9300 DPL=0 DS   [-WA]
DS =0010 0000000000000000 ffffffff 008f9300 DPL=0 DS   [-WA]
FS =0010 0000000000000000 ffffffff 008f9300 DPL=0 DS   [-WA]
GS =0010 0000000000000000 ffffffff 008f9300 DPL=0 DS   [-WA]
LDT=0000 0000000000000000 0000ffff 00008200 DPL=0 LDT
TR =0028 ffffffff8048b880 00000067 00008900 DPL=0 TSS64-avl
GDT=     ffffffff8048b900 00000037
IDT=     ffffffff8048b960 00000fff
CR0=80000011 CR2=0000000000000000 CR3=0000000000001000 CR4=00000020
DR0=0000000000000000 DR1=0000000000000000 DR2=0000000000000000 DR3=0000000000000000 
DR6=00000000ffff0ff0 DR7=0000000000000400
CCS=0000000000000044 CCD=0000000000110fb8 CCO=EFLAGS
EFER=0000000000000d00
Servicing hardware INT=0x20
   123: v=20 e=0000 i=0 cpl=0 IP=0008:ffffffff80000e71 pc=ffffffff80000e71 SP=0010:0000000000110fe0 env->regs[R_EAX]=0000000000000000
RAX=0000000000000000 RBX=000000000000001c RCX=00000000000003fd RDX=00000000000003f8
RSI=ffffffff80008780 RDI=000000000000000a RBP=00000000001001e8 RSP=0000000000110fe0
R8 =00000000000003f8 R9 =000000000027ff6e R10=0000000000040000 R11=0000000000000cf8
R12=0000000000000000 R13=0000000000000000 R14=0000000000000000 R15=0000000000000000
RIP=ffffffff80000e71 RFL=00200246 [---Z-P-] CPL=0 II=0 A20=1 SMM=0 HLT=0
ES =0010 0000000000000000 ffffffff 008f9300 DPL=0 DS   [-WA]
CS =0008 0000000000000000 ffffffff 00af9a00 DPL=0 CS64 [-R-]
SS =0010 0000000000000000 ffffffff 008f9300 DPL=0 DS   [-WA]
DS =0010 0000000000000000 ffffffff 008f9300 DPL=0 DS   [-WA]
FS =0010 0000000000000000 ffffffff 008f9300 DPL=0 DS   [-WA]
GS =0010 0000000000000000 ffffffff 008f9300 DPL=0 DS   [-WA]
LDT=0000 0000000000000000 0000ffff 00008200 DPL=0 LDT
TR =0028 ffffffff8048b880 00000067 00008900 DPL=0 TSS64-avl
GDT=     ffffffff8048b900 00000037
IDT=     ffffffff8048b960 00000fff
CR0=80000011 CR2=0000000000000000 CR3=0000000000001000 CR4=00000020
DR0=0000000000000000 DR1=0000000000000000 DR2=0000000000000000 DR3=0000000000000000 
DR6=00000000ffff0ff0 DR7=0000000000000400
CCS=0000000000000044 CCD=0000000000110fb8 CCO=EFLAGS
EFER=0000000000000d00
Servicing hardware INT=0x20
   124: v=20 e=0000 i=0 cpl=0 IP=0008:ffffffff80000e71 pc=ffffffff80000e71 SP=0010:0000000000110fe0 env->regs[R_EAX]=0000000000000000
RAX=0000000000000000 RBX=000000000000001c RCX=00000000000003fd RDX=00000000000003f8
RSI=ffffffff80008780 RDI=000000000000000a RBP=00000000001001e8 RSP=0000000000110fe0
R8 =00000000000003f8 R9 =000000000027ff6e R10=0000000000040000 R11=0000000000000cf8
R12=0000000000000000 R13=0000000000000000 R14=0000000000000000 R15=0000000000000000
RIP=ffffffff80000e71 RFL=00200246 [---Z-P-] CPL=0 II=0 A20=1 SMM=0 HLT=0
ES =0010 0000000000000000 ffffffff 008f9300 DPL=0 DS   [-WA]
CS =0008 0000000000000000 ffffffff 00af9a00 DPL=0 CS64 [-R-]
SS =0010 0000000000000000 ffffffff 008f9300 DPL=0 DS   [-WA]
DS =0010 0000000000000000 ffffffff 008f9300 DPL=0 DS   [-WA]
FS =0010 0000000000000000 ffffffff 008f9300 DPL=0 DS   [-WA]
GS =0010 0000000000000000 ffffffff 008f9300 DPL=0 DS   [-WA]
LDT=0000 0000000000000000 0000ffff 00008200 DPL=0 LDT
TR =0028 ffffffff8048b880 00000067 00008900 DPL=0 TSS64-avl
GDT=     ffffffff8048b900 00000037
IDT=     ffffffff8048b960 00000fff
CR0=80000011 CR2=0000000000000000 CR3=0000000000001000 CR4=00000020
DR0=0000000000000000 DR1=0000000000000000 DR2=0000000000000000 DR3=0000000000000000 
DR6=00000000ffff0ff0 DR7=0000000000000400
CCS=0000000000000044 CCD=0000000000110fb8 CCO=EFLAGS
EFER=0000000000000d00
Servicing hardware INT=0x20
   125: v=20 e=0000 i=0 cpl=0 IP=0008:ffffffff80000e71 pc=ffffffff80000e71 SP=0010:0000000000110fe0 env->regs[R_EAX]=0000000000000000
RAX=0000000000000000 RBX=000000000000001c RCX=00000000000003fd RDX=00000000000003f8
RSI=ffffffff80008780 RDI=000000000000000a RBP=00000000001001e8 RSP=0000000000110fe0
R8 =00000000000003f8 R9 =000000000027ff6e R10=0000000000040000 R11=0000000000000cf8
R12=0000000000000000 R13=0000000000000000 R14=0000000000000000 R15=0000000000000000
RIP=ffffffff80000e71 RFL=00200246 [---Z-P-] CPL=0 II=0 A20=1 SMM=0 HLT=0
ES =0010 0000000000000000 ffffffff 008f9300 DPL=0 DS   [-WA]
CS =0008 0000000000000000 ffffffff 00af9a00 DPL=0 CS64 [-R-]
SS =0010 0000000000000000 ffffffff 008f9300 DPL=0 DS   [-WA]
DS =0010 0000000000000000 ffffffff 008f9300 DPL=0 DS   [-WA]
FS =0010 0000000000000000 ffffffff 008f9300 DPL=0 DS   [-WA]
GS =0010 0000000000000000 ffffffff 008f9300 DPL=0 DS   [-WA]
LDT=0000 0000000000000000 0000ffff 00008200 DPL=0 LDT
TR =0028 ffffffff8048b880 00000067 00008900 DPL=0 TSS64-avl
GDT=     ffffffff8048b900 00000037
IDT=     ffffffff8048b960 00000fff
CR0=80000011 CR2=0000000000000000 CR3=0000000000001000 CR4=00000020
DR0=0000000000000000 DR1=0000000000000000 DR2=0000000000000000 DR3=0000000000000000 
DR6=00000000ffff0ff0 DR7=0000000000000400
CCS=0000000000000044 CCD=0000000000110fb8 CCO=EFLAGS
EFER=0000000000000d00
Servicing hardware INT=0x20
   126: v=20 e=0000 i=0 cpl=0 IP=0008:ffffffff80000e71 pc=ffffffff80000e71 SP=0010:0000000000110fe0 env->regs[R_EAX]=0000000000000000
RAX=0000000000000000 RBX=000000000000001c RCX=00000000000003fd RDX=00000000000003f8
RSI=ffffffff80008780 RDI=000000000000000a RBP=00000000001001e8 RSP=0000000000110fe0
R8 =00000000000003f8 R9 =000000000027ff6e R10=0000000000040000 R11=0000000000000cf8
R12=0000000000000000 R13=0000000000000000 R14=0000000000000000 R15=0000000000000000
RIP=ffffffff80000e71 RFL=00200246 [---Z-P-] CPL=0 II=0 A20=1 SMM=0 HLT=0
ES =0010 0000000000000000 ffffffff 008f9300 DPL=0 DS   [-WA]
CS =0008 0000000000000000 ffffffff 00af9a00 DPL=0 CS64 [-R-]
SS =0010 0000000000000000 ffffffff 008f9300 DPL=0 DS   [-WA]
DS =0010 0000000000000000 ffffffff 008f9300 DPL=0 DS   [-WA]
FS =0010 0000000000000000 ffffffff 008f9300 DPL=0 DS   [-WA]
GS =0010 0000000000000000 ffffffff 008f9300 DPL=0 DS   [-WA]
LDT=0000 0000000000000000 0000ffff 00008200 DPL=0 LDT
TR =0028 ffffffff8048b880 00000067 00008900 DPL=0 TSS64-avl
GDT=     ffffffff8048b900 00000037
IDT=     ffffffff8048b960 00000fff
CR0=80000011 CR2=0000000000000000 CR3=0000000000001000 CR4=00000020
DR0=0000000000000000 DR1=0000000000000000 DR2=0000000000000000 DR3=0000000000000000 
DR6=00000000ffff0ff0 DR7=0000000000000400
CCS=0000000000000044 CCD=0000000000110fb8 CCO=EFLAGS
EFER=0000000000000d00
Servicing hardware INT=0x20
   127: v=20 e=0000 i=0 cpl=0 IP=0008:ffffffff80000e71 pc=ffffffff80000e71 SP=0010:0000000000110fe0 env->regs[R_EAX]=0000000000000000
RAX=0000000000000000 RBX=000000000000001c RCX=00000000000003fd RDX=00000000000003f8
RSI=ffffffff80008780 RDI=000000000000000a RBP=00000000001001e8 RSP=0000000000110fe0
R8 =00000000000003f8 R9 =000000000027ff6e R10=0000000000040000 R11=0000000000000cf8
R12=0000000000000000 R13=0000000000000000 R14=0000000000000000 R15=0000000000000000
RIP=ffffffff80000e71 RFL=00200246 [---Z-P-] CPL=0 II=0 A20=1 SMM=0 HLT=0
ES =0010 0000000000000000 ffffffff 008f9300 DPL=0 DS   [-WA]
CS =0008 0000000000000000 ffffffff 00af9a00 DPL=0 CS64 [-R-]
SS =0010 0000000000000000 ffffffff 008f9300 DPL=0 DS   [-WA]
DS =0010 0000000000000000 ffffffff 008f9300 DPL=0 DS   [-WA]
FS =0010 0000000000000000 ffffffff 008f9300 DPL=0 DS   [-WA]
GS =0010 0000000000000000 ffffffff 008f9300 DPL=0 DS   [-WA]
LDT=0000 0000000000000000 0000ffff 00008200 DPL=0 LDT
TR =0028 ffffffff8048b880 00000067 00008900 DPL=0 TSS64-avl
GDT=     ffffffff8048b900 00000037
IDT=     ffffffff8048b960 00000fff
CR0=80000011 CR2=0000000000000000 CR3=0000000000001000 CR4=00000020
DR0=0000000000000000 DR1=0000000000000000 DR2=0000000000000000 DR3=0000000000000000 
DR6=00000000ffff0ff0 DR7=0000000000000400
CCS=0000000000000044 CCD=0000000000110fb8 CCO=EFLAGS
EFER=0000000000000d00
Servicing hardware INT=0x20
   128: v=20 e=0000 i=0 cpl=0 IP=0008:ffffffff80000e71 pc=ffffffff80000e71 SP=0010:0000000000110fe0 env->regs[R_EAX]=0000000000000000
RAX=0000000000000000 RBX=000000000000001c RCX=00000000000003fd RDX=00000000000003f8
RSI=ffffffff80008780 RDI=000000000000000a RBP=00000000001001e8 RSP=0000000000110fe0
R8 =00000000000003f8 R9 =000000000027ff6e R10=0000000000040000 R11=0000000000000cf8
R12=0000000000000000 R13=0000000000000000 R14=0000000000000000 R15=0000000000000000
RIP=ffffffff80000e71 RFL=00200246 [---Z-P-] CPL=0 II=0 A20=1 SMM=0 HLT=0
ES =0010 0000000000000000 ffffffff 008f9300 DPL=0 DS   [-WA]
CS =0008 0000000000000000 ffffffff 00af9a00 DPL=0 CS64 [-R-]
SS =0010 0000000000000000 ffffffff 008f9300 DPL=0 DS   [-WA]
DS =0010 0000000000000000 ffffffff 008f9300 DPL=0 DS   [-WA]
FS =0010 0000000000000000 ffffffff 008f9300 DPL=0 DS   [-WA]
GS =0010 0000000000000000 ffffffff 008f9300 DPL=0 DS   [-WA]
LDT=0000 0000000000000000 0000ffff 00008200 DPL=0 LDT
TR =0028 ffffffff8048b880 00000067 00008900 DPL=0 TSS64-avl
GDT=     ffffffff8048b900 00000037
IDT=     ffffffff8048b960 00000fff
CR0=80000011 CR2=0000000000000000 CR3=0000000000001000 CR4=00000020
DR0=0000000000000000 DR1=0000000000000000 DR2=0000000000000000 DR3=0000000000000000 
DR6=00000000ffff0ff0 DR7=0000000000000400
CCS=0000000000000044 CCD=0000000000110fb8 CCO=EFLAGS
EFER=0000000000000d00
Servicing hardware INT=0x20
   129: v=20 e=0000 i=0 cpl=0 IP=0008:ffffffff80000e71 pc=ffffffff80000e71 SP=0010:0000000000110fe0 env->regs[R_EAX]=0000000000000000
RAX=0000000000000000 RBX=000000000000001c RCX=00000000000003fd RDX=00000000000003f8
RSI=ffffffff80008780 RDI=000000000000000a RBP=00000000001001e8 RSP=0000000000110fe0
R8 =00000000000003f8 R9 =000000000027ff6e R10=0000000000040000 R11=0000000000000cf8
R12=0000000000000000 R13=0000000000000000 R14=0000000000000000 R15=0000000000000000
RIP=ffffffff80000e71 RFL=00200246 [---Z-P-] CPL=0 II=0 A20=1 SMM=0 HLT=0
ES =0010 0000000000000000 ffffffff 008f9300 DPL=0 DS   [-WA]
CS =0008 0000000000000000 ffffffff 00af9a00 DPL=0 CS64 [-R-]
SS =0010 0000000000000000 ffffffff 008f9300 DPL=0 DS   [-WA]
DS =0010 0000000000000000 ffffffff 008f9300 DPL=0 DS   [-WA]
FS =0010 0000000000000000 ffffffff 008f9300 DPL=0 DS   [-WA]
GS =0010 0000000000000000 ffffffff 008f9300 DPL=0 DS   [-WA]
LDT=0000 0000000000000000 0000ffff 00008200 DPL=0 LDT
TR =0028 ffffffff8048b880 00000067 00008900 DPL=0 TSS64-avl
GDT=     ffffffff8048b900 00000037
IDT=     ffffffff8048b960 00000fff
CR0=80000011 CR2=0000000000000000 CR3=0000000000001000 CR4=00000020
DR0=0000000000000000 DR1=0000000000000000 DR2=0000000000000000 DR3=0000000000000000 
DR6=00000000ffff0ff0 DR7=0000000000000400
CCS=0000000000000044 CCD=0000000000110fb8 CCO=EFLAGS
EFER=0000000000000d00
Servicing hardware INT=0x20
   130: v=20 e=0000 i=0 cpl=0 IP=0008:ffffffff80000e71 pc=ffffffff80000e71 SP=0010:0000000000110fe0 env->regs[R_EAX]=0000000000000000
RAX=0000000000000000 RBX=000000000000001c RCX=00000000000003fd RDX=00000000000003f8
RSI=ffffffff80008780 RDI=000000000000000a RBP=00000000001001e8 RSP=0000000000110fe0
R8 =00000000000003f8 R9 =000000000027ff6e R10=0000000000040000 R11=0000000000000cf8
R12=0000000000000000 R13=0000000000000000 R14=0000000000000000 R15=0000000000000000
RIP=ffffffff80000e71 RFL=00200246 [---Z-P-] CPL=0 II=0 A20=1 SMM=0 HLT=0
ES =0010 0000000000000000 ffffffff 008f9300 DPL=0 DS   [-WA]
CS =0008 0000000000000000 ffffffff 00af9a00 DPL=0 CS64 [-R-]
SS =0010 0000000000000000 ffffffff 008f9300 DPL=0 DS   [-WA]
DS =0010 0000000000000000 ffffffff 008f9300 DPL=0 DS   [-WA]
FS =0010 0000000000000000 ffffffff 008f9300 DPL=0 DS   [-WA]
GS =0010 0000000000000000 ffffffff 008f9300 DPL=0 DS   [-WA]
LDT=0000 0000000000000000 0000ffff 00008200 DPL=0 LDT
TR =0028 ffffffff8048b880 00000067 00008900 DPL=0 TSS64-avl
GDT=     ffffffff8048b900 00000037
IDT=     ffffffff8048b960 00000fff
CR0=80000011 CR2=0000000000000000 CR3=0000000000001000 CR4=00000020
DR0=0000000000000000 DR1=0000000000000000 DR2=0000000000000000 DR3=0000000000000000 
DR6=00000000ffff0ff0 DR7=0000000000000400
CCS=0000000000000044 CCD=0000000000110fb8 CCO=EFLAGS
EFER=0000000000000d00
Servicing hardware INT=0x20
   131: v=20 e=0000 i=0 cpl=0 IP=0008:ffffffff80000e71 pc=ffffffff80000e71 SP=0010:0000000000110fe0 env->regs[R_EAX]=0000000000000000
RAX=0000000000000000 RBX=000000000000001c RCX=00000000000003fd RDX=00000000000003f8
RSI=ffffffff80008780 RDI=000000000000000a RBP=00000000001001e8 RSP=0000000000110fe0
R8 =00000000000003f8 R9 =000000000027ff6e R10=0000000000040000 R11=0000000000000cf8
R12=0000000000000000 R13=0000000000000000 R14=0000000000000000 R15=0000000000000000
RIP=ffffffff80000e71 RFL=00200246 [---Z-P-] CPL=0 II=0 A20=1 SMM=0 HLT=0
ES =0010 0000000000000000 ffffffff 008f9300 DPL=0 DS   [-WA]
CS =0008 0000000000000000 ffffffff 00af9a00 DPL=0 CS64 [-R-]
SS =0010 0000000000000000 ffffffff 008f9300 DPL=0 DS   [-WA]
DS =0010 0000000000000000 ffffffff 008f9300 DPL=0 DS   [-WA]
FS =0010 0000000000000000 ffffffff 008f9300 DPL=0 DS   [-WA]
GS =0010 0000000000000000 ffffffff 008f9300 DPL=0 DS   [-WA]
LDT=0000 0000000000000000 0000ffff 00008200 DPL=0 LDT
TR =0028 ffffffff8048b880 00000067 00008900 DPL=0 TSS64-avl
GDT=     ffffffff8048b900 00000037
IDT=     ffffffff8048b960 00000fff
CR0=80000011 CR2=0000000000000000 CR3=0000000000001000 CR4=00000020
DR0=0000000000000000 DR1=0000000000000000 DR2=0000000000000000 DR3=0000000000000000 
DR6=00000000ffff0ff0 DR7=0000000000000400
CCS=0000000000000044 CCD=0000000000110fb8 CCO=EFLAGS
EFER=0000000000000d00
Servicing hardware INT=0x20
   132: v=20 e=0000 i=0 cpl=0 IP=0008:ffffffff80000e71 pc=ffffffff80000e71 SP=0010:0000000000110fe0 env->regs[R_EAX]=0000000000000000
RAX=0000000000000000 RBX=000000000000001c RCX=00000000000003fd RDX=00000000000003f8
RSI=ffffffff80008780 RDI=000000000000000a RBP=00000000001001e8 RSP=0000000000110fe0
R8 =00000000000003f8 R9 =000000000027ff6e R10=0000000000040000 R11=0000000000000cf8
R12=0000000000000000 R13=0000000000000000 R14=0000000000000000 R15=0000000000000000
RIP=ffffffff80000e71 RFL=00200246 [---Z-P-] CPL=0 II=0 A20=1 SMM=0 HLT=0
ES =0010 0000000000000000 ffffffff 008f9300 DPL=0 DS   [-WA]
CS =0008 0000000000000000 ffffffff 00af9a00 DPL=0 CS64 [-R-]
SS =0010 0000000000000000 ffffffff 008f9300 DPL=0 DS   [-WA]
DS =0010 0000000000000000 ffffffff 008f9300 DPL=0 DS   [-WA]
FS =0010 0000000000000000 ffffffff 008f9300 DPL=0 DS   [-WA]
GS =0010 0000000000000000 ffffffff 008f9300 DPL=0 DS   [-WA]
LDT=0000 0000000000000000 0000ffff 00008200 DPL=0 LDT
TR =0028 ffffffff8048b880 00000067 00008900 DPL=0 TSS64-avl
GDT=     ffffffff8048b900 00000037
IDT=     ffffffff8048b960 00000fff
CR0=80000011 CR2=0000000000000000 CR3=0000000000001000 CR4=00000020
DR0=0000000000000000 DR1=0000000000000000 DR2=0000000000000000 DR3=0000000000000000 
DR6=00000000ffff0ff0 DR7=0000000000000400
CCS=0000000000000044 CCD=0000000000110fb8 CCO=EFLAGS
EFER=0000000000000d00
Servicing hardware INT=0x20
   133: v=20 e=0000 i=0 cpl=0 IP=0008:ffffffff80000e71 pc=ffffffff80000e71 SP=0010:0000000000110fe0 env->regs[R_EAX]=0000000000000000
RAX=0000000000000000 RBX=000000000000001c RCX=00000000000003fd RDX=00000000000003f8
RSI=ffffffff80008780 RDI=000000000000000a RBP=00000000001001e8 RSP=0000000000110fe0
R8 =00000000000003f8 R9 =000000000027ff6e R10=0000000000040000 R11=0000000000000cf8
R12=0000000000000000 R13=0000000000000000 R14=0000000000000000 R15=0000000000000000
RIP=ffffffff80000e71 RFL=00200246 [---Z-P-] CPL=0 II=0 A20=1 SMM=0 HLT=0
ES =0010 0000000000000000 ffffffff 008f9300 DPL=0 DS   [-WA]
CS =0008 0000000000000000 ffffffff 00af9a00 DPL=0 CS64 [-R-]
SS =0010 0000000000000000 ffffffff 008f9300 DPL=0 DS   [-WA]
DS =0010 0000000000000000 ffffffff 008f9300 DPL=0 DS   [-WA]
FS =0010 0000000000000000 ffffffff 008f9300 DPL=0 DS   [-WA]
GS =0010 0000000000000000 ffffffff 008f9300 DPL=0 DS   [-WA]
LDT=0000 0000000000000000 0000ffff 00008200 DPL=0 LDT
TR =0028 ffffffff8048b880 00000067 00008900 DPL=0 TSS64-avl
GDT=     ffffffff8048b900 00000037
IDT=     ffffffff8048b960 00000fff
CR0=80000011 CR2=0000000000000000 CR3=0000000000001000 CR4=00000020
DR0=0000000000000000 DR1=0000000000000000 DR2=0000000000000000 DR3=0000000000000000 
DR6=00000000ffff0ff0 DR7=0000000000000400
CCS=0000000000000044 CCD=0000000000110fb8 CCO=EFLAGS
EFER=0000000000000d00
Servicing hardware INT=0x20
   134: v=20 e=0000 i=0 cpl=0 IP=0008:ffffffff80000e71 pc=ffffffff80000e71 SP=0010:0000000000110fe0 env->regs[R_EAX]=0000000000000000
RAX=0000000000000000 RBX=000000000000001c RCX=00000000000003fd RDX=00000000000003f8
RSI=ffffffff80008780 RDI=000000000000000a RBP=00000000001001e8 RSP=0000000000110fe0
R8 =00000000000003f8 R9 =000000000027ff6e R10=0000000000040000 R11=0000000000000cf8
R12=0000000000000000 R13=0000000000000000 R14=0000000000000000 R15=0000000000000000
RIP=ffffffff80000e71 RFL=00200246 [---Z-P-] CPL=0 II=0 A20=1 SMM=0 HLT=0
ES =0010 0000000000000000 ffffffff 008f9300 DPL=0 DS   [-WA]
CS =0008 0000000000000000 ffffffff 00af9a00 DPL=0 CS64 [-R-]
SS =0010 0000000000000000 ffffffff 008f9300 DPL=0 DS   [-WA]
DS =0010 0000000000000000 ffffffff 008f9300 DPL=0 DS   [-WA]
FS =0010 0000000000000000 ffffffff 008f9300 DPL=0 DS   [-WA]
GS =0010 0000000000000000 ffffffff 008f9300 DPL=0 DS   [-WA]
LDT=0000 0000000000000000 0000ffff 00008200 DPL=0 LDT
TR =0028 ffffffff8048b880 00000067 00008900 DPL=0 TSS64-avl
GDT=     ffffffff8048b900 00000037
IDT=     ffffffff8048b960 00000fff
CR0=80000011 CR2=0000000000000000 CR3=0000000000001000 CR4=00000020
DR0=0000000000000000 DR1=0000000000000000 DR2=0000000000000000 DR3=0000000000000000 
DR6=00000000ffff0ff0 DR7=0000000000000400
CCS=0000000000000044 CCD=0000000000110fb8 CCO=EFLAGS
EFER=0000000000000d00
Servicing hardware INT=0x20
   135: v=20 e=0000 i=0 cpl=0 IP=0008:ffffffff80000e71 pc=ffffffff80000e71 SP=0010:0000000000110fe0 env->regs[R_EAX]=0000000000000000
RAX=0000000000000000 RBX=000000000000001c RCX=00000000000003fd RDX=00000000000003f8
RSI=ffffffff80008780 RDI=000000000000000a RBP=00000000001001e8 RSP=0000000000110fe0
R8 =00000000000003f8 R9 =000000000027ff6e R10=0000000000040000 R11=0000000000000cf8
R12=0000000000000000 R13=0000000000000000 R14=0000000000000000 R15=0000000000000000
RIP=ffffffff80000e71 RFL=00200246 [---Z-P-] CPL=0 II=0 A20=1 SMM=0 HLT=0
ES =0010 0000000000000000 ffffffff 008f9300 DPL=0 DS   [-WA]
CS =0008 0000000000000000 ffffffff 00af9a00 DPL=0 CS64 [-R-]
SS =0010 0000000000000000 ffffffff 008f9300 DPL=0 DS   [-WA]
DS =0010 0000000000000000 ffffffff 008f9300 DPL=0 DS   [-WA]
FS =0010 0000000000000000 ffffffff 008f9300 DPL=0 DS   [-WA]
GS =0010 0000000000000000 ffffffff 008f9300 DPL=0 DS   [-WA]
LDT=0000 0000000000000000 0000ffff 00008200 DPL=0 LDT
TR =0028 ffffffff8048b880 00000067 00008900 DPL=0 TSS64-avl
GDT=     ffffffff8048b900 00000037
IDT=     ffffffff8048b960 00000fff
CR0=80000011 CR2=0000000000000000 CR3=0000000000001000 CR4=00000020
DR0=0000000000000000 DR1=0000000000000000 DR2=0000000000000000 DR3=0000000000000000 
DR6=00000000ffff0ff0 DR7=0000000000000400
CCS=0000000000000044 CCD=0000000000110fb8 CCO=EFLAGS
EFER=0000000000000d00
Servicing hardware INT=0x20
   136: v=20 e=0000 i=0 cpl=0 IP=0008:ffffffff80000e71 pc=ffffffff80000e71 SP=0010:0000000000110fe0 env->regs[R_EAX]=0000000000000000
RAX=0000000000000000 RBX=000000000000001c RCX=00000000000003fd RDX=00000000000003f8
RSI=ffffffff80008780 RDI=000000000000000a RBP=00000000001001e8 RSP=0000000000110fe0
R8 =00000000000003f8 R9 =000000000027ff6e R10=0000000000040000 R11=0000000000000cf8
R12=0000000000000000 R13=0000000000000000 R14=0000000000000000 R15=0000000000000000
RIP=ffffffff80000e71 RFL=00200246 [---Z-P-] CPL=0 II=0 A20=1 SMM=0 HLT=0
ES =0010 0000000000000000 ffffffff 008f9300 DPL=0 DS   [-WA]
CS =0008 0000000000000000 ffffffff 00af9a00 DPL=0 CS64 [-R-]
SS =0010 0000000000000000 ffffffff 008f9300 DPL=0 DS   [-WA]
DS =0010 0000000000000000 ffffffff 008f9300 DPL=0 DS   [-WA]
FS =0010 0000000000000000 ffffffff 008f9300 DPL=0 DS   [-WA]
GS =0010 0000000000000000 ffffffff 008f9300 DPL=0 DS   [-WA]
LDT=0000 0000000000000000 0000ffff 00008200 DPL=0 LDT
TR =0028 ffffffff8048b880 00000067 00008900 DPL=0 TSS64-avl
GDT=     ffffffff8048b900 00000037
IDT=     ffffffff8048b960 00000fff
CR0=80000011 CR2=0000000000000000 CR3=0000000000001000 CR4=00000020
DR0=0000000000000000 DR1=0000000000000000 DR2=0000000000000000 DR3=0000000000000000 
DR6=00000000ffff0ff0 DR7=0000000000000400
CCS=0000000000000044 CCD=0000000000110fb8 CCO=EFLAGS
EFER=0000000000000d00
Servicing hardware INT=0x20
   137: v=20 e=0000 i=0 cpl=0 IP=0008:ffffffff80000e71 pc=ffffffff80000e71 SP=0010:0000000000110fe0 env->regs[R_EAX]=0000000000000000
RAX=0000000000000000 RBX=000000000000001c RCX=00000000000003fd RDX=00000000000003f8
RSI=ffffffff80008780 RDI=000000000000000a RBP=00000000001001e8 RSP=0000000000110fe0
R8 =00000000000003f8 R9 =000000000027ff6e R10=0000000000040000 R11=0000000000000cf8
R12=0000000000000000 R13=0000000000000000 R14=0000000000000000 R15=0000000000000000
RIP=ffffffff80000e71 RFL=00200246 [---Z-P-] CPL=0 II=0 A20=1 SMM=0 HLT=0
ES =0010 0000000000000000 ffffffff 008f9300 DPL=0 DS   [-WA]
CS =0008 0000000000000000 ffffffff 00af9a00 DPL=0 CS64 [-R-]
SS =0010 0000000000000000 ffffffff 008f9300 DPL=0 DS   [-WA]
DS =0010 0000000000000000 ffffffff 008f9300 DPL=0 DS   [-WA]
FS =0010 0000000000000000 ffffffff 008f9300 DPL=0 DS   [-WA]
GS =0010 0000000000000000 ffffffff 008f9300 DPL=0 DS   [-WA]
LDT=0000 0000000000000000 0000ffff 00008200 DPL=0 LDT
TR =0028 ffffffff8048b880 00000067 00008900 DPL=0 TSS64-avl
GDT=     ffffffff8048b900 00000037
IDT=     ffffffff8048b960 00000fff
CR0=80000011 CR2=0000000000000000 CR3=0000000000001000 CR4=00000020
DR0=0000000000000000 DR1=0000000000000000 DR2=0000000000000000 DR3=0000000000000000 
DR6=00000000ffff0ff0 DR7=0000000000000400
CCS=0000000000000044 CCD=0000000000110fb8 CCO=EFLAGS
EFER=0000000000000d00
Servicing hardware INT=0x20
   138: v=20 e=0000 i=0 cpl=0 IP=0008:ffffffff80000e71 pc=ffffffff80000e71 SP=0010:0000000000110fe0 env->regs[R_EAX]=0000000000000000
RAX=0000000000000000 RBX=000000000000001c RCX=00000000000003fd RDX=00000000000003f8
RSI=ffffffff80008780 RDI=000000000000000a RBP=00000000001001e8 RSP=0000000000110fe0
R8 =00000000000003f8 R9 =000000000027ff6e R10=0000000000040000 R11=0000000000000cf8
R12=0000000000000000 R13=0000000000000000 R14=0000000000000000 R15=0000000000000000
RIP=ffffffff80000e71 RFL=00200246 [---Z-P-] CPL=0 II=0 A20=1 SMM=0 HLT=0
ES =0010 0000000000000000 ffffffff 008f9300 DPL=0 DS   [-WA]
CS =0008 0000000000000000 ffffffff 00af9a00 DPL=0 CS64 [-R-]
SS =0010 0000000000000000 ffffffff 008f9300 DPL=0 DS   [-WA]
DS =0010 0000000000000000 ffffffff 008f9300 DPL=0 DS   [-WA]
FS =0010 0000000000000000 ffffffff 008f9300 DPL=0 DS   [-WA]
GS =0010 0000000000000000 ffffffff 008f9300 DPL=0 DS   [-WA]
LDT=0000 0000000000000000 0000ffff 00008200 DPL=0 LDT
TR =0028 ffffffff8048b880 00000067 00008900 DPL=0 TSS64-avl
GDT=     ffffffff8048b900 00000037
IDT=     ffffffff8048b960 00000fff
CR0=80000011 CR2=0000000000000000 CR3=0000000000001000 CR4=00000020
DR0=0000000000000000 DR1=0000000000000000 DR2=0000000000000000 DR3=0000000000000000 
DR6=00000000ffff0ff0 DR7=0000000000000400
CCS=0000000000000044 CCD=0000000000110fb8 CCO=EFLAGS
EFER=0000000000000d00
Servicing hardware INT=0x20
   139: v=20 e=0000 i=0 cpl=0 IP=0008:ffffffff80000e71 pc=ffffffff80000e71 SP=0010:0000000000110fe0 env->regs[R_EAX]=0000000000000000
RAX=0000000000000000 RBX=000000000000001c RCX=00000000000003fd RDX=00000000000003f8
RSI=ffffffff80008780 RDI=000000000000000a RBP=00000000001001e8 RSP=0000000000110fe0
R8 =00000000000003f8 R9 =000000000027ff6e R10=0000000000040000 R11=0000000000000cf8
R12=0000000000000000 R13=0000000000000000 R14=0000000000000000 R15=0000000000000000
RIP=ffffffff80000e71 RFL=00200246 [---Z-P-] CPL=0 II=0 A20=1 SMM=0 HLT=0
ES =0010 0000000000000000 ffffffff 008f9300 DPL=0 DS   [-WA]
CS =0008 0000000000000000 ffffffff 00af9a00 DPL=0 CS64 [-R-]
SS =0010 0000000000000000 ffffffff 008f9300 DPL=0 DS   [-WA]
DS =0010 0000000000000000 ffffffff 008f9300 DPL=0 DS   [-WA]
FS =0010 0000000000000000 ffffffff 008f9300 DPL=0 DS   [-WA]
GS =0010 0000000000000000 ffffffff 008f9300 DPL=0 DS   [-WA]
LDT=0000 0000000000000000 0000ffff 00008200 DPL=0 LDT
TR =0028 ffffffff8048b880 00000067 00008900 DPL=0 TSS64-avl
GDT=     ffffffff8048b900 00000037
IDT=     ffffffff8048b960 00000fff
CR0=80000011 CR2=0000000000000000 CR3=0000000000001000 CR4=00000020
DR0=0000000000000000 DR1=0000000000000000 DR2=0000000000000000 DR3=0000000000000000 
DR6=00000000ffff0ff0 DR7=0000000000000400
CCS=0000000000000044 CCD=0000000000110fb8 CCO=EFLAGS
EFER=0000000000000d00
Servicing hardware INT=0x20
   140: v=20 e=0000 i=0 cpl=0 IP=0008:ffffffff80000e71 pc=ffffffff80000e71 SP=0010:0000000000110fe0 env->regs[R_EAX]=0000000000000000
RAX=0000000000000000 RBX=000000000000001c RCX=00000000000003fd RDX=00000000000003f8
RSI=ffffffff80008780 RDI=000000000000000a RBP=00000000001001e8 RSP=0000000000110fe0
R8 =00000000000003f8 R9 =000000000027ff6e R10=0000000000040000 R11=0000000000000cf8
R12=0000000000000000 R13=0000000000000000 R14=0000000000000000 R15=0000000000000000
RIP=ffffffff80000e71 RFL=00200246 [---Z-P-] CPL=0 II=0 A20=1 SMM=0 HLT=0
ES =0010 0000000000000000 ffffffff 008f9300 DPL=0 DS   [-WA]
CS =0008 0000000000000000 ffffffff 00af9a00 DPL=0 CS64 [-R-]
SS =0010 0000000000000000 ffffffff 008f9300 DPL=0 DS   [-WA]
DS =0010 0000000000000000 ffffffff 008f9300 DPL=0 DS   [-WA]
FS =0010 0000000000000000 ffffffff 008f9300 DPL=0 DS   [-WA]
GS =0010 0000000000000000 ffffffff 008f9300 DPL=0 DS   [-WA]
LDT=0000 0000000000000000 0000ffff 00008200 DPL=0 LDT
TR =0028 ffffffff8048b880 00000067 00008900 DPL=0 TSS64-avl
GDT=     ffffffff8048b900 00000037
IDT=     ffffffff8048b960 00000fff
CR0=80000011 CR2=0000000000000000 CR3=0000000000001000 CR4=00000020
DR0=0000000000000000 DR1=0000000000000000 DR2=0000000000000000 DR3=0000000000000000 
DR6=00000000ffff0ff0 DR7=0000000000000400
CCS=0000000000000044 CCD=0000000000110fb8 CCO=EFLAGS
EFER=0000000000000d00
Servicing hardware INT=0x20
   141: v=20 e=0000 i=0 cpl=0 IP=0008:ffffffff80000e71 pc=ffffffff80000e71 SP=0010:0000000000110fe0 env->regs[R_EAX]=0000000000000000
RAX=0000000000000000 RBX=000000000000001c RCX=00000000000003fd RDX=00000000000003f8
RSI=ffffffff80008780 RDI=000000000000000a RBP=00000000001001e8 RSP=0000000000110fe0
R8 =00000000000003f8 R9 =000000000027ff6e R10=0000000000040000 R11=0000000000000cf8
R12=0000000000000000 R13=0000000000000000 R14=0000000000000000 R15=0000000000000000
RIP=ffffffff80000e71 RFL=00200246 [---Z-P-] CPL=0 II=0 A20=1 SMM=0 HLT=0
ES =0010 0000000000000000 ffffffff 008f9300 DPL=0 DS   [-WA]
CS =0008 0000000000000000 ffffffff 00af9a00 DPL=0 CS64 [-R-]
SS =0010 0000000000000000 ffffffff 008f9300 DPL=0 DS   [-WA]
DS =0010 0000000000000000 ffffffff 008f9300 DPL=0 DS   [-WA]
FS =0010 0000000000000000 ffffffff 008f9300 DPL=0 DS   [-WA]
GS =0010 0000000000000000 ffffffff 008f9300 DPL=0 DS   [-WA]
LDT=0000 0000000000000000 0000ffff 00008200 DPL=0 LDT
TR =0028 ffffffff8048b880 00000067 00008900 DPL=0 TSS64-avl
GDT=     ffffffff8048b900 00000037
IDT=     ffffffff8048b960 00000fff
CR0=80000011 CR2=0000000000000000 CR3=0000000000001000 CR4=00000020
DR0=0000000000000000 DR1=0000000000000000 DR2=0000000000000000 DR3=0000000000000000 
DR6=00000000ffff0ff0 DR7=0000000000000400
CCS=0000000000000044 CCD=0000000000110fb8 CCO=EFLAGS
EFER=0000000000000d00
Servicing hardware INT=0x20
   142: v=20 e=0000 i=0 cpl=0 IP=0008:ffffffff80000e71 pc=ffffffff80000e71 SP=0010:0000000000110fe0 env->regs[R_EAX]=0000000000000000
RAX=0000000000000000 RBX=000000000000001c RCX=00000000000003fd RDX=00000000000003f8
RSI=ffffffff80008780 RDI=000000000000000a RBP=00000000001001e8 RSP=0000000000110fe0
R8 =00000000000003f8 R9 =000000000027ff6e R10=0000000000040000 R11=0000000000000cf8
R12=0000000000000000 R13=0000000000000000 R14=0000000000000000 R15=0000000000000000
RIP=ffffffff80000e71 RFL=00200246 [---Z-P-] CPL=0 II=0 A20=1 SMM=0 HLT=0
ES =0010 0000000000000000 ffffffff 008f9300 DPL=0 DS   [-WA]
CS =0008 0000000000000000 ffffffff 00af9a00 DPL=0 CS64 [-R-]
SS =0010 0000000000000000 ffffffff 008f9300 DPL=0 DS   [-WA]
DS =0010 0000000000000000 ffffffff 008f9300 DPL=0 DS   [-WA]
FS =0010 0000000000000000 ffffffff 008f9300 DPL=0 DS   [-WA]
GS =0010 0000000000000000 ffffffff 008f9300 DPL=0 DS   [-WA]
LDT=0000 0000000000000000 0000ffff 00008200 DPL=0 LDT
TR =0028 ffffffff8048b880 00000067 00008900 DPL=0 TSS64-avl
GDT=     ffffffff8048b900 00000037
IDT=     ffffffff8048b960 00000fff
CR0=80000011 CR2=0000000000000000 CR3=0000000000001000 CR4=00000020
DR0=0000000000000000 DR1=0000000000000000 DR2=0000000000000000 DR3=0000000000000000 
DR6=00000000ffff0ff0 DR7=0000000000000400
CCS=0000000000000044 CCD=0000000000110fb8 CCO=EFLAGS
EFER=0000000000000d00
Servicing hardware INT=0x20
   143: v=20 e=0000 i=0 cpl=0 IP=0008:ffffffff80000e71 pc=ffffffff80000e71 SP=0010:0000000000110fe0 env->regs[R_EAX]=0000000000000000
RAX=0000000000000000 RBX=000000000000001c RCX=00000000000003fd RDX=00000000000003f8
RSI=ffffffff80008780 RDI=000000000000000a RBP=00000000001001e8 RSP=0000000000110fe0
R8 =00000000000003f8 R9 =000000000027ff6e R10=0000000000040000 R11=0000000000000cf8
R12=0000000000000000 R13=0000000000000000 R14=0000000000000000 R15=0000000000000000
RIP=ffffffff80000e71 RFL=00200246 [---Z-P-] CPL=0 II=0 A20=1 SMM=0 HLT=0
ES =0010 0000000000000000 ffffffff 008f9300 DPL=0 DS   [-WA]
CS =0008 0000000000000000 ffffffff 00af9a00 DPL=0 CS64 [-R-]
SS =0010 0000000000000000 ffffffff 008f9300 DPL=0 DS   [-WA]
DS =0010 0000000000000000 ffffffff 008f9300 DPL=0 DS   [-WA]
FS =0010 0000000000000000 ffffffff 008f9300 DPL=0 DS   [-WA]
GS =0010 0000000000000000 ffffffff 008f9300 DPL=0 DS   [-WA]
LDT=0000 0000000000000000 0000ffff 00008200 DPL=0 LDT
TR =0028 ffffffff8048b880 00000067 00008900 DPL=0 TSS64-avl
GDT=     ffffffff8048b900 00000037
IDT=     ffffffff8048b960 00000fff
CR0=80000011 CR2=0000000000000000 CR3=0000000000001000 CR4=00000020
DR0=0000000000000000 DR1=0000000000000000 DR2=0000000000000000 DR3=0000000000000000 
DR6=00000000ffff0ff0 DR7=0000000000000400
CCS=0000000000000044 CCD=0000000000110fb8 CCO=EFLAGS
EFER=0000000000000d00
Servicing hardware INT=0x20
   144: v=20 e=0000 i=0 cpl=0 IP=0008:ffffffff80000e71 pc=ffffffff80000e71 SP=0010:0000000000110fe0 env->regs[R_EAX]=0000000000000000
RAX=0000000000000000 RBX=000000000000001c RCX=00000000000003fd RDX=00000000000003f8
RSI=ffffffff80008780 RDI=000000000000000a RBP=00000000001001e8 RSP=0000000000110fe0
R8 =00000000000003f8 R9 =000000000027ff6e R10=0000000000040000 R11=0000000000000cf8
R12=0000000000000000 R13=0000000000000000 R14=0000000000000000 R15=0000000000000000
RIP=ffffffff80000e71 RFL=00200246 [---Z-P-] CPL=0 II=0 A20=1 SMM=0 HLT=0
ES =0010 0000000000000000 ffffffff 008f9300 DPL=0 DS   [-WA]
CS =0008 0000000000000000 ffffffff 00af9a00 DPL=0 CS64 [-R-]
SS =0010 0000000000000000 ffffffff 008f9300 DPL=0 DS   [-WA]
DS =0010 0000000000000000 ffffffff 008f9300 DPL=0 DS   [-WA]
FS =0010 0000000000000000 ffffffff 008f9300 DPL=0 DS   [-WA]
GS =0010 0000000000000000 ffffffff 008f9300 DPL=0 DS   [-WA]
LDT=0000 0000000000000000 0000ffff 00008200 DPL=0 LDT
TR =0028 ffffffff8048b880 00000067 00008900 DPL=0 TSS64-avl
GDT=     ffffffff8048b900 00000037
IDT=     ffffffff8048b960 00000fff
CR0=80000011 CR2=0000000000000000 CR3=0000000000001000 CR4=00000020
DR0=0000000000000000 DR1=0000000000000000 DR2=0000000000000000 DR3=0000000000000000 
DR6=00000000ffff0ff0 DR7=0000000000000400
CCS=0000000000000044 CCD=0000000000110fb8 CCO=EFLAGS
EFER=0000000000000d00
Servicing hardware INT=0x20
   145: v=20 e=0000 i=0 cpl=0 IP=0008:ffffffff80000e71 pc=ffffffff80000e71 SP=0010:0000000000110fe0 env->regs[R_EAX]=0000000000000000
RAX=0000000000000000 RBX=000000000000001c RCX=00000000000003fd RDX=00000000000003f8
RSI=ffffffff80008780 RDI=000000000000000a RBP=00000000001001e8 RSP=0000000000110fe0
R8 =00000000000003f8 R9 =000000000027ff6e R10=0000000000040000 R11=0000000000000cf8
R12=0000000000000000 R13=0000000000000000 R14=0000000000000000 R15=0000000000000000
RIP=ffffffff80000e71 RFL=00200246 [---Z-P-] CPL=0 II=0 A20=1 SMM=0 HLT=0
ES =0010 0000000000000000 ffffffff 008f9300 DPL=0 DS   [-WA]
CS =0008 0000000000000000 ffffffff 00af9a00 DPL=0 CS64 [-R-]
SS =0010 0000000000000000 ffffffff 008f9300 DPL=0 DS   [-WA]
DS =0010 0000000000000000 ffffffff 008f9300 DPL=0 DS   [-WA]
FS =0010 0000000000000000 ffffffff 008f9300 DPL=0 DS   [-WA]
GS =0010 0000000000000000 ffffffff 008f9300 DPL=0 DS   [-WA]
LDT=0000 0000000000000000 0000ffff 00008200 DPL=0 LDT
TR =0028 ffffffff8048b880 00000067 00008900 DPL=0 TSS64-avl
GDT=     ffffffff8048b900 00000037
IDT=     ffffffff8048b960 00000fff
CR0=80000011 CR2=0000000000000000 CR3=0000000000001000 CR4=00000020
DR0=0000000000000000 DR1=0000000000000000 DR2=0000000000000000 DR3=0000000000000000 
DR6=00000000ffff0ff0 DR7=0000000000000400
CCS=0000000000000044 CCD=0000000000110fb8 CCO=EFLAGS
EFER=0000000000000d00
Servicing hardware INT=0x20
   146: v=20 e=0000 i=0 cpl=0 IP=0008:ffffffff80000e71 pc=ffffffff80000e71 SP=0010:0000000000110fe0 env->regs[R_EAX]=0000000000000000
RAX=0000000000000000 RBX=000000000000001c RCX=00000000000003fd RDX=00000000000003f8
RSI=ffffffff80008780 RDI=000000000000000a RBP=00000000001001e8 RSP=0000000000110fe0
R8 =00000000000003f8 R9 =000000000027ff6e R10=0000000000040000 R11=0000000000000cf8
R12=0000000000000000 R13=0000000000000000 R14=0000000000000000 R15=0000000000000000
RIP=ffffffff80000e71 RFL=00200246 [---Z-P-] CPL=0 II=0 A20=1 SMM=0 HLT=0
ES =0010 0000000000000000 ffffffff 008f9300 DPL=0 DS   [-WA]
CS =0008 0000000000000000 ffffffff 00af9a00 DPL=0 CS64 [-R-]
SS =0010 0000000000000000 ffffffff 008f9300 DPL=0 DS   [-WA]
DS =0010 0000000000000000 ffffffff 008f9300 DPL=0 DS   [-WA]
FS =0010 0000000000000000 ffffffff 008f9300 DPL=0 DS   [-WA]
GS =0010 0000000000000000 ffffffff 008f9300 DPL=0 DS   [-WA]
LDT=0000 0000000000000000 0000ffff 00008200 DPL=0 LDT
TR =0028 ffffffff8048b880 00000067 00008900 DPL=0 TSS64-avl
GDT=     ffffffff8048b900 00000037
IDT=     ffffffff8048b960 00000fff
CR0=80000011 CR2=0000000000000000 CR3=0000000000001000 CR4=00000020
DR0=0000000000000000 DR1=0000000000000000 DR2=0000000000000000 DR3=0000000000000000 
DR6=00000000ffff0ff0 DR7=0000000000000400
CCS=0000000000000044 CCD=0000000000110fb8 CCO=EFLAGS
EFER=0000000000000d00
Servicing hardware INT=0x20
   147: v=20 e=0000 i=0 cpl=0 IP=0008:ffffffff80000e71 pc=ffffffff80000e71 SP=0010:0000000000110fe0 env->regs[R_EAX]=0000000000000000
RAX=0000000000000000 RBX=000000000000001c RCX=00000000000003fd RDX=00000000000003f8
RSI=ffffffff80008780 RDI=000000000000000a RBP=00000000001001e8 RSP=0000000000110fe0
R8 =00000000000003f8 R9 =000000000027ff6e R10=0000000000040000 R11=0000000000000cf8
R12=0000000000000000 R13=0000000000000000 R14=0000000000000000 R15=0000000000000000
RIP=ffffffff80000e71 RFL=00200246 [---Z-P-] CPL=0 II=0 A20=1 SMM=0 HLT=0
ES =0010 0000000000000000 ffffffff 008f9300 DPL=0 DS   [-WA]
CS =0008 0000000000000000 ffffffff 00af9a00 DPL=0 CS64 [-R-]
SS =0010 0000000000000000 ffffffff 008f9300 DPL=0 DS   [-WA]
DS =0010 0000000000000000 ffffffff 008f9300 DPL=0 DS   [-WA]
FS =0010 0000000000000000 ffffffff 008f9300 DPL=0 DS   [-WA]
GS =0010 0000000000000000 ffffffff 008f9300 DPL=0 DS   [-WA]
LDT=0000 0000000000000000 0000ffff 00008200 DPL=0 LDT
TR =0028 ffffffff8048b880 00000067 00008900 DPL=0 TSS64-avl
GDT=     ffffffff8048b900 00000037
IDT=     ffffffff8048b960 00000fff
CR0=80000011 CR2=0000000000000000 CR3=0000000000001000 CR4=00000020
DR0=0000000000000000 DR1=0000000000000000 DR2=0000000000000000 DR3=0000000000000000 
DR6=00000000ffff0ff0 DR7=0000000000000400
CCS=0000000000000044 CCD=0000000000110fb8 CCO=EFLAGS
EFER=0000000000000d00
Servicing hardware INT=0x20
   148: v=20 e=0000 i=0 cpl=0 IP=0008:ffffffff80000e71 pc=ffffffff80000e71 SP=0010:0000000000110fe0 env->regs[R_EAX]=0000000000000000
RAX=0000000000000000 RBX=000000000000001c RCX=00000000000003fd RDX=00000000000003f8
RSI=ffffffff80008780 RDI=000000000000000a RBP=00000000001001e8 RSP=0000000000110fe0
R8 =00000000000003f8 R9 =000000000027ff6e R10=0000000000040000 R11=0000000000000cf8
R12=0000000000000000 R13=0000000000000000 R14=0000000000000000 R15=0000000000000000
RIP=ffffffff80000e71 RFL=00200246 [---Z-P-] CPL=0 II=0 A20=1 SMM=0 HLT=0
ES =0010 0000000000000000 ffffffff 008f9300 DPL=0 DS   [-WA]
CS =0008 0000000000000000 ffffffff 00af9a00 DPL=0 CS64 [-R-]
SS =0010 0000000000000000 ffffffff 008f9300 DPL=0 DS   [-WA]
DS =0010 0000000000000000 ffffffff 008f9300 DPL=0 DS   [-WA]
FS =0010 0000000000000000 ffffffff 008f9300 DPL=0 DS   [-WA]
GS =0010 0000000000000000 ffffffff 008f9300 DPL=0 DS   [-WA]
LDT=0000 0000000000000000 0000ffff 00008200 DPL=0 LDT
TR =0028 ffffffff8048b880 00000067 00008900 DPL=0 TSS64-avl
GDT=     ffffffff8048b900 00000037
IDT=     ffffffff8048b960 00000fff
CR0=80000011 CR2=0000000000000000 CR3=0000000000001000 CR4=00000020
DR0=0000000000000000 DR1=0000000000000000 DR2=0000000000000000 DR3=0000000000000000 
DR6=00000000ffff0ff0 DR7=0000000000000400
CCS=0000000000000044 CCD=0000000000110fb8 CCO=EFLAGS
EFER=0000000000000d00
Servicing hardware INT=0x20
   149: v=20 e=0000 i=0 cpl=0 IP=0008:ffffffff80000e71 pc=ffffffff80000e71 SP=0010:0000000000110fe0 env->regs[R_EAX]=0000000000000000
RAX=0000000000000000 RBX=000000000000001c RCX=00000000000003fd RDX=00000000000003f8
RSI=ffffffff80008780 RDI=000000000000000a RBP=00000000001001e8 RSP=0000000000110fe0
R8 =00000000000003f8 R9 =000000000027ff6e R10=0000000000040000 R11=0000000000000cf8
R12=0000000000000000 R13=0000000000000000 R14=0000000000000000 R15=0000000000000000
RIP=ffffffff80000e71 RFL=00200246 [---Z-P-] CPL=0 II=0 A20=1 SMM=0 HLT=0
ES =0010 0000000000000000 ffffffff 008f9300 DPL=0 DS   [-WA]
CS =0008 0000000000000000 ffffffff 00af9a00 DPL=0 CS64 [-R-]
SS =0010 0000000000000000 ffffffff 008f9300 DPL=0 DS   [-WA]
DS =0010 0000000000000000 ffffffff 008f9300 DPL=0 DS   [-WA]
FS =0010 0000000000000000 ffffffff 008f9300 DPL=0 DS   [-WA]
GS =0010 0000000000000000 ffffffff 008f9300 DPL=0 DS   [-WA]
LDT=0000 0000000000000000 0000ffff 00008200 DPL=0 LDT
TR =0028 ffffffff8048b880 00000067 00008900 DPL=0 TSS64-avl
GDT=     ffffffff8048b900 00000037
IDT=     ffffffff8048b960 00000fff
CR0=80000011 CR2=0000000000000000 CR3=0000000000001000 CR4=00000020
DR0=0000000000000000 DR1=0000000000000000 DR2=0000000000000000 DR3=0000000000000000 
DR6=00000000ffff0ff0 DR7=0000000000000400
CCS=0000000000000044 CCD=0000000000110fb8 CCO=EFLAGS
EFER=0000000000000d00
Servicing hardware INT=0x20
   150: v=20 e=0000 i=0 cpl=0 IP=0008:ffffffff80000e71 pc=ffffffff80000e71 SP=0010:0000000000110fe0 env->regs[R_EAX]=0000000000000000
RAX=0000000000000000 RBX=000000000000001c RCX=00000000000003fd RDX=00000000000003f8
RSI=ffffffff80008780 RDI=000000000000000a RBP=00000000001001e8 RSP=0000000000110fe0
R8 =00000000000003f8 R9 =000000000027ff6e R10=0000000000040000 R11=0000000000000cf8
R12=0000000000000000 R13=0000000000000000 R14=0000000000000000 R15=0000000000000000
RIP=ffffffff80000e71 RFL=00200246 [---Z-P-] CPL=0 II=0 A20=1 SMM=0 HLT=0
ES =0010 0000000000000000 ffffffff 008f9300 DPL=0 DS   [-WA]
CS =0008 0000000000000000 ffffffff 00af9a00 DPL=0 CS64 [-R-]
SS =0010 0000000000000000 ffffffff 008f9300 DPL=0 DS   [-WA]
DS =0010 0000000000000000 ffffffff 008f9300 DPL=0 DS   [-WA]
FS =0010 0000000000000000 ffffffff 008f9300 DPL=0 DS   [-WA]
GS =0010 0000000000000000 ffffffff 008f9300 DPL=0 DS   [-WA]
LDT=0000 0000000000000000 0000ffff 00008200 DPL=0 LDT
TR =0028 ffffffff8048b880 00000067 00008900 DPL=0 TSS64-avl
GDT=     ffffffff8048b900 00000037
IDT=     ffffffff8048b960 00000fff
CR0=80000011 CR2=0000000000000000 CR3=0000000000001000 CR4=00000020
DR0=0000000000000000 DR1=0000000000000000 DR2=0000000000000000 DR3=0000000000000000 
DR6=00000000ffff0ff0 DR7=0000000000000400
CCS=0000000000000044 CCD=0000000000110fb8 CCO=EFLAGS
EFER=0000000000000d00
Servicing hardware INT=0x20
   151: v=20 e=0000 i=0 cpl=0 IP=0008:ffffffff80000e71 pc=ffffffff80000e71 SP=0010:0000000000110fe0 env->regs[R_EAX]=0000000000000000
RAX=0000000000000000 RBX=000000000000001c RCX=00000000000003fd RDX=00000000000003f8
RSI=ffffffff80008780 RDI=000000000000000a RBP=00000000001001e8 RSP=0000000000110fe0
R8 =00000000000003f8 R9 =000000000027ff6e R10=0000000000040000 R11=0000000000000cf8
R12=0000000000000000 R13=0000000000000000 R14=0000000000000000 R15=0000000000000000
RIP=ffffffff80000e71 RFL=00200246 [---Z-P-] CPL=0 II=0 A20=1 SMM=0 HLT=0
ES =0010 0000000000000000 ffffffff 008f9300 DPL=0 DS   [-WA]
CS =0008 0000000000000000 ffffffff 00af9a00 DPL=0 CS64 [-R-]
SS =0010 0000000000000000 ffffffff 008f9300 DPL=0 DS   [-WA]
DS =0010 0000000000000000 ffffffff 008f9300 DPL=0 DS   [-WA]
FS =0010 0000000000000000 ffffffff 008f9300 DPL=0 DS   [-WA]
GS =0010 0000000000000000 ffffffff 008f9300 DPL=0 DS   [-WA]
LDT=0000 0000000000000000 0000ffff 00008200 DPL=0 LDT
TR =0028 ffffffff8048b880 00000067 00008900 DPL=0 TSS64-avl
GDT=     ffffffff8048b900 00000037
IDT=     ffffffff8048b960 00000fff
CR0=80000011 CR2=0000000000000000 CR3=0000000000001000 CR4=00000020
DR0=0000000000000000 DR1=0000000000000000 DR2=0000000000000000 DR3=0000000000000000 
DR6=00000000ffff0ff0 DR7=0000000000000400
CCS=0000000000000044 CCD=0000000000110fb8 CCO=EFLAGS
EFER=0000000000000d00
Servicing hardware INT=0x20
   152: v=20 e=0000 i=0 cpl=0 IP=0008:ffffffff80000e71 pc=ffffffff80000e71 SP=0010:0000000000110fe0 env->regs[R_EAX]=0000000000000000
RAX=0000000000000000 RBX=000000000000001c RCX=00000000000003fd RDX=00000000000003f8
RSI=ffffffff80008780 RDI=000000000000000a RBP=00000000001001e8 RSP=0000000000110fe0
R8 =00000000000003f8 R9 =000000000027ff6e R10=0000000000040000 R11=0000000000000cf8
R12=0000000000000000 R13=0000000000000000 R14=0000000000000000 R15=0000000000000000
RIP=ffffffff80000e71 RFL=00200246 [---Z-P-] CPL=0 II=0 A20=1 SMM=0 HLT=0
ES =0010 0000000000000000 ffffffff 008f9300 DPL=0 DS   [-WA]
CS =0008 0000000000000000 ffffffff 00af9a00 DPL=0 CS64 [-R-]
SS =0010 0000000000000000 ffffffff 008f9300 DPL=0 DS   [-WA]
DS =0010 0000000000000000 ffffffff 008f9300 DPL=0 DS   [-WA]
FS =0010 0000000000000000 ffffffff 008f9300 DPL=0 DS   [-WA]
GS =0010 0000000000000000 ffffffff 008f9300 DPL=0 DS   [-WA]
LDT=0000 0000000000000000 0000ffff 00008200 DPL=0 LDT
TR =0028 ffffffff8048b880 00000067 00008900 DPL=0 TSS64-avl
GDT=     ffffffff8048b900 00000037
IDT=     ffffffff8048b960 00000fff
CR0=80000011 CR2=0000000000000000 CR3=0000000000001000 CR4=00000020
DR0=0000000000000000 DR1=0000000000000000 DR2=0000000000000000 DR3=0000000000000000 
DR6=00000000ffff0ff0 DR7=0000000000000400
CCS=0000000000000044 CCD=0000000000110fb8 CCO=EFLAGS
EFER=0000000000000d00
Servicing hardware INT=0x20
   153: v=20 e=0000 i=0 cpl=0 IP=0008:ffffffff80000e71 pc=ffffffff80000e71 SP=0010:0000000000110fe0 env->regs[R_EAX]=0000000000000000
RAX=0000000000000000 RBX=000000000000001c RCX=00000000000003fd RDX=00000000000003f8
RSI=ffffffff80008780 RDI=000000000000000a RBP=00000000001001e8 RSP=0000000000110fe0
R8 =00000000000003f8 R9 =000000000027ff6e R10=0000000000040000 R11=0000000000000cf8
R12=0000000000000000 R13=0000000000000000 R14=0000000000000000 R15=0000000000000000
RIP=ffffffff80000e71 RFL=00200246 [---Z-P-] CPL=0 II=0 A20=1 SMM=0 HLT=0
ES =0010 0000000000000000 ffffffff 008f9300 DPL=0 DS   [-WA]
CS =0008 0000000000000000 ffffffff 00af9a00 DPL=0 CS64 [-R-]
SS =0010 0000000000000000 ffffffff 008f9300 DPL=0 DS   [-WA]
DS =0010 0000000000000000 ffffffff 008f9300 DPL=0 DS   [-WA]
FS =0010 0000000000000000 ffffffff 008f9300 DPL=0 DS   [-WA]
GS =0010 0000000000000000 ffffffff 008f9300 DPL=0 DS   [-WA]
LDT=0000 0000000000000000 0000ffff 00008200 DPL=0 LDT
TR =0028 ffffffff8048b880 00000067 00008900 DPL=0 TSS64-avl
GDT=     ffffffff8048b900 00000037
IDT=     ffffffff8048b960 00000fff
CR0=80000011 CR2=0000000000000000 CR3=0000000000001000 CR4=00000020
DR0=0000000000000000 DR1=0000000000000000 DR2=0000000000000000 DR3=0000000000000000 
DR6=00000000ffff0ff0 DR7=0000000000000400
CCS=0000000000000044 CCD=0000000000110fb8 CCO=EFLAGS
EFER=0000000000000d00
Servicing hardware INT=0x20
   154: v=20 e=0000 i=0 cpl=0 IP=0008:ffffffff80000e71 pc=ffffffff80000e71 SP=0010:0000000000110fe0 env->regs[R_EAX]=0000000000000000
RAX=0000000000000000 RBX=000000000000001c RCX=00000000000003fd RDX=00000000000003f8
RSI=ffffffff80008780 RDI=000000000000000a RBP=00000000001001e8 RSP=0000000000110fe0
R8 =00000000000003f8 R9 =000000000027ff6e R10=0000000000040000 R11=0000000000000cf8
R12=0000000000000000 R13=0000000000000000 R14=0000000000000000 R15=0000000000000000
RIP=ffffffff80000e71 RFL=00200246 [---Z-P-] CPL=0 II=0 A20=1 SMM=0 HLT=0
ES =0010 0000000000000000 ffffffff 008f9300 DPL=0 DS   [-WA]
CS =0008 0000000000000000 ffffffff 00af9a00 DPL=0 CS64 [-R-]
SS =0010 0000000000000000 ffffffff 008f9300 DPL=0 DS   [-WA]
DS =0010 0000000000000000 ffffffff 008f9300 DPL=0 DS   [-WA]
FS =0010 0000000000000000 ffffffff 008f9300 DPL=0 DS   [-WA]
GS =0010 0000000000000000 ffffffff 008f9300 DPL=0 DS   [-WA]
LDT=0000 0000000000000000 0000ffff 00008200 DPL=0 LDT
TR =0028 ffffffff8048b880 00000067 00008900 DPL=0 TSS64-avl
GDT=     ffffffff8048b900 00000037
IDT=     ffffffff8048b960 00000fff
CR0=80000011 CR2=0000000000000000 CR3=0000000000001000 CR4=00000020
DR0=0000000000000000 DR1=0000000000000000 DR2=0000000000000000 DR3=0000000000000000 
DR6=00000000ffff0ff0 DR7=0000000000000400
CCS=0000000000000044 CCD=0000000000110fb8 CCO=EFLAGS
EFER=0000000000000d00
Servicing hardware INT=0x20
   155: v=20 e=0000 i=0 cpl=0 IP=0008:ffffffff80000e71 pc=ffffffff80000e71 SP=0010:0000000000110fe0 env->regs[R_EAX]=0000000000000000
RAX=0000000000000000 RBX=000000000000001c RCX=00000000000003fd RDX=00000000000003f8
RSI=ffffffff80008780 RDI=000000000000000a RBP=00000000001001e8 RSP=0000000000110fe0
R8 =00000000000003f8 R9 =000000000027ff6e R10=0000000000040000 R11=0000000000000cf8
R12=0000000000000000 R13=0000000000000000 R14=0000000000000000 R15=0000000000000000
RIP=ffffffff80000e71 RFL=00200246 [---Z-P-] CPL=0 II=0 A20=1 SMM=0 HLT=0
ES =0010 0000000000000000 ffffffff 008f9300 DPL=0 DS   [-WA]
CS =0008 0000000000000000 ffffffff 00af9a00 DPL=0 CS64 [-R-]
SS =0010 0000000000000000 ffffffff 008f9300 DPL=0 DS   [-WA]
DS =0010 0000000000000000 ffffffff 008f9300 DPL=0 DS   [-WA]
FS =0010 0000000000000000 ffffffff 008f9300 DPL=0 DS   [-WA]
GS =0010 0000000000000000 ffffffff 008f9300 DPL=0 DS   [-WA]
LDT=0000 0000000000000000 0000ffff 00008200 DPL=0 LDT
TR =0028 ffffffff8048b880 00000067 00008900 DPL=0 TSS64-avl
GDT=     ffffffff8048b900 00000037
IDT=     ffffffff8048b960 00000fff
CR0=80000011 CR2=0000000000000000 CR3=0000000000001000 CR4=00000020
DR0=0000000000000000 DR1=0000000000000000 DR2=0000000000000000 DR3=0000000000000000 
DR6=00000000ffff0ff0 DR7=0000000000000400
CCS=0000000000000044 CCD=0000000000110fb8 CCO=EFLAGS
EFER=0000000000000d00
Servicing hardware INT=0x20
   156: v=20 e=0000 i=0 cpl=0 IP=0008:ffffffff80000e71 pc=ffffffff80000e71 SP=0010:0000000000110fe0 env->regs[R_EAX]=0000000000000000
RAX=0000000000000000 RBX=000000000000001c RCX=00000000000003fd RDX=00000000000003f8
RSI=ffffffff80008780 RDI=000000000000000a RBP=00000000001001e8 RSP=0000000000110fe0
R8 =00000000000003f8 R9 =000000000027ff6e R10=0000000000040000 R11=0000000000000cf8
R12=0000000000000000 R13=0000000000000000 R14=0000000000000000 R15=0000000000000000
RIP=ffffffff80000e71 RFL=00200246 [---Z-P-] CPL=0 II=0 A20=1 SMM=0 HLT=0
ES =0010 0000000000000000 ffffffff 008f9300 DPL=0 DS   [-WA]
CS =0008 0000000000000000 ffffffff 00af9a00 DPL=0 CS64 [-R-]
SS =0010 0000000000000000 ffffffff 008f9300 DPL=0 DS   [-WA]
DS =0010 0000000000000000 ffffffff 008f9300 DPL=0 DS   [-WA]
FS =0010 0000000000000000 ffffffff 008f9300 DPL=0 DS   [-WA]
GS =0010 0000000000000000 ffffffff 008f9300 DPL=0 DS   [-WA]
LDT=0000 0000000000000000 0000ffff 00008200 DPL=0 LDT
TR =0028 ffffffff8048b880 00000067 00008900 DPL=0 TSS64-avl
GDT=     ffffffff8048b900 00000037
IDT=     ffffffff8048b960 00000fff
CR0=80000011 CR2=0000000000000000 CR3=0000000000001000 CR4=00000020
DR0=0000000000000000 DR1=0000000000000000 DR2=0000000000000000 DR3=0000000000000000 
DR6=00000000ffff0ff0 DR7=0000000000000400
CCS=0000000000000044 CCD=0000000000110fb8 CCO=EFLAGS
EFER=0000000000000d00
Servicing hardware INT=0x20
   157: v=20 e=0000 i=0 cpl=0 IP=0008:ffffffff80000e71 pc=ffffffff80000e71 SP=0010:0000000000110fe0 env->regs[R_EAX]=0000000000000000
RAX=0000000000000000 RBX=000000000000001c RCX=00000000000003fd RDX=00000000000003f8
RSI=ffffffff80008780 RDI=000000000000000a RBP=00000000001001e8 RSP=0000000000110fe0
R8 =00000000000003f8 R9 =000000000027ff6e R10=0000000000040000 R11=0000000000000cf8
R12=0000000000000000 R13=0000000000000000 R14=0000000000000000 R15=0000000000000000
RIP=ffffffff80000e71 RFL=00200246 [---Z-P-] CPL=0 II=0 A20=1 SMM=0 HLT=0
ES =0010 0000000000000000 ffffffff 008f9300 DPL=0 DS   [-WA]
CS =0008 0000000000000000 ffffffff 00af9a00 DPL=0 CS64 [-R-]
SS =0010 0000000000000000 ffffffff 008f9300 DPL=0 DS   [-WA]
DS =0010 0000000000000000 ffffffff 008f9300 DPL=0 DS   [-WA]
FS =0010 0000000000000000 ffffffff 008f9300 DPL=0 DS   [-WA]
GS =0010 0000000000000000 ffffffff 008f9300 DPL=0 DS   [-WA]
LDT=0000 0000000000000000 0000ffff 00008200 DPL=0 LDT
TR =0028 ffffffff8048b880 00000067 00008900 DPL=0 TSS64-avl
GDT=     ffffffff8048b900 00000037
IDT=     ffffffff8048b960 00000fff
CR0=80000011 CR2=0000000000000000 CR3=0000000000001000 CR4=00000020
DR0=0000000000000000 DR1=0000000000000000 DR2=0000000000000000 DR3=0000000000000000 
DR6=00000000ffff0ff0 DR7=0000000000000400
CCS=0000000000000044 CCD=0000000000110fb8 CCO=EFLAGS
EFER=0000000000000d00
Servicing hardware INT=0x20
   158: v=20 e=0000 i=0 cpl=0 IP=0008:ffffffff80000e71 pc=ffffffff80000e71 SP=0010:0000000000110fe0 env->regs[R_EAX]=0000000000000000
RAX=0000000000000000 RBX=000000000000001c RCX=00000000000003fd RDX=00000000000003f8
RSI=ffffffff80008780 RDI=000000000000000a RBP=00000000001001e8 RSP=0000000000110fe0
R8 =00000000000003f8 R9 =000000000027ff6e R10=0000000000040000 R11=0000000000000cf8
R12=0000000000000000 R13=0000000000000000 R14=0000000000000000 R15=0000000000000000
RIP=ffffffff80000e71 RFL=00200246 [---Z-P-] CPL=0 II=0 A20=1 SMM=0 HLT=0
ES =0010 0000000000000000 ffffffff 008f9300 DPL=0 DS   [-WA]
CS =0008 0000000000000000 ffffffff 00af9a00 DPL=0 CS64 [-R-]
SS =0010 0000000000000000 ffffffff 008f9300 DPL=0 DS   [-WA]
DS =0010 0000000000000000 ffffffff 008f9300 DPL=0 DS   [-WA]
FS =0010 0000000000000000 ffffffff 008f9300 DPL=0 DS   [-WA]
GS =0010 0000000000000000 ffffffff 008f9300 DPL=0 DS   [-WA]
LDT=0000 0000000000000000 0000ffff 00008200 DPL=0 LDT
TR =0028 ffffffff8048b880 00000067 00008900 DPL=0 TSS64-avl
GDT=     ffffffff8048b900 00000037
IDT=     ffffffff8048b960 00000fff
CR0=80000011 CR2=0000000000000000 CR3=0000000000001000 CR4=00000020
DR0=0000000000000000 DR1=0000000000000000 DR2=0000000000000000 DR3=0000000000000000 
DR6=00000000ffff0ff0 DR7=0000000000000400
CCS=0000000000000044 CCD=0000000000110fb8 CCO=EFLAGS
EFER=0000000000000d00
Servicing hardware INT=0x20
   159: v=20 e=0000 i=0 cpl=0 IP=0008:ffffffff80000e71 pc=ffffffff80000e71 SP=0010:0000000000110fe0 env->regs[R_EAX]=0000000000000000
RAX=0000000000000000 RBX=000000000000001c RCX=00000000000003fd RDX=00000000000003f8
RSI=ffffffff80008780 RDI=000000000000000a RBP=00000000001001e8 RSP=0000000000110fe0
R8 =00000000000003f8 R9 =000000000027ff6e R10=0000000000040000 R11=0000000000000cf8
R12=0000000000000000 R13=0000000000000000 R14=0000000000000000 R15=0000000000000000
RIP=ffffffff80000e71 RFL=00200246 [---Z-P-] CPL=0 II=0 A20=1 SMM=0 HLT=0
ES =0010 0000000000000000 ffffffff 008f9300 DPL=0 DS   [-WA]
CS =0008 0000000000000000 ffffffff 00af9a00 DPL=0 CS64 [-R-]
SS =0010 0000000000000000 ffffffff 008f9300 DPL=0 DS   [-WA]
DS =0010 0000000000000000 ffffffff 008f9300 DPL=0 DS   [-WA]
FS =0010 0000000000000000 ffffffff 008f9300 DPL=0 DS   [-WA]
GS =0010 0000000000000000 ffffffff 008f9300 DPL=0 DS   [-WA]
LDT=0000 0000000000000000 0000ffff 00008200 DPL=0 LDT
TR =0028 ffffffff8048b880 00000067 00008900 DPL=0 TSS64-avl
GDT=     ffffffff8048b900 00000037
IDT=     ffffffff8048b960 00000fff
CR0=80000011 CR2=0000000000000000 CR3=0000000000001000 CR4=00000020
DR0=0000000000000000 DR1=0000000000000000 DR2=0000000000000000 DR3=0000000000000000 
DR6=00000000ffff0ff0 DR7=0000000000000400
CCS=0000000000000044 CCD=0000000000110fb8 CCO=EFLAGS
EFER=0000000000000d00
Servicing hardware INT=0x20
   160: v=20 e=0000 i=0 cpl=0 IP=0008:ffffffff80000e71 pc=ffffffff80000e71 SP=0010:0000000000110fe0 env->regs[R_EAX]=0000000000000000
RAX=0000000000000000 RBX=000000000000001c RCX=00000000000003fd RDX=00000000000003f8
RSI=ffffffff80008780 RDI=000000000000000a RBP=00000000001001e8 RSP=0000000000110fe0
R8 =00000000000003f8 R9 =000000000027ff6e R10=0000000000040000 R11=0000000000000cf8
R12=0000000000000000 R13=0000000000000000 R14=0000000000000000 R15=0000000000000000
RIP=ffffffff80000e71 RFL=00200246 [---Z-P-] CPL=0 II=0 A20=1 SMM=0 HLT=0
ES =0010 0000000000000000 ffffffff 008f9300 DPL=0 DS   [-WA]
CS =0008 0000000000000000 ffffffff 00af9a00 DPL=0 CS64 [-R-]
SS =0010 0000000000000000 ffffffff 008f9300 DPL=0 DS   [-WA]
DS =0010 0000000000000000 ffffffff 008f9300 DPL=0 DS   [-WA]
FS =0010 0000000000000000 ffffffff 008f9300 DPL=0 DS   [-WA]
GS =0010 0000000000000000 ffffffff 008f9300 DPL=0 DS   [-WA]
LDT=0000 0000000000000000 0000ffff 00008200 DPL=0 LDT
TR =0028 ffffffff8048b880 00000067 00008900 DPL=0 TSS64-avl
GDT=     ffffffff8048b900 00000037
IDT=     ffffffff8048b960 00000fff
CR0=80000011 CR2=0000000000000000 CR3=0000000000001000 CR4=00000020
DR0=0000000000000000 DR1=0000000000000000 DR2=0000000000000000 DR3=0000000000000000 
DR6=00000000ffff0ff0 DR7=0000000000000400
CCS=0000000000000044 CCD=0000000000110fb8 CCO=EFLAGS
EFER=0000000000000d00
Servicing hardware INT=0x20
   161: v=20 e=0000 i=0 cpl=0 IP=0008:ffffffff80000e71 pc=ffffffff80000e71 SP=0010:0000000000110fe0 env->regs[R_EAX]=0000000000000000
RAX=0000000000000000 RBX=000000000000001c RCX=00000000000003fd RDX=00000000000003f8
RSI=ffffffff80008780 RDI=000000000000000a RBP=00000000001001e8 RSP=0000000000110fe0
R8 =00000000000003f8 R9 =000000000027ff6e R10=0000000000040000 R11=0000000000000cf8
R12=0000000000000000 R13=0000000000000000 R14=0000000000000000 R15=0000000000000000
RIP=ffffffff80000e71 RFL=00200246 [---Z-P-] CPL=0 II=0 A20=1 SMM=0 HLT=0
ES =0010 0000000000000000 ffffffff 008f9300 DPL=0 DS   [-WA]
CS =0008 0000000000000000 ffffffff 00af9a00 DPL=0 CS64 [-R-]
SS =0010 0000000000000000 ffffffff 008f9300 DPL=0 DS   [-WA]
DS =0010 0000000000000000 ffffffff 008f9300 DPL=0 DS   [-WA]
FS =0010 0000000000000000 ffffffff 008f9300 DPL=0 DS   [-WA]
GS =0010 0000000000000000 ffffffff 008f9300 DPL=0 DS   [-WA]
LDT=0000 0000000000000000 0000ffff 00008200 DPL=0 LDT
TR =0028 ffffffff8048b880 00000067 00008900 DPL=0 TSS64-avl
GDT=     ffffffff8048b900 00000037
IDT=     ffffffff8048b960 00000fff
CR0=80000011 CR2=0000000000000000 CR3=0000000000001000 CR4=00000020
DR0=0000000000000000 DR1=0000000000000000 DR2=0000000000000000 DR3=0000000000000000 
DR6=00000000ffff0ff0 DR7=0000000000000400
CCS=0000000000000044 CCD=0000000000110fb8 CCO=EFLAGS
EFER=0000000000000d00
Servicing hardware INT=0x20
   162: v=20 e=0000 i=0 cpl=0 IP=0008:ffffffff80000e71 pc=ffffffff80000e71 SP=0010:0000000000110fe0 env->regs[R_EAX]=0000000000000000
RAX=0000000000000000 RBX=000000000000001c RCX=00000000000003fd RDX=00000000000003f8
RSI=ffffffff80008780 RDI=000000000000000a RBP=00000000001001e8 RSP=0000000000110fe0
R8 =00000000000003f8 R9 =000000000027ff6e R10=0000000000040000 R11=0000000000000cf8
R12=0000000000000000 R13=0000000000000000 R14=0000000000000000 R15=0000000000000000
RIP=ffffffff80000e71 RFL=00200246 [---Z-P-] CPL=0 II=0 A20=1 SMM=0 HLT=0
ES =0010 0000000000000000 ffffffff 008f9300 DPL=0 DS   [-WA]
CS =0008 0000000000000000 ffffffff 00af9a00 DPL=0 CS64 [-R-]
SS =0010 0000000000000000 ffffffff 008f9300 DPL=0 DS   [-WA]
DS =0010 0000000000000000 ffffffff 008f9300 DPL=0 DS   [-WA]
FS =0010 0000000000000000 ffffffff 008f9300 DPL=0 DS   [-WA]
GS =0010 0000000000000000 ffffffff 008f9300 DPL=0 DS   [-WA]
LDT=0000 0000000000000000 0000ffff 00008200 DPL=0 LDT
TR =0028 ffffffff8048b880 00000067 00008900 DPL=0 TSS64-avl
GDT=     ffffffff8048b900 00000037
IDT=     ffffffff8048b960 00000fff
CR0=80000011 CR2=0000000000000000 CR3=0000000000001000 CR4=00000020
DR0=0000000000000000 DR1=0000000000000000 DR2=0000000000000000 DR3=0000000000000000 
DR6=00000000ffff0ff0 DR7=0000000000000400
CCS=0000000000000044 CCD=0000000000110fb8 CCO=EFLAGS
EFER=0000000000000d00
Servicing hardware INT=0x20
   163: v=20 e=0000 i=0 cpl=0 IP=0008:ffffffff80000e71 pc=ffffffff80000e71 SP=0010:0000000000110fe0 env->regs[R_EAX]=0000000000000000
RAX=0000000000000000 RBX=000000000000001c RCX=00000000000003fd RDX=00000000000003f8
RSI=ffffffff80008780 RDI=000000000000000a RBP=00000000001001e8 RSP=0000000000110fe0
R8 =00000000000003f8 R9 =000000000027ff6e R10=0000000000040000 R11=0000000000000cf8
R12=0000000000000000 R13=0000000000000000 R14=0000000000000000 R15=0000000000000000
RIP=ffffffff80000e71 RFL=00200246 [---Z-P-] CPL=0 II=0 A20=1 SMM=0 HLT=0
ES =0010 0000000000000000 ffffffff 008f9300 DPL=0 DS   [-WA]
CS =0008 0000000000000000 ffffffff 00af9a00 DPL=0 CS64 [-R-]
SS =0010 0000000000000000 ffffffff 008f9300 DPL=0 DS   [-WA]
DS =0010 0000000000000000 ffffffff 008f9300 DPL=0 DS   [-WA]
FS =0010 0000000000000000 ffffffff 008f9300 DPL=0 DS   [-WA]
GS =0010 0000000000000000 ffffffff 008f9300 DPL=0 DS   [-WA]
LDT=0000 0000000000000000 0000ffff 00008200 DPL=0 LDT
TR =0028 ffffffff8048b880 00000067 00008900 DPL=0 TSS64-avl
GDT=     ffffffff8048b900 00000037
IDT=     ffffffff8048b960 00000fff
CR0=80000011 CR2=0000000000000000 CR3=0000000000001000 CR4=00000020
DR0=0000000000000000 DR1=0000000000000000 DR2=0000000000000000 DR3=0000000000000000 
DR6=00000000ffff0ff0 DR7=0000000000000400
CCS=0000000000000044 CCD=0000000000110fb8 CCO=EFLAGS
EFER=0000000000000d00
Servicing hardware INT=0x20
   164: v=20 e=0000 i=0 cpl=0 IP=0008:ffffffff80000e71 pc=ffffffff80000e71 SP=0010:0000000000110fe0 env->regs[R_EAX]=0000000000000000
RAX=0000000000000000 RBX=000000000000001c RCX=00000000000003fd RDX=00000000000003f8
RSI=ffffffff80008780 RDI=000000000000000a RBP=00000000001001e8 RSP=0000000000110fe0
R8 =00000000000003f8 R9 =000000000027ff6e R10=0000000000040000 R11=0000000000000cf8
R12=0000000000000000 R13=0000000000000000 R14=0000000000000000 R15=0000000000000000
RIP=ffffffff80000e71 RFL=00200246 [---Z-P-] CPL=0 II=0 A20=1 SMM=0 HLT=0
ES =0010 0000000000000000 ffffffff 008f9300 DPL=0 DS   [-WA]
CS =0008 0000000000000000 ffffffff 00af9a00 DPL=0 CS64 [-R-]
SS =0010 0000000000000000 ffffffff 008f9300 DPL=0 DS   [-WA]
DS =0010 0000000000000000 ffffffff 008f9300 DPL=0 DS   [-WA]
FS =0010 0000000000000000 ffffffff 008f9300 DPL=0 DS   [-WA]
GS =0010 0000000000000000 ffffffff 008f9300 DPL=0 DS   [-WA]
LDT=0000 0000000000000000 0000ffff 00008200 DPL=0 LDT
TR =0028 ffffffff8048b880 00000067 00008900 DPL=0 TSS64-avl
GDT=     ffffffff8048b900 00000037
IDT=     ffffffff8048b960 00000fff
CR0=80000011 CR2=0000000000000000 CR3=0000000000001000 CR4=00000020
DR0=0000000000000000 DR1=0000000000000000 DR2=0000000000000000 DR3=0000000000000000 
DR6=00000000ffff0ff0 DR7=0000000000000400
CCS=0000000000000044 CCD=0000000000110fb8 CCO=EFLAGS
EFER=0000000000000d00
Servicing hardware INT=0x20
   165: v=20 e=0000 i=0 cpl=0 IP=0008:ffffffff80000e71 pc=ffffffff80000e71 SP=0010:0000000000110fe0 env->regs[R_EAX]=0000000000000000
RAX=0000000000000000 RBX=000000000000001c RCX=00000000000003fd RDX=00000000000003f8
RSI=ffffffff80008780 RDI=000000000000000a RBP=00000000001001e8 RSP=0000000000110fe0
R8 =00000000000003f8 R9 =000000000027ff6e R10=0000000000040000 R11=0000000000000cf8
R12=0000000000000000 R13=0000000000000000 R14=0000000000000000 R15=0000000000000000
RIP=ffffffff80000e71 RFL=00200246 [---Z-P-] CPL=0 II=0 A20=1 SMM=0 HLT=0
ES =0010 0000000000000000 ffffffff 008f9300 DPL=0 DS   [-WA]
CS =0008 0000000000000000 ffffffff 00af9a00 DPL=0 CS64 [-R-]
SS =0010 0000000000000000 ffffffff 008f9300 DPL=0 DS   [-WA]
DS =0010 0000000000000000 ffffffff 008f9300 DPL=0 DS   [-WA]
FS =0010 0000000000000000 ffffffff 008f9300 DPL=0 DS   [-WA]
GS =0010 0000000000000000 ffffffff 008f9300 DPL=0 DS   [-WA]
LDT=0000 0000000000000000 0000ffff 00008200 DPL=0 LDT
TR =0028 ffffffff8048b880 00000067 00008900 DPL=0 TSS64-avl
GDT=     ffffffff8048b900 00000037
IDT=     ffffffff8048b960 00000fff
CR0=80000011 CR2=0000000000000000 CR3=0000000000001000 CR4=00000020
DR0=0000000000000000 DR1=0000000000000000 DR2=0000000000000000 DR3=0000000000000000 
DR6=00000000ffff0ff0 DR7=0000000000000400
CCS=0000000000000044 CCD=0000000000110fb8 CCO=EFLAGS
EFER=0000000000000d00
Servicing hardware INT=0x20
   166: v=20 e=0000 i=0 cpl=0 IP=0008:ffffffff80000e71 pc=ffffffff80000e71 SP=0010:0000000000110fe0 env->regs[R_EAX]=0000000000000000
RAX=0000000000000000 RBX=000000000000001c RCX=00000000000003fd RDX=00000000000003f8
RSI=ffffffff80008780 RDI=000000000000000a RBP=00000000001001e8 RSP=0000000000110fe0
R8 =00000000000003f8 R9 =000000000027ff6e R10=0000000000040000 R11=0000000000000cf8
R12=0000000000000000 R13=0000000000000000 R14=0000000000000000 R15=0000000000000000
RIP=ffffffff80000e71 RFL=00200246 [---Z-P-] CPL=0 II=0 A20=1 SMM=0 HLT=0
ES =0010 0000000000000000 ffffffff 008f9300 DPL=0 DS   [-WA]
CS =0008 0000000000000000 ffffffff 00af9a00 DPL=0 CS64 [-R-]
SS =0010 0000000000000000 ffffffff 008f9300 DPL=0 DS   [-WA]
DS =0010 0000000000000000 ffffffff 008f9300 DPL=0 DS   [-WA]
FS =0010 0000000000000000 ffffffff 008f9300 DPL=0 DS   [-WA]
GS =0010 0000000000000000 ffffffff 008f9300 DPL=0 DS   [-WA]
LDT=0000 0000000000000000 0000ffff 00008200 DPL=0 LDT
TR =0028 ffffffff8048b880 00000067 00008900 DPL=0 TSS64-avl
GDT=     ffffffff8048b900 00000037
IDT=     ffffffff8048b960 00000fff
CR0=80000011 CR2=0000000000000000 CR3=0000000000001000 CR4=00000020
DR0=0000000000000000 DR1=0000000000000000 DR2=0000000000000000 DR3=0000000000000000 
DR6=00000000ffff0ff0 DR7=0000000000000400
CCS=0000000000000044 CCD=0000000000110fb8 CCO=EFLAGS
EFER=0000000000000d00
Servicing hardware INT=0x20
   167: v=20 e=0000 i=0 cpl=0 IP=0008:ffffffff80000e71 pc=ffffffff80000e71 SP=0010:0000000000110fe0 env->regs[R_EAX]=0000000000000000
RAX=0000000000000000 RBX=000000000000001c RCX=00000000000003fd RDX=00000000000003f8
RSI=ffffffff80008780 RDI=000000000000000a RBP=00000000001001e8 RSP=0000000000110fe0
R8 =00000000000003f8 R9 =000000000027ff6e R10=0000000000040000 R11=0000000000000cf8
R12=0000000000000000 R13=0000000000000000 R14=0000000000000000 R15=0000000000000000
RIP=ffffffff80000e71 RFL=00200246 [---Z-P-] CPL=0 II=0 A20=1 SMM=0 HLT=0
ES =0010 0000000000000000 ffffffff 008f9300 DPL=0 DS   [-WA]
CS =0008 0000000000000000 ffffffff 00af9a00 DPL=0 CS64 [-R-]
SS =0010 0000000000000000 ffffffff 008f9300 DPL=0 DS   [-WA]
DS =0010 0000000000000000 ffffffff 008f9300 DPL=0 DS   [-WA]
FS =0010 0000000000000000 ffffffff 008f9300 DPL=0 DS   [-WA]
GS =0010 0000000000000000 ffffffff 008f9300 DPL=0 DS   [-WA]
LDT=0000 0000000000000000 0000ffff 00008200 DPL=0 LDT
TR =0028 ffffffff8048b880 00000067 00008900 DPL=0 TSS64-avl
GDT=     ffffffff8048b900 00000037
IDT=     ffffffff8048b960 00000fff
CR0=80000011 CR2=0000000000000000 CR3=0000000000001000 CR4=00000020
DR0=0000000000000000 DR1=0000000000000000 DR2=0000000000000000 DR3=0000000000000000 
DR6=00000000ffff0ff0 DR7=0000000000000400
CCS=0000000000000044 CCD=0000000000110fb8 CCO=EFLAGS
EFER=0000000000000d00
Servicing hardware INT=0x20
   168: v=20 e=0000 i=0 cpl=0 IP=0008:ffffffff80000e71 pc=ffffffff80000e71 SP=0010:0000000000110fe0 env->regs[R_EAX]=0000000000000000
RAX=0000000000000000 RBX=000000000000001c RCX=00000000000003fd RDX=00000000000003f8
RSI=ffffffff80008780 RDI=000000000000000a RBP=00000000001001e8 RSP=0000000000110fe0
R8 =00000000000003f8 R9 =000000000027ff6e R10=0000000000040000 R11=0000000000000cf8
R12=0000000000000000 R13=0000000000000000 R14=0000000000000000 R15=0000000000000000
RIP=ffffffff80000e71 RFL=00200246 [---Z-P-] CPL=0 II=0 A20=1 SMM=0 HLT=0
ES =0010 0000000000000000 ffffffff 008f9300 DPL=0 DS   [-WA]
CS =0008 0000000000000000 ffffffff 00af9a00 DPL=0 CS64 [-R-]
SS =0010 0000000000000000 ffffffff 008f9300 DPL=0 DS   [-WA]
DS =0010 0000000000000000 ffffffff 008f9300 DPL=0 DS   [-WA]
FS =0010 0000000000000000 ffffffff 008f9300 DPL=0 DS   [-WA]
GS =0010 0000000000000000 ffffffff 008f9300 DPL=0 DS   [-WA]
LDT=0000 0000000000000000 0000ffff 00008200 DPL=0 LDT
TR =0028 ffffffff8048b880 00000067 00008900 DPL=0 TSS64-avl
GDT=     ffffffff8048b900 00000037
IDT=     ffffffff8048b960 00000fff
CR0=80000011 CR2=0000000000000000 CR3=0000000000001000 CR4=00000020
DR0=0000000000000000 DR1=0000000000000000 DR2=0000000000000000 DR3=0000000000000000 
DR6=00000000ffff0ff0 DR7=0000000000000400
CCS=0000000000000044 CCD=0000000000110fb8 CCO=EFLAGS
EFER=0000000000000d00
Servicing hardware INT=0x20
   169: v=20 e=0000 i=0 cpl=0 IP=0008:ffffffff80000e71 pc=ffffffff80000e71 SP=0010:0000000000110fe0 env->regs[R_EAX]=0000000000000000
RAX=0000000000000000 RBX=000000000000001c RCX=00000000000003fd RDX=00000000000003f8
RSI=ffffffff80008780 RDI=000000000000000a RBP=00000000001001e8 RSP=0000000000110fe0
R8 =00000000000003f8 R9 =000000000027ff6e R10=0000000000040000 R11=0000000000000cf8
R12=0000000000000000 R13=0000000000000000 R14=0000000000000000 R15=0000000000000000
RIP=ffffffff80000e71 RFL=00200246 [---Z-P-] CPL=0 II=0 A20=1 SMM=0 HLT=0
ES =0010 0000000000000000 ffffffff 008f9300 DPL=0 DS   [-WA]
CS =0008 0000000000000000 ffffffff 00af9a00 DPL=0 CS64 [-R-]
SS =0010 0000000000000000 ffffffff 008f9300 DPL=0 DS   [-WA]
DS =0010 0000000000000000 ffffffff 008f9300 DPL=0 DS   [-WA]
FS =0010 0000000000000000 ffffffff 008f9300 DPL=0 DS   [-WA]
GS =0010 0000000000000000 ffffffff 008f9300 DPL=0 DS   [-WA]
LDT=0000 0000000000000000 0000ffff 00008200 DPL=0 LDT
TR =0028 ffffffff8048b880 00000067 00008900 DPL=0 TSS64-avl
GDT=     ffffffff8048b900 00000037
IDT=     ffffffff8048b960 00000fff
CR0=80000011 CR2=0000000000000000 CR3=0000000000001000 CR4=00000020
DR0=0000000000000000 DR1=0000000000000000 DR2=0000000000000000 DR3=0000000000000000 
DR6=00000000ffff0ff0 DR7=0000000000000400
CCS=0000000000000044 CCD=0000000000110fb8 CCO=EFLAGS
EFER=0000000000000d00
Servicing hardware INT=0x20
   170: v=20 e=0000 i=0 cpl=0 IP=0008:ffffffff80000e71 pc=ffffffff80000e71 SP=0010:0000000000110fe0 env->regs[R_EAX]=0000000000000000
RAX=0000000000000000 RBX=000000000000001c RCX=00000000000003fd RDX=00000000000003f8
RSI=ffffffff80008780 RDI=000000000000000a RBP=00000000001001e8 RSP=0000000000110fe0
R8 =00000000000003f8 R9 =000000000027ff6e R10=0000000000040000 R11=0000000000000cf8
R12=0000000000000000 R13=0000000000000000 R14=0000000000000000 R15=0000000000000000
RIP=ffffffff80000e71 RFL=00200246 [---Z-P-] CPL=0 II=0 A20=1 SMM=0 HLT=0
ES =0010 0000000000000000 ffffffff 008f9300 DPL=0 DS   [-WA]
CS =0008 0000000000000000 ffffffff 00af9a00 DPL=0 CS64 [-R-]
SS =0010 0000000000000000 ffffffff 008f9300 DPL=0 DS   [-WA]
DS =0010 0000000000000000 ffffffff 008f9300 DPL=0 DS   [-WA]
FS =0010 0000000000000000 ffffffff 008f9300 DPL=0 DS   [-WA]
GS =0010 0000000000000000 ffffffff 008f9300 DPL=0 DS   [-WA]
LDT=0000 0000000000000000 0000ffff 00008200 DPL=0 LDT
TR =0028 ffffffff8048b880 00000067 00008900 DPL=0 TSS64-avl
GDT=     ffffffff8048b900 00000037
IDT=     ffffffff8048b960 00000fff
CR0=80000011 CR2=0000000000000000 CR3=0000000000001000 CR4=00000020
DR0=0000000000000000 DR1=0000000000000000 DR2=0000000000000000 DR3=0000000000000000 
DR6=00000000ffff0ff0 DR7=0000000000000400
CCS=0000000000000044 CCD=0000000000110fb8 CCO=EFLAGS
EFER=0000000000000d00
Servicing hardware INT=0x20
   171: v=20 e=0000 i=0 cpl=0 IP=0008:ffffffff80000e71 pc=ffffffff80000e71 SP=0010:0000000000110fe0 env->regs[R_EAX]=0000000000000000
RAX=0000000000000000 RBX=000000000000001c RCX=00000000000003fd RDX=00000000000003f8
RSI=ffffffff80008780 RDI=000000000000000a RBP=00000000001001e8 RSP=0000000000110fe0
R8 =00000000000003f8 R9 =000000000027ff6e R10=0000000000040000 R11=0000000000000cf8
R12=0000000000000000 R13=0000000000000000 R14=0000000000000000 R15=0000000000000000
RIP=ffffffff80000e71 RFL=00200246 [---Z-P-] CPL=0 II=0 A20=1 SMM=0 HLT=0
ES =0010 0000000000000000 ffffffff 008f9300 DPL=0 DS   [-WA]
CS =0008 0000000000000000 ffffffff 00af9a00 DPL=0 CS64 [-R-]
SS =0010 0000000000000000 ffffffff 008f9300 DPL=0 DS   [-WA]
DS =0010 0000000000000000 ffffffff 008f9300 DPL=0 DS   [-WA]
FS =0010 0000000000000000 ffffffff 008f9300 DPL=0 DS   [-WA]
GS =0010 0000000000000000 ffffffff 008f9300 DPL=0 DS   [-WA]
LDT=0000 0000000000000000 0000ffff 00008200 DPL=0 LDT
TR =0028 ffffffff8048b880 00000067 00008900 DPL=0 TSS64-avl
GDT=     ffffffff8048b900 00000037
IDT=     ffffffff8048b960 00000fff
CR0=80000011 CR2=0000000000000000 CR3=0000000000001000 CR4=00000020
DR0=0000000000000000 DR1=0000000000000000 DR2=0000000000000000 DR3=0000000000000000 
DR6=00000000ffff0ff0 DR7=0000000000000400
CCS=0000000000000044 CCD=0000000000110fb8 CCO=EFLAGS
EFER=0000000000000d00
Servicing hardware INT=0x20
   172: v=20 e=0000 i=0 cpl=0 IP=0008:ffffffff80000e71 pc=ffffffff80000e71 SP=0010:0000000000110fe0 env->regs[R_EAX]=0000000000000000
RAX=0000000000000000 RBX=000000000000001c RCX=00000000000003fd RDX=00000000000003f8
RSI=ffffffff80008780 RDI=000000000000000a RBP=00000000001001e8 RSP=0000000000110fe0
R8 =00000000000003f8 R9 =000000000027ff6e R10=0000000000040000 R11=0000000000000cf8
R12=0000000000000000 R13=0000000000000000 R14=0000000000000000 R15=0000000000000000
RIP=ffffffff80000e71 RFL=00200246 [---Z-P-] CPL=0 II=0 A20=1 SMM=0 HLT=0
ES =0010 0000000000000000 ffffffff 008f9300 DPL=0 DS   [-WA]
CS =0008 0000000000000000 ffffffff 00af9a00 DPL=0 CS64 [-R-]
SS =0010 0000000000000000 ffffffff 008f9300 DPL=0 DS   [-WA]
DS =0010 0000000000000000 ffffffff 008f9300 DPL=0 DS   [-WA]
FS =0010 0000000000000000 ffffffff 008f9300 DPL=0 DS   [-WA]
GS =0010 0000000000000000 ffffffff 008f9300 DPL=0 DS   [-WA]
LDT=0000 0000000000000000 0000ffff 00008200 DPL=0 LDT
TR =0028 ffffffff8048b880 00000067 00008900 DPL=0 TSS64-avl
GDT=     ffffffff8048b900 00000037
IDT=     ffffffff8048b960 00000fff
CR0=80000011 CR2=0000000000000000 CR3=0000000000001000 CR4=00000020
DR0=0000000000000000 DR1=0000000000000000 DR2=0000000000000000 DR3=0000000000000000 
DR6=00000000ffff0ff0 DR7=0000000000000400
CCS=0000000000000044 CCD=0000000000110fb8 CCO=EFLAGS
EFER=0000000000000d00
Servicing hardware INT=0x20
   173: v=20 e=0000 i=0 cpl=0 IP=0008:ffffffff80000e71 pc=ffffffff80000e71 SP=0010:0000000000110fe0 env->regs[R_EAX]=0000000000000000
RAX=0000000000000000 RBX=000000000000001c RCX=00000000000003fd RDX=00000000000003f8
RSI=ffffffff80008780 RDI=000000000000000a RBP=00000000001001e8 RSP=0000000000110fe0
R8 =00000000000003f8 R9 =000000000027ff6e R10=0000000000040000 R11=0000000000000cf8
R12=0000000000000000 R13=0000000000000000 R14=0000000000000000 R15=0000000000000000
RIP=ffffffff80000e71 RFL=00200246 [---Z-P-] CPL=0 II=0 A20=1 SMM=0 HLT=0
ES =0010 0000000000000000 ffffffff 008f9300 DPL=0 DS   [-WA]
CS =0008 0000000000000000 ffffffff 00af9a00 DPL=0 CS64 [-R-]
SS =0010 0000000000000000 ffffffff 008f9300 DPL=0 DS   [-WA]
DS =0010 0000000000000000 ffffffff 008f9300 DPL=0 DS   [-WA]
FS =0010 0000000000000000 ffffffff 008f9300 DPL=0 DS   [-WA]
GS =0010 0000000000000000 ffffffff 008f9300 DPL=0 DS   [-WA]
LDT=0000 0000000000000000 0000ffff 00008200 DPL=0 LDT
TR =0028 ffffffff8048b880 00000067 00008900 DPL=0 TSS64-avl
GDT=     ffffffff8048b900 00000037
IDT=     ffffffff8048b960 00000fff
CR0=80000011 CR2=0000000000000000 CR3=0000000000001000 CR4=00000020
DR0=0000000000000000 DR1=0000000000000000 DR2=0000000000000000 DR3=0000000000000000 
DR6=00000000ffff0ff0 DR7=0000000000000400
CCS=0000000000000044 CCD=0000000000110fb8 CCO=EFLAGS
EFER=0000000000000d00
Servicing hardware INT=0x20
   174: v=20 e=0000 i=0 cpl=0 IP=0008:ffffffff80000e71 pc=ffffffff80000e71 SP=0010:0000000000110fe0 env->regs[R_EAX]=0000000000000000
RAX=0000000000000000 RBX=000000000000001c RCX=00000000000003fd RDX=00000000000003f8
RSI=ffffffff80008780 RDI=000000000000000a RBP=00000000001001e8 RSP=0000000000110fe0
R8 =00000000000003f8 R9 =000000000027ff6e R10=0000000000040000 R11=0000000000000cf8
R12=0000000000000000 R13=0000000000000000 R14=0000000000000000 R15=0000000000000000
RIP=ffffffff80000e71 RFL=00200246 [---Z-P-] CPL=0 II=0 A20=1 SMM=0 HLT=0
ES =0010 0000000000000000 ffffffff 008f9300 DPL=0 DS   [-WA]
CS =0008 0000000000000000 ffffffff 00af9a00 DPL=0 CS64 [-R-]
SS =0010 0000000000000000 ffffffff 008f9300 DPL=0 DS   [-WA]
DS =0010 0000000000000000 ffffffff 008f9300 DPL=0 DS   [-WA]
FS =0010 0000000000000000 ffffffff 008f9300 DPL=0 DS   [-WA]
GS =0010 0000000000000000 ffffffff 008f9300 DPL=0 DS   [-WA]
LDT=0000 0000000000000000 0000ffff 00008200 DPL=0 LDT
TR =0028 ffffffff8048b880 00000067 00008900 DPL=0 TSS64-avl
GDT=     ffffffff8048b900 00000037
IDT=     ffffffff8048b960 00000fff
CR0=80000011 CR2=0000000000000000 CR3=0000000000001000 CR4=00000020
DR0=0000000000000000 DR1=0000000000000000 DR2=0000000000000000 DR3=0000000000000000 
DR6=00000000ffff0ff0 DR7=0000000000000400
CCS=0000000000000044 CCD=0000000000110fb8 CCO=EFLAGS
EFER=0000000000000d00
Servicing hardware INT=0x20
   175: v=20 e=0000 i=0 cpl=0 IP=0008:ffffffff80000e71 pc=ffffffff80000e71 SP=0010:0000000000110fe0 env->regs[R_EAX]=0000000000000000
RAX=0000000000000000 RBX=000000000000001c RCX=00000000000003fd RDX=00000000000003f8
RSI=ffffffff80008780 RDI=000000000000000a RBP=00000000001001e8 RSP=0000000000110fe0
R8 =00000000000003f8 R9 =000000000027ff6e R10=0000000000040000 R11=0000000000000cf8
R12=0000000000000000 R13=0000000000000000 R14=0000000000000000 R15=0000000000000000
RIP=ffffffff80000e71 RFL=00200246 [---Z-P-] CPL=0 II=0 A20=1 SMM=0 HLT=0
ES =0010 0000000000000000 ffffffff 008f9300 DPL=0 DS   [-WA]
CS =0008 0000000000000000 ffffffff 00af9a00 DPL=0 CS64 [-R-]
SS =0010 0000000000000000 ffffffff 008f9300 DPL=0 DS   [-WA]
DS =0010 0000000000000000 ffffffff 008f9300 DPL=0 DS   [-WA]
FS =0010 0000000000000000 ffffffff 008f9300 DPL=0 DS   [-WA]
GS =0010 0000000000000000 ffffffff 008f9300 DPL=0 DS   [-WA]
LDT=0000 0000000000000000 0000ffff 00008200 DPL=0 LDT
TR =0028 ffffffff8048b880 00000067 00008900 DPL=0 TSS64-avl
GDT=     ffffffff8048b900 00000037
IDT=     ffffffff8048b960 00000fff
CR0=80000011 CR2=0000000000000000 CR3=0000000000001000 CR4=00000020
DR0=0000000000000000 DR1=0000000000000000 DR2=0000000000000000 DR3=0000000000000000 
DR6=00000000ffff0ff0 DR7=0000000000000400
CCS=0000000000000044 CCD=0000000000110fb8 CCO=EFLAGS
EFER=0000000000000d00
Servicing hardware INT=0x20
   176: v=20 e=0000 i=0 cpl=0 IP=0008:ffffffff80000e71 pc=ffffffff80000e71 SP=0010:0000000000110fe0 env->regs[R_EAX]=0000000000000000
RAX=0000000000000000 RBX=000000000000001c RCX=00000000000003fd RDX=00000000000003f8
RSI=ffffffff80008780 RDI=000000000000000a RBP=00000000001001e8 RSP=0000000000110fe0
R8 =00000000000003f8 R9 =000000000027ff6e R10=0000000000040000 R11=0000000000000cf8
R12=0000000000000000 R13=0000000000000000 R14=0000000000000000 R15=0000000000000000
RIP=ffffffff80000e71 RFL=00200246 [---Z-P-] CPL=0 II=0 A20=1 SMM=0 HLT=0
ES =0010 0000000000000000 ffffffff 008f9300 DPL=0 DS   [-WA]
CS =0008 0000000000000000 ffffffff 00af9a00 DPL=0 CS64 [-R-]
SS =0010 0000000000000000 ffffffff 008f9300 DPL=0 DS   [-WA]
DS =0010 0000000000000000 ffffffff 008f9300 DPL=0 DS   [-WA]
FS =0010 0000000000000000 ffffffff 008f9300 DPL=0 DS   [-WA]
GS =0010 0000000000000000 ffffffff 008f9300 DPL=0 DS   [-WA]
LDT=0000 0000000000000000 0000ffff 00008200 DPL=0 LDT
TR =0028 ffffffff8048b880 00000067 00008900 DPL=0 TSS64-avl
GDT=     ffffffff8048b900 00000037
IDT=     ffffffff8048b960 00000fff
CR0=80000011 CR2=0000000000000000 CR3=0000000000001000 CR4=00000020
DR0=0000000000000000 DR1=0000000000000000 DR2=0000000000000000 DR3=0000000000000000 
DR6=00000000ffff0ff0 DR7=0000000000000400
CCS=0000000000000044 CCD=0000000000110fb8 CCO=EFLAGS
EFER=0000000000000d00
Servicing hardware INT=0x20
   177: v=20 e=0000 i=0 cpl=0 IP=0008:ffffffff80000e71 pc=ffffffff80000e71 SP=0010:0000000000110fe0 env->regs[R_EAX]=0000000000000000
RAX=0000000000000000 RBX=000000000000001c RCX=00000000000003fd RDX=00000000000003f8
RSI=ffffffff80008780 RDI=000000000000000a RBP=00000000001001e8 RSP=0000000000110fe0
R8 =00000000000003f8 R9 =000000000027ff6e R10=0000000000040000 R11=0000000000000cf8
R12=0000000000000000 R13=0000000000000000 R14=0000000000000000 R15=0000000000000000
RIP=ffffffff80000e71 RFL=00200246 [---Z-P-] CPL=0 II=0 A20=1 SMM=0 HLT=0
ES =0010 0000000000000000 ffffffff 008f9300 DPL=0 DS   [-WA]
CS =0008 0000000000000000 ffffffff 00af9a00 DPL=0 CS64 [-R-]
SS =0010 0000000000000000 ffffffff 008f9300 DPL=0 DS   [-WA]
DS =0010 0000000000000000 ffffffff 008f9300 DPL=0 DS   [-WA]
FS =0010 0000000000000000 ffffffff 008f9300 DPL=0 DS   [-WA]
GS =0010 0000000000000000 ffffffff 008f9300 DPL=0 DS   [-WA]
LDT=0000 0000000000000000 0000ffff 00008200 DPL=0 LDT
TR =0028 ffffffff8048b880 00000067 00008900 DPL=0 TSS64-avl
GDT=     ffffffff8048b900 00000037
IDT=     ffffffff8048b960 00000fff
CR0=80000011 CR2=0000000000000000 CR3=0000000000001000 CR4=00000020
DR0=0000000000000000 DR1=0000000000000000 DR2=0000000000000000 DR3=0000000000000000 
DR6=00000000ffff0ff0 DR7=0000000000000400
CCS=0000000000000044 CCD=0000000000110fb8 CCO=EFLAGS
EFER=0000000000000d00
Servicing hardware INT=0x20
   178: v=20 e=0000 i=0 cpl=0 IP=0008:ffffffff80000e71 pc=ffffffff80000e71 SP=0010:0000000000110fe0 env->regs[R_EAX]=0000000000000000
RAX=0000000000000000 RBX=000000000000001c RCX=00000000000003fd RDX=00000000000003f8
RSI=ffffffff80008780 RDI=000000000000000a RBP=00000000001001e8 RSP=0000000000110fe0
R8 =00000000000003f8 R9 =000000000027ff6e R10=0000000000040000 R11=0000000000000cf8
R12=0000000000000000 R13=0000000000000000 R14=0000000000000000 R15=0000000000000000
RIP=ffffffff80000e71 RFL=00200246 [---Z-P-] CPL=0 II=0 A20=1 SMM=0 HLT=0
ES =0010 0000000000000000 ffffffff 008f9300 DPL=0 DS   [-WA]
CS =0008 0000000000000000 ffffffff 00af9a00 DPL=0 CS64 [-R-]
SS =0010 0000000000000000 ffffffff 008f9300 DPL=0 DS   [-WA]
DS =0010 0000000000000000 ffffffff 008f9300 DPL=0 DS   [-WA]
FS =0010 0000000000000000 ffffffff 008f9300 DPL=0 DS   [-WA]
GS =0010 0000000000000000 ffffffff 008f9300 DPL=0 DS   [-WA]
LDT=0000 0000000000000000 0000ffff 00008200 DPL=0 LDT
TR =0028 ffffffff8048b880 00000067 00008900 DPL=0 TSS64-avl
GDT=     ffffffff8048b900 00000037
IDT=     ffffffff8048b960 00000fff
CR0=80000011 CR2=0000000000000000 CR3=0000000000001000 CR4=00000020
DR0=0000000000000000 DR1=0000000000000000 DR2=0000000000000000 DR3=0000000000000000 
DR6=00000000ffff0ff0 DR7=0000000000000400
CCS=0000000000000044 CCD=0000000000110fb8 CCO=EFLAGS
EFER=0000000000000d00
Servicing hardware INT=0x20
   179: v=20 e=0000 i=0 cpl=0 IP=0008:ffffffff80000e71 pc=ffffffff80000e71 SP=0010:0000000000110fe0 env->regs[R_EAX]=0000000000000000
RAX=0000000000000000 RBX=000000000000001c RCX=00000000000003fd RDX=00000000000003f8
RSI=ffffffff80008780 RDI=000000000000000a RBP=00000000001001e8 RSP=0000000000110fe0
R8 =00000000000003f8 R9 =000000000027ff6e R10=0000000000040000 R11=0000000000000cf8
R12=0000000000000000 R13=0000000000000000 R14=0000000000000000 R15=0000000000000000
RIP=ffffffff80000e71 RFL=00200246 [---Z-P-] CPL=0 II=0 A20=1 SMM=0 HLT=0
ES =0010 0000000000000000 ffffffff 008f9300 DPL=0 DS   [-WA]
CS =0008 0000000000000000 ffffffff 00af9a00 DPL=0 CS64 [-R-]
SS =0010 0000000000000000 ffffffff 008f9300 DPL=0 DS   [-WA]
DS =0010 0000000000000000 ffffffff 008f9300 DPL=0 DS   [-WA]
FS =0010 0000000000000000 ffffffff 008f9300 DPL=0 DS   [-WA]
GS =0010 0000000000000000 ffffffff 008f9300 DPL=0 DS   [-WA]
LDT=0000 0000000000000000 0000ffff 00008200 DPL=0 LDT
TR =0028 ffffffff8048b880 00000067 00008900 DPL=0 TSS64-avl
GDT=     ffffffff8048b900 00000037
IDT=     ffffffff8048b960 00000fff
CR0=80000011 CR2=0000000000000000 CR3=0000000000001000 CR4=00000020
DR0=0000000000000000 DR1=0000000000000000 DR2=0000000000000000 DR3=0000000000000000 
DR6=00000000ffff0ff0 DR7=0000000000000400
CCS=0000000000000044 CCD=0000000000110fb8 CCO=EFLAGS
EFER=0000000000000d00
Servicing hardware INT=0x20
   180: v=20 e=0000 i=0 cpl=0 IP=0008:ffffffff80000e71 pc=ffffffff80000e71 SP=0010:0000000000110fe0 env->regs[R_EAX]=0000000000000000
RAX=0000000000000000 RBX=000000000000001c RCX=00000000000003fd RDX=00000000000003f8
RSI=ffffffff80008780 RDI=000000000000000a RBP=00000000001001e8 RSP=0000000000110fe0
R8 =00000000000003f8 R9 =000000000027ff6e R10=0000000000040000 R11=0000000000000cf8
R12=0000000000000000 R13=0000000000000000 R14=0000000000000000 R15=0000000000000000
RIP=ffffffff80000e71 RFL=00200246 [---Z-P-] CPL=0 II=0 A20=1 SMM=0 HLT=0
ES =0010 0000000000000000 ffffffff 008f9300 DPL=0 DS   [-WA]
CS =0008 0000000000000000 ffffffff 00af9a00 DPL=0 CS64 [-R-]
SS =0010 0000000000000000 ffffffff 008f9300 DPL=0 DS   [-WA]
DS =0010 0000000000000000 ffffffff 008f9300 DPL=0 DS   [-WA]
FS =0010 0000000000000000 ffffffff 008f9300 DPL=0 DS   [-WA]
GS =0010 0000000000000000 ffffffff 008f9300 DPL=0 DS   [-WA]
LDT=0000 0000000000000000 0000ffff 00008200 DPL=0 LDT
TR =0028 ffffffff8048b880 00000067 00008900 DPL=0 TSS64-avl
GDT=     ffffffff8048b900 00000037
IDT=     ffffffff8048b960 00000fff
CR0=80000011 CR2=0000000000000000 CR3=0000000000001000 CR4=00000020
DR0=0000000000000000 DR1=0000000000000000 DR2=0000000000000000 DR3=0000000000000000 
DR6=00000000ffff0ff0 DR7=0000000000000400
CCS=0000000000000044 CCD=0000000000110fb8 CCO=EFLAGS
EFER=0000000000000d00
Servicing hardware INT=0x20
   181: v=20 e=0000 i=0 cpl=0 IP=0008:ffffffff80000e71 pc=ffffffff80000e71 SP=0010:0000000000110fe0 env->regs[R_EAX]=0000000000000000
RAX=0000000000000000 RBX=000000000000001c RCX=00000000000003fd RDX=00000000000003f8
RSI=ffffffff80008780 RDI=000000000000000a RBP=00000000001001e8 RSP=0000000000110fe0
R8 =00000000000003f8 R9 =000000000027ff6e R10=0000000000040000 R11=0000000000000cf8
R12=0000000000000000 R13=0000000000000000 R14=0000000000000000 R15=0000000000000000
RIP=ffffffff80000e71 RFL=00200246 [---Z-P-] CPL=0 II=0 A20=1 SMM=0 HLT=0
ES =0010 0000000000000000 ffffffff 008f9300 DPL=0 DS   [-WA]
CS =0008 0000000000000000 ffffffff 00af9a00 DPL=0 CS64 [-R-]
SS =0010 0000000000000000 ffffffff 008f9300 DPL=0 DS   [-WA]
DS =0010 0000000000000000 ffffffff 008f9300 DPL=0 DS   [-WA]
FS =0010 0000000000000000 ffffffff 008f9300 DPL=0 DS   [-WA]
GS =0010 0000000000000000 ffffffff 008f9300 DPL=0 DS   [-WA]
LDT=0000 0000000000000000 0000ffff 00008200 DPL=0 LDT
TR =0028 ffffffff8048b880 00000067 00008900 DPL=0 TSS64-avl
GDT=     ffffffff8048b900 00000037
IDT=     ffffffff8048b960 00000fff
CR0=80000011 CR2=0000000000000000 CR3=0000000000001000 CR4=00000020
DR0=0000000000000000 DR1=0000000000000000 DR2=0000000000000000 DR3=0000000000000000 
DR6=00000000ffff0ff0 DR7=0000000000000400
CCS=0000000000000044 CCD=0000000000110fb8 CCO=EFLAGS
EFER=0000000000000d00
Servicing hardware INT=0x20
   182: v=20 e=0000 i=0 cpl=0 IP=0008:ffffffff80000e71 pc=ffffffff80000e71 SP=0010:0000000000110fe0 env->regs[R_EAX]=0000000000000000
RAX=0000000000000000 RBX=000000000000001c RCX=00000000000003fd RDX=00000000000003f8
RSI=ffffffff80008780 RDI=000000000000000a RBP=00000000001001e8 RSP=0000000000110fe0
R8 =00000000000003f8 R9 =000000000027ff6e R10=0000000000040000 R11=0000000000000cf8
R12=0000000000000000 R13=0000000000000000 R14=0000000000000000 R15=0000000000000000
RIP=ffffffff80000e71 RFL=00200246 [---Z-P-] CPL=0 II=0 A20=1 SMM=0 HLT=0
ES =0010 0000000000000000 ffffffff 008f9300 DPL=0 DS   [-WA]
CS =0008 0000000000000000 ffffffff 00af9a00 DPL=0 CS64 [-R-]
SS =0010 0000000000000000 ffffffff 008f9300 DPL=0 DS   [-WA]
DS =0010 0000000000000000 ffffffff 008f9300 DPL=0 DS   [-WA]
FS =0010 0000000000000000 ffffffff 008f9300 DPL=0 DS   [-WA]
GS =0010 0000000000000000 ffffffff 008f9300 DPL=0 DS   [-WA]
LDT=0000 0000000000000000 0000ffff 00008200 DPL=0 LDT
TR =0028 ffffffff8048b880 00000067 00008900 DPL=0 TSS64-avl
GDT=     ffffffff8048b900 00000037
IDT=     ffffffff8048b960 00000fff
CR0=80000011 CR2=0000000000000000 CR3=0000000000001000 CR4=00000020
DR0=0000000000000000 DR1=0000000000000000 DR2=0000000000000000 DR3=0000000000000000 
DR6=00000000ffff0ff0 DR7=0000000000000400
CCS=0000000000000044 CCD=0000000000110fb8 CCO=EFLAGS
EFER=0000000000000d00
Servicing hardware INT=0x20
   183: v=20 e=0000 i=0 cpl=0 IP=0008:ffffffff80000e71 pc=ffffffff80000e71 SP=0010:0000000000110fe0 env->regs[R_EAX]=0000000000000000
RAX=0000000000000000 RBX=000000000000001c RCX=00000000000003fd RDX=00000000000003f8
RSI=ffffffff80008780 RDI=000000000000000a RBP=00000000001001e8 RSP=0000000000110fe0
R8 =00000000000003f8 R9 =000000000027ff6e R10=0000000000040000 R11=0000000000000cf8
R12=0000000000000000 R13=0000000000000000 R14=0000000000000000 R15=0000000000000000
RIP=ffffffff80000e71 RFL=00200246 [---Z-P-] CPL=0 II=0 A20=1 SMM=0 HLT=0
ES =0010 0000000000000000 ffffffff 008f9300 DPL=0 DS   [-WA]
CS =0008 0000000000000000 ffffffff 00af9a00 DPL=0 CS64 [-R-]
SS =0010 0000000000000000 ffffffff 008f9300 DPL=0 DS   [-WA]
DS =0010 0000000000000000 ffffffff 008f9300 DPL=0 DS   [-WA]
FS =0010 0000000000000000 ffffffff 008f9300 DPL=0 DS   [-WA]
GS =0010 0000000000000000 ffffffff 008f9300 DPL=0 DS   [-WA]
LDT=0000 0000000000000000 0000ffff 00008200 DPL=0 LDT
TR =0028 ffffffff8048b880 00000067 00008900 DPL=0 TSS64-avl
GDT=     ffffffff8048b900 00000037
IDT=     ffffffff8048b960 00000fff
CR0=80000011 CR2=0000000000000000 CR3=0000000000001000 CR4=00000020
DR0=0000000000000000 DR1=0000000000000000 DR2=0000000000000000 DR3=0000000000000000 
DR6=00000000ffff0ff0 DR7=0000000000000400
CCS=0000000000000044 CCD=0000000000110fb8 CCO=EFLAGS
EFER=0000000000000d00
Servicing hardware INT=0x20
   184: v=20 e=0000 i=0 cpl=0 IP=0008:ffffffff80000e71 pc=ffffffff80000e71 SP=0010:0000000000110fe0 env->regs[R_EAX]=0000000000000000
RAX=0000000000000000 RBX=000000000000001c RCX=00000000000003fd RDX=00000000000003f8
RSI=ffffffff80008780 RDI=000000000000000a RBP=00000000001001e8 RSP=0000000000110fe0
R8 =00000000000003f8 R9 =000000000027ff6e R10=0000000000040000 R11=0000000000000cf8
R12=0000000000000000 R13=0000000000000000 R14=0000000000000000 R15=0000000000000000
RIP=ffffffff80000e71 RFL=00200246 [---Z-P-] CPL=0 II=0 A20=1 SMM=0 HLT=0
ES =0010 0000000000000000 ffffffff 008f9300 DPL=0 DS   [-WA]
CS =0008 0000000000000000 ffffffff 00af9a00 DPL=0 CS64 [-R-]
SS =0010 0000000000000000 ffffffff 008f9300 DPL=0 DS   [-WA]
DS =0010 0000000000000000 ffffffff 008f9300 DPL=0 DS   [-WA]
FS =0010 0000000000000000 ffffffff 008f9300 DPL=0 DS   [-WA]
GS =0010 0000000000000000 ffffffff 008f9300 DPL=0 DS   [-WA]
LDT=0000 0000000000000000 0000ffff 00008200 DPL=0 LDT
TR =0028 ffffffff8048b880 00000067 00008900 DPL=0 TSS64-avl
GDT=     ffffffff8048b900 00000037
IDT=     ffffffff8048b960 00000fff
CR0=80000011 CR2=0000000000000000 CR3=0000000000001000 CR4=00000020
DR0=0000000000000000 DR1=0000000000000000 DR2=0000000000000000 DR3=0000000000000000 
DR6=00000000ffff0ff0 DR7=0000000000000400
CCS=0000000000000044 CCD=0000000000110fb8 CCO=EFLAGS
EFER=0000000000000d00
Servicing hardware INT=0x20
   185: v=20 e=0000 i=0 cpl=0 IP=0008:ffffffff80000e71 pc=ffffffff80000e71 SP=0010:0000000000110fe0 env->regs[R_EAX]=0000000000000000
RAX=0000000000000000 RBX=000000000000001c RCX=00000000000003fd RDX=00000000000003f8
RSI=ffffffff80008780 RDI=000000000000000a RBP=00000000001001e8 RSP=0000000000110fe0
R8 =00000000000003f8 R9 =000000000027ff6e R10=0000000000040000 R11=0000000000000cf8
R12=0000000000000000 R13=0000000000000000 R14=0000000000000000 R15=0000000000000000
RIP=ffffffff80000e71 RFL=00200246 [---Z-P-] CPL=0 II=0 A20=1 SMM=0 HLT=0
ES =0010 0000000000000000 ffffffff 008f9300 DPL=0 DS   [-WA]
CS =0008 0000000000000000 ffffffff 00af9a00 DPL=0 CS64 [-R-]
SS =0010 0000000000000000 ffffffff 008f9300 DPL=0 DS   [-WA]
DS =0010 0000000000000000 ffffffff 008f9300 DPL=0 DS   [-WA]
FS =0010 0000000000000000 ffffffff 008f9300 DPL=0 DS   [-WA]
GS =0010 0000000000000000 ffffffff 008f9300 DPL=0 DS   [-WA]
LDT=0000 0000000000000000 0000ffff 00008200 DPL=0 LDT
TR =0028 ffffffff8048b880 00000067 00008900 DPL=0 TSS64-avl
GDT=     ffffffff8048b900 00000037
IDT=     ffffffff8048b960 00000fff
CR0=80000011 CR2=0000000000000000 CR3=0000000000001000 CR4=00000020
DR0=0000000000000000 DR1=0000000000000000 DR2=0000000000000000 DR3=0000000000000000 
DR6=00000000ffff0ff0 DR7=0000000000000400
CCS=0000000000000044 CCD=0000000000110fb8 CCO=EFLAGS
EFER=0000000000000d00
Servicing hardware INT=0x20
   186: v=20 e=0000 i=0 cpl=0 IP=0008:ffffffff80000e71 pc=ffffffff80000e71 SP=0010:0000000000110fe0 env->regs[R_EAX]=0000000000000000
RAX=0000000000000000 RBX=000000000000001c RCX=00000000000003fd RDX=00000000000003f8
RSI=ffffffff80008780 RDI=000000000000000a RBP=00000000001001e8 RSP=0000000000110fe0
R8 =00000000000003f8 R9 =000000000027ff6e R10=0000000000040000 R11=0000000000000cf8
R12=0000000000000000 R13=0000000000000000 R14=0000000000000000 R15=0000000000000000
RIP=ffffffff80000e71 RFL=00200246 [---Z-P-] CPL=0 II=0 A20=1 SMM=0 HLT=0
ES =0010 0000000000000000 ffffffff 008f9300 DPL=0 DS   [-WA]
CS =0008 0000000000000000 ffffffff 00af9a00 DPL=0 CS64 [-R-]
SS =0010 0000000000000000 ffffffff 008f9300 DPL=0 DS   [-WA]
DS =0010 0000000000000000 ffffffff 008f9300 DPL=0 DS   [-WA]
FS =0010 0000000000000000 ffffffff 008f9300 DPL=0 DS   [-WA]
GS =0010 0000000000000000 ffffffff 008f9300 DPL=0 DS   [-WA]
LDT=0000 0000000000000000 0000ffff 00008200 DPL=0 LDT
TR =0028 ffffffff8048b880 00000067 00008900 DPL=0 TSS64-avl
GDT=     ffffffff8048b900 00000037
IDT=     ffffffff8048b960 00000fff
CR0=80000011 CR2=0000000000000000 CR3=0000000000001000 CR4=00000020
DR0=0000000000000000 DR1=0000000000000000 DR2=0000000000000000 DR3=0000000000000000 
DR6=00000000ffff0ff0 DR7=0000000000000400
CCS=0000000000000044 CCD=0000000000110fb8 CCO=EFLAGS
EFER=0000000000000d00
Servicing hardware INT=0x20
   187: v=20 e=0000 i=0 cpl=0 IP=0008:ffffffff80000e71 pc=ffffffff80000e71 SP=0010:0000000000110fe0 env->regs[R_EAX]=0000000000000000
RAX=0000000000000000 RBX=000000000000001c RCX=00000000000003fd RDX=00000000000003f8
RSI=ffffffff80008780 RDI=000000000000000a RBP=00000000001001e8 RSP=0000000000110fe0
R8 =00000000000003f8 R9 =000000000027ff6e R10=0000000000040000 R11=0000000000000cf8
R12=0000000000000000 R13=0000000000000000 R14=0000000000000000 R15=0000000000000000
RIP=ffffffff80000e71 RFL=00200246 [---Z-P-] CPL=0 II=0 A20=1 SMM=0 HLT=0
ES =0010 0000000000000000 ffffffff 008f9300 DPL=0 DS   [-WA]
CS =0008 0000000000000000 ffffffff 00af9a00 DPL=0 CS64 [-R-]
SS =0010 0000000000000000 ffffffff 008f9300 DPL=0 DS   [-WA]
DS =0010 0000000000000000 ffffffff 008f9300 DPL=0 DS   [-WA]
FS =0010 0000000000000000 ffffffff 008f9300 DPL=0 DS   [-WA]
GS =0010 0000000000000000 ffffffff 008f9300 DPL=0 DS   [-WA]
LDT=0000 0000000000000000 0000ffff 00008200 DPL=0 LDT
TR =0028 ffffffff8048b880 00000067 00008900 DPL=0 TSS64-avl
GDT=     ffffffff8048b900 00000037
IDT=     ffffffff8048b960 00000fff
CR0=80000011 CR2=0000000000000000 CR3=0000000000001000 CR4=00000020
DR0=0000000000000000 DR1=0000000000000000 DR2=0000000000000000 DR3=0000000000000000 
DR6=00000000ffff0ff0 DR7=0000000000000400
CCS=0000000000000044 CCD=0000000000110fb8 CCO=EFLAGS
EFER=0000000000000d00
Servicing hardware INT=0x20
   188: v=20 e=0000 i=0 cpl=0 IP=0008:ffffffff80000e71 pc=ffffffff80000e71 SP=0010:0000000000110fe0 env->regs[R_EAX]=0000000000000000
RAX=0000000000000000 RBX=000000000000001c RCX=00000000000003fd RDX=00000000000003f8
RSI=ffffffff80008780 RDI=000000000000000a RBP=00000000001001e8 RSP=0000000000110fe0
R8 =00000000000003f8 R9 =000000000027ff6e R10=0000000000040000 R11=0000000000000cf8
R12=0000000000000000 R13=0000000000000000 R14=0000000000000000 R15=0000000000000000
RIP=ffffffff80000e71 RFL=00200246 [---Z-P-] CPL=0 II=0 A20=1 SMM=0 HLT=0
ES =0010 0000000000000000 ffffffff 008f9300 DPL=0 DS   [-WA]
CS =0008 0000000000000000 ffffffff 00af9a00 DPL=0 CS64 [-R-]
SS =0010 0000000000000000 ffffffff 008f9300 DPL=0 DS   [-WA]
DS =0010 0000000000000000 ffffffff 008f9300 DPL=0 DS   [-WA]
FS =0010 0000000000000000 ffffffff 008f9300 DPL=0 DS   [-WA]
GS =0010 0000000000000000 ffffffff 008f9300 DPL=0 DS   [-WA]
LDT=0000 0000000000000000 0000ffff 00008200 DPL=0 LDT
TR =0028 ffffffff8048b880 00000067 00008900 DPL=0 TSS64-avl
GDT=     ffffffff8048b900 00000037
IDT=     ffffffff8048b960 00000fff
CR0=80000011 CR2=0000000000000000 CR3=0000000000001000 CR4=00000020
DR0=0000000000000000 DR1=0000000000000000 DR2=0000000000000000 DR3=0000000000000000 
DR6=00000000ffff0ff0 DR7=0000000000000400
CCS=0000000000000044 CCD=0000000000110fb8 CCO=EFLAGS
EFER=0000000000000d00
Servicing hardware INT=0x20
   189: v=20 e=0000 i=0 cpl=0 IP=0008:ffffffff80000e71 pc=ffffffff80000e71 SP=0010:0000000000110fe0 env->regs[R_EAX]=0000000000000000
RAX=0000000000000000 RBX=000000000000001c RCX=00000000000003fd RDX=00000000000003f8
RSI=ffffffff80008780 RDI=000000000000000a RBP=00000000001001e8 RSP=0000000000110fe0
R8 =00000000000003f8 R9 =000000000027ff6e R10=0000000000040000 R11=0000000000000cf8
R12=0000000000000000 R13=0000000000000000 R14=0000000000000000 R15=0000000000000000
RIP=ffffffff80000e71 RFL=00200246 [---Z-P-] CPL=0 II=0 A20=1 SMM=0 HLT=0
ES =0010 0000000000000000 ffffffff 008f9300 DPL=0 DS   [-WA]
CS =0008 0000000000000000 ffffffff 00af9a00 DPL=0 CS64 [-R-]
SS =0010 0000000000000000 ffffffff 008f9300 DPL=0 DS   [-WA]
DS =0010 0000000000000000 ffffffff 008f9300 DPL=0 DS   [-WA]
FS =0010 0000000000000000 ffffffff 008f9300 DPL=0 DS   [-WA]
GS =0010 0000000000000000 ffffffff 008f9300 DPL=0 DS   [-WA]
LDT=0000 0000000000000000 0000ffff 00008200 DPL=0 LDT
TR =0028 ffffffff8048b880 00000067 00008900 DPL=0 TSS64-avl
GDT=     ffffffff8048b900 00000037
IDT=     ffffffff8048b960 00000fff
CR0=80000011 CR2=0000000000000000 CR3=0000000000001000 CR4=00000020
DR0=0000000000000000 DR1=0000000000000000 DR2=0000000000000000 DR3=0000000000000000 
DR6=00000000ffff0ff0 DR7=0000000000000400
CCS=0000000000000044 CCD=0000000000110fb8 CCO=EFLAGS
EFER=0000000000000d00
Servicing hardware INT=0x20
   190: v=20 e=0000 i=0 cpl=0 IP=0008:ffffffff80000e71 pc=ffffffff80000e71 SP=0010:0000000000110fe0 env->regs[R_EAX]=0000000000000000
RAX=0000000000000000 RBX=000000000000001c RCX=00000000000003fd RDX=00000000000003f8
RSI=ffffffff80008780 RDI=000000000000000a RBP=00000000001001e8 RSP=0000000000110fe0
R8 =00000000000003f8 R9 =000000000027ff6e R10=0000000000040000 R11=0000000000000cf8
R12=0000000000000000 R13=0000000000000000 R14=0000000000000000 R15=0000000000000000
RIP=ffffffff80000e71 RFL=00200246 [---Z-P-] CPL=0 II=0 A20=1 SMM=0 HLT=0
ES =0010 0000000000000000 ffffffff 008f9300 DPL=0 DS   [-WA]
CS =0008 0000000000000000 ffffffff 00af9a00 DPL=0 CS64 [-R-]
SS =0010 0000000000000000 ffffffff 008f9300 DPL=0 DS   [-WA]
DS =0010 0000000000000000 ffffffff 008f9300 DPL=0 DS   [-WA]
FS =0010 0000000000000000 ffffffff 008f9300 DPL=0 DS   [-WA]
GS =0010 0000000000000000 ffffffff 008f9300 DPL=0 DS   [-WA]
LDT=0000 0000000000000000 0000ffff 00008200 DPL=0 LDT
TR =0028 ffffffff8048b880 00000067 00008900 DPL=0 TSS64-avl
GDT=     ffffffff8048b900 00000037
IDT=     ffffffff8048b960 00000fff
CR0=80000011 CR2=0000000000000000 CR3=0000000000001000 CR4=00000020
DR0=0000000000000000 DR1=0000000000000000 DR2=0000000000000000 DR3=0000000000000000 
DR6=00000000ffff0ff0 DR7=0000000000000400
CCS=0000000000000044 CCD=0000000000110fb8 CCO=EFLAGS
EFER=0000000000000d00
Servicing hardware INT=0x20
   191: v=20 e=0000 i=0 cpl=0 IP=0008:ffffffff80000e71 pc=ffffffff80000e71 SP=0010:0000000000110fe0 env->regs[R_EAX]=0000000000000000
RAX=0000000000000000 RBX=000000000000001c RCX=00000000000003fd RDX=00000000000003f8
RSI=ffffffff80008780 RDI=000000000000000a RBP=00000000001001e8 RSP=0000000000110fe0
R8 =00000000000003f8 R9 =000000000027ff6e R10=0000000000040000 R11=0000000000000cf8
R12=0000000000000000 R13=0000000000000000 R14=0000000000000000 R15=0000000000000000
RIP=ffffffff80000e71 RFL=00200246 [---Z-P-] CPL=0 II=0 A20=1 SMM=0 HLT=0
ES =0010 0000000000000000 ffffffff 008f9300 DPL=0 DS   [-WA]
CS =0008 0000000000000000 ffffffff 00af9a00 DPL=0 CS64 [-R-]
SS =0010 0000000000000000 ffffffff 008f9300 DPL=0 DS   [-WA]
DS =0010 0000000000000000 ffffffff 008f9300 DPL=0 DS   [-WA]
FS =0010 0000000000000000 ffffffff 008f9300 DPL=0 DS   [-WA]
GS =0010 0000000000000000 ffffffff 008f9300 DPL=0 DS   [-WA]
LDT=0000 0000000000000000 0000ffff 00008200 DPL=0 LDT
TR =0028 ffffffff8048b880 00000067 00008900 DPL=0 TSS64-avl
GDT=     ffffffff8048b900 00000037
IDT=     ffffffff8048b960 00000fff
CR0=80000011 CR2=0000000000000000 CR3=0000000000001000 CR4=00000020
DR0=0000000000000000 DR1=0000000000000000 DR2=0000000000000000 DR3=0000000000000000 
DR6=00000000ffff0ff0 DR7=0000000000000400
CCS=0000000000000044 CCD=0000000000110fb8 CCO=EFLAGS
EFER=0000000000000d00
Servicing hardware INT=0x20
   192: v=20 e=0000 i=0 cpl=0 IP=0008:ffffffff80000e71 pc=ffffffff80000e71 SP=0010:0000000000110fe0 env->regs[R_EAX]=0000000000000000
RAX=0000000000000000 RBX=000000000000001c RCX=00000000000003fd RDX=00000000000003f8
RSI=ffffffff80008780 RDI=000000000000000a RBP=00000000001001e8 RSP=0000000000110fe0
R8 =00000000000003f8 R9 =000000000027ff6e R10=0000000000040000 R11=0000000000000cf8
R12=0000000000000000 R13=0000000000000000 R14=0000000000000000 R15=0000000000000000
RIP=ffffffff80000e71 RFL=00200246 [---Z-P-] CPL=0 II=0 A20=1 SMM=0 HLT=0
ES =0010 0000000000000000 ffffffff 008f9300 DPL=0 DS   [-WA]
CS =0008 0000000000000000 ffffffff 00af9a00 DPL=0 CS64 [-R-]
SS =0010 0000000000000000 ffffffff 008f9300 DPL=0 DS   [-WA]
DS =0010 0000000000000000 ffffffff 008f9300 DPL=0 DS   [-WA]
FS =0010 0000000000000000 ffffffff 008f9300 DPL=0 DS   [-WA]
GS =0010 0000000000000000 ffffffff 008f9300 DPL=0 DS   [-WA]
LDT=0000 0000000000000000 0000ffff 00008200 DPL=0 LDT
TR =0028 ffffffff8048b880 00000067 00008900 DPL=0 TSS64-avl
GDT=     ffffffff8048b900 00000037
IDT=     ffffffff8048b960 00000fff
CR0=80000011 CR2=0000000000000000 CR3=0000000000001000 CR4=00000020
DR0=0000000000000000 DR1=0000000000000000 DR2=0000000000000000 DR3=0000000000000000 
DR6=00000000ffff0ff0 DR7=0000000000000400
CCS=0000000000000044 CCD=0000000000110fb8 CCO=EFLAGS
EFER=0000000000000d00
Servicing hardware INT=0x20
   193: v=20 e=0000 i=0 cpl=0 IP=0008:ffffffff80000e71 pc=ffffffff80000e71 SP=0010:0000000000110fe0 env->regs[R_EAX]=0000000000000000
RAX=0000000000000000 RBX=000000000000001c RCX=00000000000003fd RDX=00000000000003f8
RSI=ffffffff80008780 RDI=000000000000000a RBP=00000000001001e8 RSP=0000000000110fe0
R8 =00000000000003f8 R9 =000000000027ff6e R10=0000000000040000 R11=0000000000000cf8
R12=0000000000000000 R13=0000000000000000 R14=0000000000000000 R15=0000000000000000
RIP=ffffffff80000e71 RFL=00200246 [---Z-P-] CPL=0 II=0 A20=1 SMM=0 HLT=0
ES =0010 0000000000000000 ffffffff 008f9300 DPL=0 DS   [-WA]
CS =0008 0000000000000000 ffffffff 00af9a00 DPL=0 CS64 [-R-]
SS =0010 0000000000000000 ffffffff 008f9300 DPL=0 DS   [-WA]
DS =0010 0000000000000000 ffffffff 008f9300 DPL=0 DS   [-WA]
FS =0010 0000000000000000 ffffffff 008f9300 DPL=0 DS   [-WA]
GS =0010 0000000000000000 ffffffff 008f9300 DPL=0 DS   [-WA]
LDT=0000 0000000000000000 0000ffff 00008200 DPL=0 LDT
TR =0028 ffffffff8048b880 00000067 00008900 DPL=0 TSS64-avl
GDT=     ffffffff8048b900 00000037
IDT=     ffffffff8048b960 00000fff
CR0=80000011 CR2=0000000000000000 CR3=0000000000001000 CR4=00000020
DR0=0000000000000000 DR1=0000000000000000 DR2=0000000000000000 DR3=0000000000000000 
DR6=00000000ffff0ff0 DR7=0000000000000400
CCS=0000000000000044 CCD=0000000000110fb8 CCO=EFLAGS
EFER=0000000000000d00
Servicing hardware INT=0x20
   194: v=20 e=0000 i=0 cpl=0 IP=0008:ffffffff80000e71 pc=ffffffff80000e71 SP=0010:0000000000110fe0 env->regs[R_EAX]=0000000000000000
RAX=0000000000000000 RBX=000000000000001c RCX=00000000000003fd RDX=00000000000003f8
RSI=ffffffff80008780 RDI=000000000000000a RBP=00000000001001e8 RSP=0000000000110fe0
R8 =00000000000003f8 R9 =000000000027ff6e R10=0000000000040000 R11=0000000000000cf8
R12=0000000000000000 R13=0000000000000000 R14=0000000000000000 R15=0000000000000000
RIP=ffffffff80000e71 RFL=00200246 [---Z-P-] CPL=0 II=0 A20=1 SMM=0 HLT=0
ES =0010 0000000000000000 ffffffff 008f9300 DPL=0 DS   [-WA]
CS =0008 0000000000000000 ffffffff 00af9a00 DPL=0 CS64 [-R-]
SS =0010 0000000000000000 ffffffff 008f9300 DPL=0 DS   [-WA]
DS =0010 0000000000000000 ffffffff 008f9300 DPL=0 DS   [-WA]
FS =0010 0000000000000000 ffffffff 008f9300 DPL=0 DS   [-WA]
GS =0010 0000000000000000 ffffffff 008f9300 DPL=0 DS   [-WA]
LDT=0000 0000000000000000 0000ffff 00008200 DPL=0 LDT
TR =0028 ffffffff8048b880 00000067 00008900 DPL=0 TSS64-avl
GDT=     ffffffff8048b900 00000037
IDT=     ffffffff8048b960 00000fff
CR0=80000011 CR2=0000000000000000 CR3=0000000000001000 CR4=00000020
DR0=0000000000000000 DR1=0000000000000000 DR2=0000000000000000 DR3=0000000000000000 
DR6=00000000ffff0ff0 DR7=0000000000000400
CCS=0000000000000044 CCD=0000000000110fb8 CCO=EFLAGS
EFER=0000000000000d00
Servicing hardware INT=0x20
   195: v=20 e=0000 i=0 cpl=0 IP=0008:ffffffff80000e71 pc=ffffffff80000e71 SP=0010:0000000000110fe0 env->regs[R_EAX]=0000000000000000
RAX=0000000000000000 RBX=000000000000001c RCX=00000000000003fd RDX=00000000000003f8
RSI=ffffffff80008780 RDI=000000000000000a RBP=00000000001001e8 RSP=0000000000110fe0
R8 =00000000000003f8 R9 =000000000027ff6e R10=0000000000040000 R11=0000000000000cf8
R12=0000000000000000 R13=0000000000000000 R14=0000000000000000 R15=0000000000000000
RIP=ffffffff80000e71 RFL=00200246 [---Z-P-] CPL=0 II=0 A20=1 SMM=0 HLT=0
ES =0010 0000000000000000 ffffffff 008f9300 DPL=0 DS   [-WA]
CS =0008 0000000000000000 ffffffff 00af9a00 DPL=0 CS64 [-R-]
SS =0010 0000000000000000 ffffffff 008f9300 DPL=0 DS   [-WA]
DS =0010 0000000000000000 ffffffff 008f9300 DPL=0 DS   [-WA]
FS =0010 0000000000000000 ffffffff 008f9300 DPL=0 DS   [-WA]
GS =0010 0000000000000000 ffffffff 008f9300 DPL=0 DS   [-WA]
LDT=0000 0000000000000000 0000ffff 00008200 DPL=0 LDT
TR =0028 ffffffff8048b880 00000067 00008900 DPL=0 TSS64-avl
GDT=     ffffffff8048b900 00000037
IDT=     ffffffff8048b960 00000fff
CR0=80000011 CR2=0000000000000000 CR3=0000000000001000 CR4=00000020
DR0=0000000000000000 DR1=0000000000000000 DR2=0000000000000000 DR3=0000000000000000 
DR6=00000000ffff0ff0 DR7=0000000000000400
CCS=0000000000000044 CCD=0000000000110fb8 CCO=EFLAGS
EFER=0000000000000d00
Servicing hardware INT=0x20
   196: v=20 e=0000 i=0 cpl=0 IP=0008:ffffffff80000e71 pc=ffffffff80000e71 SP=0010:0000000000110fe0 env->regs[R_EAX]=0000000000000000
RAX=0000000000000000 RBX=000000000000001c RCX=00000000000003fd RDX=00000000000003f8
RSI=ffffffff80008780 RDI=000000000000000a RBP=00000000001001e8 RSP=0000000000110fe0
R8 =00000000000003f8 R9 =000000000027ff6e R10=0000000000040000 R11=0000000000000cf8
R12=0000000000000000 R13=0000000000000000 R14=0000000000000000 R15=0000000000000000
RIP=ffffffff80000e71 RFL=00200246 [---Z-P-] CPL=0 II=0 A20=1 SMM=0 HLT=0
ES =0010 0000000000000000 ffffffff 008f9300 DPL=0 DS   [-WA]
CS =0008 0000000000000000 ffffffff 00af9a00 DPL=0 CS64 [-R-]
SS =0010 0000000000000000 ffffffff 008f9300 DPL=0 DS   [-WA]
DS =0010 0000000000000000 ffffffff 008f9300 DPL=0 DS   [-WA]
FS =0010 0000000000000000 ffffffff 008f9300 DPL=0 DS   [-WA]
GS =0010 0000000000000000 ffffffff 008f9300 DPL=0 DS   [-WA]
LDT=0000 0000000000000000 0000ffff 00008200 DPL=0 LDT
TR =0028 ffffffff8048b880 00000067 00008900 DPL=0 TSS64-avl
GDT=     ffffffff8048b900 00000037
IDT=     ffffffff8048b960 00000fff
CR0=80000011 CR2=0000000000000000 CR3=0000000000001000 CR4=00000020
DR0=0000000000000000 DR1=0000000000000000 DR2=0000000000000000 DR3=0000000000000000 
DR6=00000000ffff0ff0 DR7=0000000000000400
CCS=0000000000000044 CCD=0000000000110fb8 CCO=EFLAGS
EFER=0000000000000d00
Servicing hardware INT=0x20
   197: v=20 e=0000 i=0 cpl=0 IP=0008:ffffffff80000e71 pc=ffffffff80000e71 SP=0010:0000000000110fe0 env->regs[R_EAX]=0000000000000000
RAX=0000000000000000 RBX=000000000000001c RCX=00000000000003fd RDX=00000000000003f8
RSI=ffffffff80008780 RDI=000000000000000a RBP=00000000001001e8 RSP=0000000000110fe0
R8 =00000000000003f8 R9 =000000000027ff6e R10=0000000000040000 R11=0000000000000cf8
R12=0000000000000000 R13=0000000000000000 R14=0000000000000000 R15=0000000000000000
RIP=ffffffff80000e71 RFL=00200246 [---Z-P-] CPL=0 II=0 A20=1 SMM=0 HLT=0
ES =0010 0000000000000000 ffffffff 008f9300 DPL=0 DS   [-WA]
CS =0008 0000000000000000 ffffffff 00af9a00 DPL=0 CS64 [-R-]
SS =0010 0000000000000000 ffffffff 008f9300 DPL=0 DS   [-WA]
DS =0010 0000000000000000 ffffffff 008f9300 DPL=0 DS   [-WA]
FS =0010 0000000000000000 ffffffff 008f9300 DPL=0 DS   [-WA]
GS =0010 0000000000000000 ffffffff 008f9300 DPL=0 DS   [-WA]
LDT=0000 0000000000000000 0000ffff 00008200 DPL=0 LDT
TR =0028 ffffffff8048b880 00000067 00008900 DPL=0 TSS64-avl
GDT=     ffffffff8048b900 00000037
IDT=     ffffffff8048b960 00000fff
CR0=80000011 CR2=0000000000000000 CR3=0000000000001000 CR4=00000020
DR0=0000000000000000 DR1=0000000000000000 DR2=0000000000000000 DR3=0000000000000000 
DR6=00000000ffff0ff0 DR7=0000000000000400
CCS=0000000000000044 CCD=0000000000110fb8 CCO=EFLAGS
EFER=0000000000000d00
Servicing hardware INT=0x20
   198: v=20 e=0000 i=0 cpl=0 IP=0008:ffffffff80000e71 pc=ffffffff80000e71 SP=0010:0000000000110fe0 env->regs[R_EAX]=0000000000000000
RAX=0000000000000000 RBX=000000000000001c RCX=00000000000003fd RDX=00000000000003f8
RSI=ffffffff80008780 RDI=000000000000000a RBP=00000000001001e8 RSP=0000000000110fe0
R8 =00000000000003f8 R9 =000000000027ff6e R10=0000000000040000 R11=0000000000000cf8
R12=0000000000000000 R13=0000000000000000 R14=0000000000000000 R15=0000000000000000
RIP=ffffffff80000e71 RFL=00200246 [---Z-P-] CPL=0 II=0 A20=1 SMM=0 HLT=0
ES =0010 0000000000000000 ffffffff 008f9300 DPL=0 DS   [-WA]
CS =0008 0000000000000000 ffffffff 00af9a00 DPL=0 CS64 [-R-]
SS =0010 0000000000000000 ffffffff 008f9300 DPL=0 DS   [-WA]
DS =0010 0000000000000000 ffffffff 008f9300 DPL=0 DS   [-WA]
FS =0010 0000000000000000 ffffffff 008f9300 DPL=0 DS   [-WA]
GS =0010 0000000000000000 ffffffff 008f9300 DPL=0 DS   [-WA]
LDT=0000 0000000000000000 0000ffff 00008200 DPL=0 LDT
TR =0028 ffffffff8048b880 00000067 00008900 DPL=0 TSS64-avl
GDT=     ffffffff8048b900 00000037
IDT=     ffffffff8048b960 00000fff
CR0=80000011 CR2=0000000000000000 CR3=0000000000001000 CR4=00000020
DR0=0000000000000000 DR1=0000000000000000 DR2=0000000000000000 DR3=0000000000000000 
DR6=00000000ffff0ff0 DR7=0000000000000400
CCS=0000000000000044 CCD=0000000000110fb8 CCO=EFLAGS
EFER=0000000000000d00
Servicing hardware INT=0x20
   199: v=20 e=0000 i=0 cpl=0 IP=0008:ffffffff80000e71 pc=ffffffff80000e71 SP=0010:0000000000110fe0 env->regs[R_EAX]=0000000000000000
RAX=0000000000000000 RBX=000000000000001c RCX=00000000000003fd RDX=00000000000003f8
RSI=ffffffff80008780 RDI=000000000000000a RBP=00000000001001e8 RSP=0000000000110fe0
R8 =00000000000003f8 R9 =000000000027ff6e R10=0000000000040000 R11=0000000000000cf8
R12=0000000000000000 R13=0000000000000000 R14=0000000000000000 R15=0000000000000000
RIP=ffffffff80000e71 RFL=00200246 [---Z-P-] CPL=0 II=0 A20=1 SMM=0 HLT=0
ES =0010 0000000000000000 ffffffff 008f9300 DPL=0 DS   [-WA]
CS =0008 0000000000000000 ffffffff 00af9a00 DPL=0 CS64 [-R-]
SS =0010 0000000000000000 ffffffff 008f9300 DPL=0 DS   [-WA]
DS =0010 0000000000000000 ffffffff 008f9300 DPL=0 DS   [-WA]
FS =0010 0000000000000000 ffffffff 008f9300 DPL=0 DS   [-WA]
GS =0010 0000000000000000 ffffffff 008f9300 DPL=0 DS   [-WA]
LDT=0000 0000000000000000 0000ffff 00008200 DPL=0 LDT
TR =0028 ffffffff8048b880 00000067 00008900 DPL=0 TSS64-avl
GDT=     ffffffff8048b900 00000037
IDT=     ffffffff8048b960 00000fff
CR0=80000011 CR2=0000000000000000 CR3=0000000000001000 CR4=00000020
DR0=0000000000000000 DR1=0000000000000000 DR2=0000000000000000 DR3=0000000000000000 
DR6=00000000ffff0ff0 DR7=0000000000000400
CCS=0000000000000044 CCD=0000000000110fb8 CCO=EFLAGS
EFER=0000000000000d00
Servicing hardware INT=0x20
   200: v=20 e=0000 i=0 cpl=0 IP=0008:ffffffff80000e71 pc=ffffffff80000e71 SP=0010:0000000000110fe0 env->regs[R_EAX]=0000000000000000
RAX=0000000000000000 RBX=000000000000001c RCX=00000000000003fd RDX=00000000000003f8
RSI=ffffffff80008780 RDI=000000000000000a RBP=00000000001001e8 RSP=0000000000110fe0
R8 =00000000000003f8 R9 =000000000027ff6e R10=0000000000040000 R11=0000000000000cf8
R12=0000000000000000 R13=0000000000000000 R14=0000000000000000 R15=0000000000000000
RIP=ffffffff80000e71 RFL=00200246 [---Z-P-] CPL=0 II=0 A20=1 SMM=0 HLT=0
ES =0010 0000000000000000 ffffffff 008f9300 DPL=0 DS   [-WA]
CS =0008 0000000000000000 ffffffff 00af9a00 DPL=0 CS64 [-R-]
SS =0010 0000000000000000 ffffffff 008f9300 DPL=0 DS   [-WA]
DS =0010 0000000000000000 ffffffff 008f9300 DPL=0 DS   [-WA]
FS =0010 0000000000000000 ffffffff 008f9300 DPL=0 DS   [-WA]
GS =0010 0000000000000000 ffffffff 008f9300 DPL=0 DS   [-WA]
LDT=0000 0000000000000000 0000ffff 00008200 DPL=0 LDT
TR =0028 ffffffff8048b880 00000067 00008900 DPL=0 TSS64-avl
GDT=     ffffffff8048b900 00000037
IDT=     ffffffff8048b960 00000fff
CR0=80000011 CR2=0000000000000000 CR3=0000000000001000 CR4=00000020
DR0=0000000000000000 DR1=0000000000000000 DR2=0000000000000000 DR3=0000000000000000 
DR6=00000000ffff0ff0 DR7=0000000000000400
CCS=0000000000000044 CCD=0000000000110fb8 CCO=EFLAGS
EFER=0000000000000d00
Servicing hardware INT=0x20
   201: v=20 e=0000 i=0 cpl=0 IP=0008:ffffffff80000e71 pc=ffffffff80000e71 SP=0010:0000000000110fe0 env->regs[R_EAX]=0000000000000000
RAX=0000000000000000 RBX=000000000000001c RCX=00000000000003fd RDX=00000000000003f8
RSI=ffffffff80008780 RDI=000000000000000a RBP=00000000001001e8 RSP=0000000000110fe0
R8 =00000000000003f8 R9 =000000000027ff6e R10=0000000000040000 R11=0000000000000cf8
R12=0000000000000000 R13=0000000000000000 R14=0000000000000000 R15=0000000000000000
RIP=ffffffff80000e71 RFL=00200246 [---Z-P-] CPL=0 II=0 A20=1 SMM=0 HLT=0
ES =0010 0000000000000000 ffffffff 008f9300 DPL=0 DS   [-WA]
CS =0008 0000000000000000 ffffffff 00af9a00 DPL=0 CS64 [-R-]
SS =0010 0000000000000000 ffffffff 008f9300 DPL=0 DS   [-WA]
DS =0010 0000000000000000 ffffffff 008f9300 DPL=0 DS   [-WA]
FS =0010 0000000000000000 ffffffff 008f9300 DPL=0 DS   [-WA]
GS =0010 0000000000000000 ffffffff 008f9300 DPL=0 DS   [-WA]
LDT=0000 0000000000000000 0000ffff 00008200 DPL=0 LDT
TR =0028 ffffffff8048b880 00000067 00008900 DPL=0 TSS64-avl
GDT=     ffffffff8048b900 00000037
IDT=     ffffffff8048b960 00000fff
CR0=80000011 CR2=0000000000000000 CR3=0000000000001000 CR4=00000020
DR0=0000000000000000 DR1=0000000000000000 DR2=0000000000000000 DR3=0000000000000000 
DR6=00000000ffff0ff0 DR7=0000000000000400
CCS=0000000000000044 CCD=0000000000110fb8 CCO=EFLAGS
EFER=0000000000000d00
Servicing hardware INT=0x20
   202: v=20 e=0000 i=0 cpl=0 IP=0008:ffffffff80000e71 pc=ffffffff80000e71 SP=0010:0000000000110fe0 env->regs[R_EAX]=0000000000000000
RAX=0000000000000000 RBX=000000000000001c RCX=00000000000003fd RDX=00000000000003f8
RSI=ffffffff80008780 RDI=000000000000000a RBP=00000000001001e8 RSP=0000000000110fe0
R8 =00000000000003f8 R9 =000000000027ff6e R10=0000000000040000 R11=0000000000000cf8
R12=0000000000000000 R13=0000000000000000 R14=0000000000000000 R15=0000000000000000
RIP=ffffffff80000e71 RFL=00200246 [---Z-P-] CPL=0 II=0 A20=1 SMM=0 HLT=0
ES =0010 0000000000000000 ffffffff 008f9300 DPL=0 DS   [-WA]
CS =0008 0000000000000000 ffffffff 00af9a00 DPL=0 CS64 [-R-]
SS =0010 0000000000000000 ffffffff 008f9300 DPL=0 DS   [-WA]
DS =0010 0000000000000000 ffffffff 008f9300 DPL=0 DS   [-WA]
FS =0010 0000000000000000 ffffffff 008f9300 DPL=0 DS   [-WA]
GS =0010 0000000000000000 ffffffff 008f9300 DPL=0 DS   [-WA]
LDT=0000 0000000000000000 0000ffff 00008200 DPL=0 LDT
TR =0028 ffffffff8048b880 00000067 00008900 DPL=0 TSS64-avl
GDT=     ffffffff8048b900 00000037
IDT=     ffffffff8048b960 00000fff
CR0=80000011 CR2=0000000000000000 CR3=0000000000001000 CR4=00000020
DR0=0000000000000000 DR1=0000000000000000 DR2=0000000000000000 DR3=0000000000000000 
DR6=00000000ffff0ff0 DR7=0000000000000400
CCS=0000000000000044 CCD=0000000000110fb8 CCO=EFLAGS
EFER=0000000000000d00
Servicing hardware INT=0x20
   203: v=20 e=0000 i=0 cpl=0 IP=0008:ffffffff80000e71 pc=ffffffff80000e71 SP=0010:0000000000110fe0 env->regs[R_EAX]=0000000000000000
RAX=0000000000000000 RBX=000000000000001c RCX=00000000000003fd RDX=00000000000003f8
RSI=ffffffff80008780 RDI=000000000000000a RBP=00000000001001e8 RSP=0000000000110fe0
R8 =00000000000003f8 R9 =000000000027ff6e R10=0000000000040000 R11=0000000000000cf8
R12=0000000000000000 R13=0000000000000000 R14=0000000000000000 R15=0000000000000000
RIP=ffffffff80000e71 RFL=00200246 [---Z-P-] CPL=0 II=0 A20=1 SMM=0 HLT=0
ES =0010 0000000000000000 ffffffff 008f9300 DPL=0 DS   [-WA]
CS =0008 0000000000000000 ffffffff 00af9a00 DPL=0 CS64 [-R-]
SS =0010 0000000000000000 ffffffff 008f9300 DPL=0 DS   [-WA]
DS =0010 0000000000000000 ffffffff 008f9300 DPL=0 DS   [-WA]
FS =0010 0000000000000000 ffffffff 008f9300 DPL=0 DS   [-WA]
GS =0010 0000000000000000 ffffffff 008f9300 DPL=0 DS   [-WA]
LDT=0000 0000000000000000 0000ffff 00008200 DPL=0 LDT
TR =0028 ffffffff8048b880 00000067 00008900 DPL=0 TSS64-avl
GDT=     ffffffff8048b900 00000037
IDT=     ffffffff8048b960 00000fff
CR0=80000011 CR2=0000000000000000 CR3=0000000000001000 CR4=00000020
DR0=0000000000000000 DR1=0000000000000000 DR2=0000000000000000 DR3=0000000000000000 
DR6=00000000ffff0ff0 DR7=0000000000000400
CCS=0000000000000044 CCD=0000000000110fb8 CCO=EFLAGS
EFER=0000000000000d00
Servicing hardware INT=0x20
   204: v=20 e=0000 i=0 cpl=0 IP=0008:ffffffff80000e71 pc=ffffffff80000e71 SP=0010:0000000000110fe0 env->regs[R_EAX]=0000000000000000
RAX=0000000000000000 RBX=000000000000001c RCX=00000000000003fd RDX=00000000000003f8
RSI=ffffffff80008780 RDI=000000000000000a RBP=00000000001001e8 RSP=0000000000110fe0
R8 =00000000000003f8 R9 =000000000027ff6e R10=0000000000040000 R11=0000000000000cf8
R12=0000000000000000 R13=0000000000000000 R14=0000000000000000 R15=0000000000000000
RIP=ffffffff80000e71 RFL=00200246 [---Z-P-] CPL=0 II=0 A20=1 SMM=0 HLT=0
ES =0010 0000000000000000 ffffffff 008f9300 DPL=0 DS   [-WA]
CS =0008 0000000000000000 ffffffff 00af9a00 DPL=0 CS64 [-R-]
SS =0010 0000000000000000 ffffffff 008f9300 DPL=0 DS   [-WA]
DS =0010 0000000000000000 ffffffff 008f9300 DPL=0 DS   [-WA]
FS =0010 0000000000000000 ffffffff 008f9300 DPL=0 DS   [-WA]
GS =0010 0000000000000000 ffffffff 008f9300 DPL=0 DS   [-WA]
LDT=0000 0000000000000000 0000ffff 00008200 DPL=0 LDT
TR =0028 ffffffff8048b880 00000067 00008900 DPL=0 TSS64-avl
GDT=     ffffffff8048b900 00000037
IDT=     ffffffff8048b960 00000fff
CR0=80000011 CR2=0000000000000000 CR3=0000000000001000 CR4=00000020
DR0=0000000000000000 DR1=0000000000000000 DR2=0000000000000000 DR3=0000000000000000 
DR6=00000000ffff0ff0 DR7=0000000000000400
CCS=0000000000000044 CCD=0000000000110fb8 CCO=EFLAGS
EFER=0000000000000d00
Servicing hardware INT=0x20
   205: v=20 e=0000 i=0 cpl=0 IP=0008:ffffffff80000e71 pc=ffffffff80000e71 SP=0010:0000000000110fe0 env->regs[R_EAX]=0000000000000000
RAX=0000000000000000 RBX=000000000000001c RCX=00000000000003fd RDX=00000000000003f8
RSI=ffffffff80008780 RDI=000000000000000a RBP=00000000001001e8 RSP=0000000000110fe0
R8 =00000000000003f8 R9 =000000000027ff6e R10=0000000000040000 R11=0000000000000cf8
R12=0000000000000000 R13=0000000000000000 R14=0000000000000000 R15=0000000000000000
RIP=ffffffff80000e71 RFL=00200246 [---Z-P-] CPL=0 II=0 A20=1 SMM=0 HLT=0
ES =0010 0000000000000000 ffffffff 008f9300 DPL=0 DS   [-WA]
CS =0008 0000000000000000 ffffffff 00af9a00 DPL=0 CS64 [-R-]
SS =0010 0000000000000000 ffffffff 008f9300 DPL=0 DS   [-WA]
DS =0010 0000000000000000 ffffffff 008f9300 DPL=0 DS   [-WA]
FS =0010 0000000000000000 ffffffff 008f9300 DPL=0 DS   [-WA]
GS =0010 0000000000000000 ffffffff 008f9300 DPL=0 DS   [-WA]
LDT=0000 0000000000000000 0000ffff 00008200 DPL=0 LDT
TR =0028 ffffffff8048b880 00000067 00008900 DPL=0 TSS64-avl
GDT=     ffffffff8048b900 00000037
IDT=     ffffffff8048b960 00000fff
CR0=80000011 CR2=0000000000000000 CR3=0000000000001000 CR4=00000020
DR0=0000000000000000 DR1=0000000000000000 DR2=0000000000000000 DR3=0000000000000000 
DR6=00000000ffff0ff0 DR7=0000000000000400
CCS=0000000000000044 CCD=0000000000110fb8 CCO=EFLAGS
EFER=0000000000000d00
Servicing hardware INT=0x20
   206: v=20 e=0000 i=0 cpl=0 IP=0008:ffffffff80000e71 pc=ffffffff80000e71 SP=0010:0000000000110fe0 env->regs[R_EAX]=0000000000000000
RAX=0000000000000000 RBX=000000000000001c RCX=00000000000003fd RDX=00000000000003f8
RSI=ffffffff80008780 RDI=000000000000000a RBP=00000000001001e8 RSP=0000000000110fe0
R8 =00000000000003f8 R9 =000000000027ff6e R10=0000000000040000 R11=0000000000000cf8
R12=0000000000000000 R13=0000000000000000 R14=0000000000000000 R15=0000000000000000
RIP=ffffffff80000e71 RFL=00200246 [---Z-P-] CPL=0 II=0 A20=1 SMM=0 HLT=0
ES =0010 0000000000000000 ffffffff 008f9300 DPL=0 DS   [-WA]
CS =0008 0000000000000000 ffffffff 00af9a00 DPL=0 CS64 [-R-]
SS =0010 0000000000000000 ffffffff 008f9300 DPL=0 DS   [-WA]
DS =0010 0000000000000000 ffffffff 008f9300 DPL=0 DS   [-WA]
FS =0010 0000000000000000 ffffffff 008f9300 DPL=0 DS   [-WA]
GS =0010 0000000000000000 ffffffff 008f9300 DPL=0 DS   [-WA]
LDT=0000 0000000000000000 0000ffff 00008200 DPL=0 LDT
TR =0028 ffffffff8048b880 00000067 00008900 DPL=0 TSS64-avl
GDT=     ffffffff8048b900 00000037
IDT=     ffffffff8048b960 00000fff
CR0=80000011 CR2=0000000000000000 CR3=0000000000001000 CR4=00000020
DR0=0000000000000000 DR1=0000000000000000 DR2=0000000000000000 DR3=0000000000000000 
DR6=00000000ffff0ff0 DR7=0000000000000400
CCS=0000000000000044 CCD=0000000000110fb8 CCO=EFLAGS
EFER=0000000000000d00
Servicing hardware INT=0x20
   207: v=20 e=0000 i=0 cpl=0 IP=0008:ffffffff80000e71 pc=ffffffff80000e71 SP=0010:0000000000110fe0 env->regs[R_EAX]=0000000000000000
RAX=0000000000000000 RBX=000000000000001c RCX=00000000000003fd RDX=00000000000003f8
RSI=ffffffff80008780 RDI=000000000000000a RBP=00000000001001e8 RSP=0000000000110fe0
R8 =00000000000003f8 R9 =000000000027ff6e R10=0000000000040000 R11=0000000000000cf8
R12=0000000000000000 R13=0000000000000000 R14=0000000000000000 R15=0000000000000000
RIP=ffffffff80000e71 RFL=00200246 [---Z-P-] CPL=0 II=0 A20=1 SMM=0 HLT=0
ES =0010 0000000000000000 ffffffff 008f9300 DPL=0 DS   [-WA]
CS =0008 0000000000000000 ffffffff 00af9a00 DPL=0 CS64 [-R-]
SS =0010 0000000000000000 ffffffff 008f9300 DPL=0 DS   [-WA]
DS =0010 0000000000000000 ffffffff 008f9300 DPL=0 DS   [-WA]
FS =0010 0000000000000000 ffffffff 008f9300 DPL=0 DS   [-WA]
GS =0010 0000000000000000 ffffffff 008f9300 DPL=0 DS   [-WA]
LDT=0000 0000000000000000 0000ffff 00008200 DPL=0 LDT
TR =0028 ffffffff8048b880 00000067 00008900 DPL=0 TSS64-avl
GDT=     ffffffff8048b900 00000037
IDT=     ffffffff8048b960 00000fff
CR0=80000011 CR2=0000000000000000 CR3=0000000000001000 CR4=00000020
DR0=0000000000000000 DR1=0000000000000000 DR2=0000000000000000 DR3=0000000000000000 
DR6=00000000ffff0ff0 DR7=0000000000000400
CCS=0000000000000044 CCD=0000000000110fb8 CCO=EFLAGS
EFER=0000000000000d00
Servicing hardware INT=0x20
   208: v=20 e=0000 i=0 cpl=0 IP=0008:ffffffff80000e71 pc=ffffffff80000e71 SP=0010:0000000000110fe0 env->regs[R_EAX]=0000000000000000
RAX=0000000000000000 RBX=000000000000001c RCX=00000000000003fd RDX=00000000000003f8
RSI=ffffffff80008780 RDI=000000000000000a RBP=00000000001001e8 RSP=0000000000110fe0
R8 =00000000000003f8 R9 =000000000027ff6e R10=0000000000040000 R11=0000000000000cf8
R12=0000000000000000 R13=0000000000000000 R14=0000000000000000 R15=0000000000000000
RIP=ffffffff80000e71 RFL=00200246 [---Z-P-] CPL=0 II=0 A20=1 SMM=0 HLT=0
ES =0010 0000000000000000 ffffffff 008f9300 DPL=0 DS   [-WA]
CS =0008 0000000000000000 ffffffff 00af9a00 DPL=0 CS64 [-R-]
SS =0010 0000000000000000 ffffffff 008f9300 DPL=0 DS   [-WA]
DS =0010 0000000000000000 ffffffff 008f9300 DPL=0 DS   [-WA]
FS =0010 0000000000000000 ffffffff 008f9300 DPL=0 DS   [-WA]
GS =0010 0000000000000000 ffffffff 008f9300 DPL=0 DS   [-WA]
LDT=0000 0000000000000000 0000ffff 00008200 DPL=0 LDT
TR =0028 ffffffff8048b880 00000067 00008900 DPL=0 TSS64-avl
GDT=     ffffffff8048b900 00000037
IDT=     ffffffff8048b960 00000fff
CR0=80000011 CR2=0000000000000000 CR3=0000000000001000 CR4=00000020
DR0=0000000000000000 DR1=0000000000000000 DR2=0000000000000000 DR3=0000000000000000 
DR6=00000000ffff0ff0 DR7=0000000000000400
CCS=0000000000000044 CCD=0000000000110fb8 CCO=EFLAGS
EFER=0000000000000d00
Servicing hardware INT=0x20
   209: v=20 e=0000 i=0 cpl=0 IP=0008:ffffffff80000e71 pc=ffffffff80000e71 SP=0010:0000000000110fe0 env->regs[R_EAX]=0000000000000000
RAX=0000000000000000 RBX=000000000000001c RCX=00000000000003fd RDX=00000000000003f8
RSI=ffffffff80008780 RDI=000000000000000a RBP=00000000001001e8 RSP=0000000000110fe0
R8 =00000000000003f8 R9 =000000000027ff6e R10=0000000000040000 R11=0000000000000cf8
R12=0000000000000000 R13=0000000000000000 R14=0000000000000000 R15=0000000000000000
RIP=ffffffff80000e71 RFL=00200246 [---Z-P-] CPL=0 II=0 A20=1 SMM=0 HLT=0
ES =0010 0000000000000000 ffffffff 008f9300 DPL=0 DS   [-WA]
CS =0008 0000000000000000 ffffffff 00af9a00 DPL=0 CS64 [-R-]
SS =0010 0000000000000000 ffffffff 008f9300 DPL=0 DS   [-WA]
DS =0010 0000000000000000 ffffffff 008f9300 DPL=0 DS   [-WA]
FS =0010 0000000000000000 ffffffff 008f9300 DPL=0 DS   [-WA]
GS =0010 0000000000000000 ffffffff 008f9300 DPL=0 DS   [-WA]
LDT=0000 0000000000000000 0000ffff 00008200 DPL=0 LDT
TR =0028 ffffffff8048b880 00000067 00008900 DPL=0 TSS64-avl
GDT=     ffffffff8048b900 00000037
IDT=     ffffffff8048b960 00000fff
CR0=80000011 CR2=0000000000000000 CR3=0000000000001000 CR4=00000020
DR0=0000000000000000 DR1=0000000000000000 DR2=0000000000000000 DR3=0000000000000000 
DR6=00000000ffff0ff0 DR7=0000000000000400
CCS=0000000000000044 CCD=0000000000110fb8 CCO=EFLAGS
EFER=0000000000000d00
Servicing hardware INT=0x20
   210: v=20 e=0000 i=0 cpl=0 IP=0008:ffffffff80000e71 pc=ffffffff80000e71 SP=0010:0000000000110fe0 env->regs[R_EAX]=0000000000000000
RAX=0000000000000000 RBX=000000000000001c RCX=00000000000003fd RDX=00000000000003f8
RSI=ffffffff80008780 RDI=000000000000000a RBP=00000000001001e8 RSP=0000000000110fe0
R8 =00000000000003f8 R9 =000000000027ff6e R10=0000000000040000 R11=0000000000000cf8
R12=0000000000000000 R13=0000000000000000 R14=0000000000000000 R15=0000000000000000
RIP=ffffffff80000e71 RFL=00200246 [---Z-P-] CPL=0 II=0 A20=1 SMM=0 HLT=0
ES =0010 0000000000000000 ffffffff 008f9300 DPL=0 DS   [-WA]
CS =0008 0000000000000000 ffffffff 00af9a00 DPL=0 CS64 [-R-]
SS =0010 0000000000000000 ffffffff 008f9300 DPL=0 DS   [-WA]
DS =0010 0000000000000000 ffffffff 008f9300 DPL=0 DS   [-WA]
FS =0010 0000000000000000 ffffffff 008f9300 DPL=0 DS   [-WA]
GS =0010 0000000000000000 ffffffff 008f9300 DPL=0 DS   [-WA]
LDT=0000 0000000000000000 0000ffff 00008200 DPL=0 LDT
TR =0028 ffffffff8048b880 00000067 00008900 DPL=0 TSS64-avl
GDT=     ffffffff8048b900 00000037
IDT=     ffffffff8048b960 00000fff
CR0=80000011 CR2=0000000000000000 CR3=0000000000001000 CR4=00000020
DR0=0000000000000000 DR1=0000000000000000 DR2=0000000000000000 DR3=0000000000000000 
DR6=00000000ffff0ff0 DR7=0000000000000400
CCS=0000000000000044 CCD=0000000000110fb8 CCO=EFLAGS
EFER=0000000000000d00
Servicing hardware INT=0x20
   211: v=20 e=0000 i=0 cpl=0 IP=0008:ffffffff80000e71 pc=ffffffff80000e71 SP=0010:0000000000110fe0 env->regs[R_EAX]=0000000000000000
RAX=0000000000000000 RBX=000000000000001c RCX=00000000000003fd RDX=00000000000003f8
RSI=ffffffff80008780 RDI=000000000000000a RBP=00000000001001e8 RSP=0000000000110fe0
R8 =00000000000003f8 R9 =000000000027ff6e R10=0000000000040000 R11=0000000000000cf8
R12=0000000000000000 R13=0000000000000000 R14=0000000000000000 R15=0000000000000000
RIP=ffffffff80000e71 RFL=00200246 [---Z-P-] CPL=0 II=0 A20=1 SMM=0 HLT=0
ES =0010 0000000000000000 ffffffff 008f9300 DPL=0 DS   [-WA]
CS =0008 0000000000000000 ffffffff 00af9a00 DPL=0 CS64 [-R-]
SS =0010 0000000000000000 ffffffff 008f9300 DPL=0 DS   [-WA]
DS =0010 0000000000000000 ffffffff 008f9300 DPL=0 DS   [-WA]
FS =0010 0000000000000000 ffffffff 008f9300 DPL=0 DS   [-WA]
GS =0010 0000000000000000 ffffffff 008f9300 DPL=0 DS   [-WA]
LDT=0000 0000000000000000 0000ffff 00008200 DPL=0 LDT
TR =0028 ffffffff8048b880 00000067 00008900 DPL=0 TSS64-avl
GDT=     ffffffff8048b900 00000037
IDT=     ffffffff8048b960 00000fff
CR0=80000011 CR2=0000000000000000 CR3=0000000000001000 CR4=00000020
DR0=0000000000000000 DR1=0000000000000000 DR2=0000000000000000 DR3=0000000000000000 
DR6=00000000ffff0ff0 DR7=0000000000000400
CCS=0000000000000044 CCD=0000000000110fb8 CCO=EFLAGS
EFER=0000000000000d00
Servicing hardware INT=0x20
   212: v=20 e=0000 i=0 cpl=0 IP=0008:ffffffff80000e71 pc=ffffffff80000e71 SP=0010:0000000000110fe0 env->regs[R_EAX]=0000000000000000
RAX=0000000000000000 RBX=000000000000001c RCX=00000000000003fd RDX=00000000000003f8
RSI=ffffffff80008780 RDI=000000000000000a RBP=00000000001001e8 RSP=0000000000110fe0
R8 =00000000000003f8 R9 =000000000027ff6e R10=0000000000040000 R11=0000000000000cf8
R12=0000000000000000 R13=0000000000000000 R14=0000000000000000 R15=0000000000000000
RIP=ffffffff80000e71 RFL=00200246 [---Z-P-] CPL=0 II=0 A20=1 SMM=0 HLT=0
ES =0010 0000000000000000 ffffffff 008f9300 DPL=0 DS   [-WA]
CS =0008 0000000000000000 ffffffff 00af9a00 DPL=0 CS64 [-R-]
SS =0010 0000000000000000 ffffffff 008f9300 DPL=0 DS   [-WA]
DS =0010 0000000000000000 ffffffff 008f9300 DPL=0 DS   [-WA]
FS =0010 0000000000000000 ffffffff 008f9300 DPL=0 DS   [-WA]
GS =0010 0000000000000000 ffffffff 008f9300 DPL=0 DS   [-WA]
LDT=0000 0000000000000000 0000ffff 00008200 DPL=0 LDT
TR =0028 ffffffff8048b880 00000067 00008900 DPL=0 TSS64-avl
GDT=     ffffffff8048b900 00000037
IDT=     ffffffff8048b960 00000fff
CR0=80000011 CR2=0000000000000000 CR3=0000000000001000 CR4=00000020
DR0=0000000000000000 DR1=0000000000000000 DR2=0000000000000000 DR3=0000000000000000 
DR6=00000000ffff0ff0 DR7=0000000000000400
CCS=0000000000000044 CCD=0000000000110fb8 CCO=EFLAGS
EFER=0000000000000d00
Servicing hardware INT=0x20
   213: v=20 e=0000 i=0 cpl=0 IP=0008:ffffffff80000e71 pc=ffffffff80000e71 SP=0010:0000000000110fe0 env->regs[R_EAX]=0000000000000000
RAX=0000000000000000 RBX=000000000000001c RCX=00000000000003fd RDX=00000000000003f8
RSI=ffffffff80008780 RDI=000000000000000a RBP=00000000001001e8 RSP=0000000000110fe0
R8 =00000000000003f8 R9 =000000000027ff6e R10=0000000000040000 R11=0000000000000cf8
R12=0000000000000000 R13=0000000000000000 R14=0000000000000000 R15=0000000000000000
RIP=ffffffff80000e71 RFL=00200246 [---Z-P-] CPL=0 II=0 A20=1 SMM=0 HLT=0
ES =0010 0000000000000000 ffffffff 008f9300 DPL=0 DS   [-WA]
CS =0008 0000000000000000 ffffffff 00af9a00 DPL=0 CS64 [-R-]
SS =0010 0000000000000000 ffffffff 008f9300 DPL=0 DS   [-WA]
DS =0010 0000000000000000 ffffffff 008f9300 DPL=0 DS   [-WA]
FS =0010 0000000000000000 ffffffff 008f9300 DPL=0 DS   [-WA]
GS =0010 0000000000000000 ffffffff 008f9300 DPL=0 DS   [-WA]
LDT=0000 0000000000000000 0000ffff 00008200 DPL=0 LDT
TR =0028 ffffffff8048b880 00000067 00008900 DPL=0 TSS64-avl
GDT=     ffffffff8048b900 00000037
IDT=     ffffffff8048b960 00000fff
CR0=80000011 CR2=0000000000000000 CR3=0000000000001000 CR4=00000020
DR0=0000000000000000 DR1=0000000000000000 DR2=0000000000000000 DR3=0000000000000000 
DR6=00000000ffff0ff0 DR7=0000000000000400
CCS=0000000000000044 CCD=0000000000110fb8 CCO=EFLAGS
EFER=0000000000000d00
Servicing hardware INT=0x20
   214: v=20 e=0000 i=0 cpl=0 IP=0008:ffffffff80000e71 pc=ffffffff80000e71 SP=0010:0000000000110fe0 env->regs[R_EAX]=0000000000000000
RAX=0000000000000000 RBX=000000000000001c RCX=00000000000003fd RDX=00000000000003f8
RSI=ffffffff80008780 RDI=000000000000000a RBP=00000000001001e8 RSP=0000000000110fe0
R8 =00000000000003f8 R9 =000000000027ff6e R10=0000000000040000 R11=0000000000000cf8
R12=0000000000000000 R13=0000000000000000 R14=0000000000000000 R15=0000000000000000
RIP=ffffffff80000e71 RFL=00200246 [---Z-P-] CPL=0 II=0 A20=1 SMM=0 HLT=0
ES =0010 0000000000000000 ffffffff 008f9300 DPL=0 DS   [-WA]
CS =0008 0000000000000000 ffffffff 00af9a00 DPL=0 CS64 [-R-]
SS =0010 0000000000000000 ffffffff 008f9300 DPL=0 DS   [-WA]
DS =0010 0000000000000000 ffffffff 008f9300 DPL=0 DS   [-WA]
FS =0010 0000000000000000 ffffffff 008f9300 DPL=0 DS   [-WA]
GS =0010 0000000000000000 ffffffff 008f9300 DPL=0 DS   [-WA]
LDT=0000 0000000000000000 0000ffff 00008200 DPL=0 LDT
TR =0028 ffffffff8048b880 00000067 00008900 DPL=0 TSS64-avl
GDT=     ffffffff8048b900 00000037
IDT=     ffffffff8048b960 00000fff
CR0=80000011 CR2=0000000000000000 CR3=0000000000001000 CR4=00000020
DR0=0000000000000000 DR1=0000000000000000 DR2=0000000000000000 DR3=0000000000000000 
DR6=00000000ffff0ff0 DR7=0000000000000400
CCS=0000000000000044 CCD=0000000000110fb8 CCO=EFLAGS
EFER=0000000000000d00
Servicing hardware INT=0x20
   215: v=20 e=0000 i=0 cpl=0 IP=0008:ffffffff80000e71 pc=ffffffff80000e71 SP=0010:0000000000110fe0 env->regs[R_EAX]=0000000000000000
RAX=0000000000000000 RBX=000000000000001c RCX=00000000000003fd RDX=00000000000003f8
RSI=ffffffff80008780 RDI=000000000000000a RBP=00000000001001e8 RSP=0000000000110fe0
R8 =00000000000003f8 R9 =000000000027ff6e R10=0000000000040000 R11=0000000000000cf8
R12=0000000000000000 R13=0000000000000000 R14=0000000000000000 R15=0000000000000000
RIP=ffffffff80000e71 RFL=00200246 [---Z-P-] CPL=0 II=0 A20=1 SMM=0 HLT=0
ES =0010 0000000000000000 ffffffff 008f9300 DPL=0 DS   [-WA]
CS =0008 0000000000000000 ffffffff 00af9a00 DPL=0 CS64 [-R-]
SS =0010 0000000000000000 ffffffff 008f9300 DPL=0 DS   [-WA]
DS =0010 0000000000000000 ffffffff 008f9300 DPL=0 DS   [-WA]
FS =0010 0000000000000000 ffffffff 008f9300 DPL=0 DS   [-WA]
GS =0010 0000000000000000 ffffffff 008f9300 DPL=0 DS   [-WA]
LDT=0000 0000000000000000 0000ffff 00008200 DPL=0 LDT
TR =0028 ffffffff8048b880 00000067 00008900 DPL=0 TSS64-avl
GDT=     ffffffff8048b900 00000037
IDT=     ffffffff8048b960 00000fff
CR0=80000011 CR2=0000000000000000 CR3=0000000000001000 CR4=00000020
DR0=0000000000000000 DR1=0000000000000000 DR2=0000000000000000 DR3=0000000000000000 
DR6=00000000ffff0ff0 DR7=0000000000000400
CCS=0000000000000044 CCD=0000000000110fb8 CCO=EFLAGS
EFER=0000000000000d00
Servicing hardware INT=0x20
   216: v=20 e=0000 i=0 cpl=0 IP=0008:ffffffff80000e71 pc=ffffffff80000e71 SP=0010:0000000000110fe0 env->regs[R_EAX]=0000000000000000
RAX=0000000000000000 RBX=000000000000001c RCX=00000000000003fd RDX=00000000000003f8
RSI=ffffffff80008780 RDI=000000000000000a RBP=00000000001001e8 RSP=0000000000110fe0
R8 =00000000000003f8 R9 =000000000027ff6e R10=0000000000040000 R11=0000000000000cf8
R12=0000000000000000 R13=0000000000000000 R14=0000000000000000 R15=0000000000000000
RIP=ffffffff80000e71 RFL=00200246 [---Z-P-] CPL=0 II=0 A20=1 SMM=0 HLT=0
ES =0010 0000000000000000 ffffffff 008f9300 DPL=0 DS   [-WA]
CS =0008 0000000000000000 ffffffff 00af9a00 DPL=0 CS64 [-R-]
SS =0010 0000000000000000 ffffffff 008f9300 DPL=0 DS   [-WA]
DS =0010 0000000000000000 ffffffff 008f9300 DPL=0 DS   [-WA]
FS =0010 0000000000000000 ffffffff 008f9300 DPL=0 DS   [-WA]
GS =0010 0000000000000000 ffffffff 008f9300 DPL=0 DS   [-WA]
LDT=0000 0000000000000000 0000ffff 00008200 DPL=0 LDT
TR =0028 ffffffff8048b880 00000067 00008900 DPL=0 TSS64-avl
GDT=     ffffffff8048b900 00000037
IDT=     ffffffff8048b960 00000fff
CR0=80000011 CR2=0000000000000000 CR3=0000000000001000 CR4=00000020
DR0=0000000000000000 DR1=0000000000000000 DR2=0000000000000000 DR3=0000000000000000 
DR6=00000000ffff0ff0 DR7=0000000000000400
CCS=0000000000000044 CCD=0000000000110fb8 CCO=EFLAGS
EFER=0000000000000d00
Servicing hardware INT=0x20
   217: v=20 e=0000 i=0 cpl=0 IP=0008:ffffffff80000e71 pc=ffffffff80000e71 SP=0010:0000000000110fe0 env->regs[R_EAX]=0000000000000000
RAX=0000000000000000 RBX=000000000000001c RCX=00000000000003fd RDX=00000000000003f8
RSI=ffffffff80008780 RDI=000000000000000a RBP=00000000001001e8 RSP=0000000000110fe0
R8 =00000000000003f8 R9 =000000000027ff6e R10=0000000000040000 R11=0000000000000cf8
R12=0000000000000000 R13=0000000000000000 R14=0000000000000000 R15=0000000000000000
RIP=ffffffff80000e71 RFL=00200246 [---Z-P-] CPL=0 II=0 A20=1 SMM=0 HLT=0
ES =0010 0000000000000000 ffffffff 008f9300 DPL=0 DS   [-WA]
CS =0008 0000000000000000 ffffffff 00af9a00 DPL=0 CS64 [-R-]
SS =0010 0000000000000000 ffffffff 008f9300 DPL=0 DS   [-WA]
DS =0010 0000000000000000 ffffffff 008f9300 DPL=0 DS   [-WA]
FS =0010 0000000000000000 ffffffff 008f9300 DPL=0 DS   [-WA]
GS =0010 0000000000000000 ffffffff 008f9300 DPL=0 DS   [-WA]
LDT=0000 0000000000000000 0000ffff 00008200 DPL=0 LDT
TR =0028 ffffffff8048b880 00000067 00008900 DPL=0 TSS64-avl
GDT=     ffffffff8048b900 00000037
IDT=     ffffffff8048b960 00000fff
CR0=80000011 CR2=0000000000000000 CR3=0000000000001000 CR4=00000020
DR0=0000000000000000 DR1=0000000000000000 DR2=0000000000000000 DR3=0000000000000000 
DR6=00000000ffff0ff0 DR7=0000000000000400
CCS=0000000000000044 CCD=0000000000110fb8 CCO=EFLAGS
EFER=0000000000000d00
Servicing hardware INT=0x20
   218: v=20 e=0000 i=0 cpl=0 IP=0008:ffffffff80000e71 pc=ffffffff80000e71 SP=0010:0000000000110fe0 env->regs[R_EAX]=0000000000000000
RAX=0000000000000000 RBX=000000000000001c RCX=00000000000003fd RDX=00000000000003f8
RSI=ffffffff80008780 RDI=000000000000000a RBP=00000000001001e8 RSP=0000000000110fe0
R8 =00000000000003f8 R9 =000000000027ff6e R10=0000000000040000 R11=0000000000000cf8
R12=0000000000000000 R13=0000000000000000 R14=0000000000000000 R15=0000000000000000
RIP=ffffffff80000e71 RFL=00200246 [---Z-P-] CPL=0 II=0 A20=1 SMM=0 HLT=0
ES =0010 0000000000000000 ffffffff 008f9300 DPL=0 DS   [-WA]
CS =0008 0000000000000000 ffffffff 00af9a00 DPL=0 CS64 [-R-]
SS =0010 0000000000000000 ffffffff 008f9300 DPL=0 DS   [-WA]
DS =0010 0000000000000000 ffffffff 008f9300 DPL=0 DS   [-WA]
FS =0010 0000000000000000 ffffffff 008f9300 DPL=0 DS   [-WA]
GS =0010 0000000000000000 ffffffff 008f9300 DPL=0 DS   [-WA]
LDT=0000 0000000000000000 0000ffff 00008200 DPL=0 LDT
TR =0028 ffffffff8048b880 00000067 00008900 DPL=0 TSS64-avl
GDT=     ffffffff8048b900 00000037
IDT=     ffffffff8048b960 00000fff
CR0=80000011 CR2=0000000000000000 CR3=0000000000001000 CR4=00000020
DR0=0000000000000000 DR1=0000000000000000 DR2=0000000000000000 DR3=0000000000000000 
DR6=00000000ffff0ff0 DR7=0000000000000400
CCS=0000000000000044 CCD=0000000000110fb8 CCO=EFLAGS
EFER=0000000000000d00
Servicing hardware INT=0x20
   219: v=20 e=0000 i=0 cpl=0 IP=0008:ffffffff80000e71 pc=ffffffff80000e71 SP=0010:0000000000110fe0 env->regs[R_EAX]=0000000000000000
RAX=0000000000000000 RBX=000000000000001c RCX=00000000000003fd RDX=00000000000003f8
RSI=ffffffff80008780 RDI=000000000000000a RBP=00000000001001e8 RSP=0000000000110fe0
R8 =00000000000003f8 R9 =000000000027ff6e R10=0000000000040000 R11=0000000000000cf8
R12=0000000000000000 R13=0000000000000000 R14=0000000000000000 R15=0000000000000000
RIP=ffffffff80000e71 RFL=00200246 [---Z-P-] CPL=0 II=0 A20=1 SMM=0 HLT=0
ES =0010 0000000000000000 ffffffff 008f9300 DPL=0 DS   [-WA]
CS =0008 0000000000000000 ffffffff 00af9a00 DPL=0 CS64 [-R-]
SS =0010 0000000000000000 ffffffff 008f9300 DPL=0 DS   [-WA]
DS =0010 0000000000000000 ffffffff 008f9300 DPL=0 DS   [-WA]
FS =0010 0000000000000000 ffffffff 008f9300 DPL=0 DS   [-WA]
GS =0010 0000000000000000 ffffffff 008f9300 DPL=0 DS   [-WA]
LDT=0000 0000000000000000 0000ffff 00008200 DPL=0 LDT
TR =0028 ffffffff8048b880 00000067 00008900 DPL=0 TSS64-avl
GDT=     ffffffff8048b900 00000037
IDT=     ffffffff8048b960 00000fff
CR0=80000011 CR2=0000000000000000 CR3=0000000000001000 CR4=00000020
DR0=0000000000000000 DR1=0000000000000000 DR2=0000000000000000 DR3=0000000000000000 
DR6=00000000ffff0ff0 DR7=0000000000000400
CCS=0000000000000044 CCD=0000000000110fb8 CCO=EFLAGS
EFER=0000000000000d00
Servicing hardware INT=0x20
   220: v=20 e=0000 i=0 cpl=0 IP=0008:ffffffff80000e71 pc=ffffffff80000e71 SP=0010:0000000000110fe0 env->regs[R_EAX]=0000000000000000
RAX=0000000000000000 RBX=000000000000001c RCX=00000000000003fd RDX=00000000000003f8
RSI=ffffffff80008780 RDI=000000000000000a RBP=00000000001001e8 RSP=0000000000110fe0
R8 =00000000000003f8 R9 =000000000027ff6e R10=0000000000040000 R11=0000000000000cf8
R12=0000000000000000 R13=0000000000000000 R14=0000000000000000 R15=0000000000000000
RIP=ffffffff80000e71 RFL=00200246 [---Z-P-] CPL=0 II=0 A20=1 SMM=0 HLT=0
ES =0010 0000000000000000 ffffffff 008f9300 DPL=0 DS   [-WA]
CS =0008 0000000000000000 ffffffff 00af9a00 DPL=0 CS64 [-R-]
SS =0010 0000000000000000 ffffffff 008f9300 DPL=0 DS   [-WA]
DS =0010 0000000000000000 ffffffff 008f9300 DPL=0 DS   [-WA]
FS =0010 0000000000000000 ffffffff 008f9300 DPL=0 DS   [-WA]
GS =0010 0000000000000000 ffffffff 008f9300 DPL=0 DS   [-WA]
LDT=0000 0000000000000000 0000ffff 00008200 DPL=0 LDT
TR =0028 ffffffff8048b880 00000067 00008900 DPL=0 TSS64-avl
GDT=     ffffffff8048b900 00000037
IDT=     ffffffff8048b960 00000fff
CR0=80000011 CR2=0000000000000000 CR3=0000000000001000 CR4=00000020
DR0=0000000000000000 DR1=0000000000000000 DR2=0000000000000000 DR3=0000000000000000 
DR6=00000000ffff0ff0 DR7=0000000000000400
CCS=0000000000000044 CCD=0000000000110fb8 CCO=EFLAGS
EFER=0000000000000d00
Servicing hardware INT=0x20
   221: v=20 e=0000 i=0 cpl=0 IP=0008:ffffffff80000e71 pc=ffffffff80000e71 SP=0010:0000000000110fe0 env->regs[R_EAX]=0000000000000000
RAX=0000000000000000 RBX=000000000000001c RCX=00000000000003fd RDX=00000000000003f8
RSI=ffffffff80008780 RDI=000000000000000a RBP=00000000001001e8 RSP=0000000000110fe0
R8 =00000000000003f8 R9 =000000000027ff6e R10=0000000000040000 R11=0000000000000cf8
R12=0000000000000000 R13=0000000000000000 R14=0000000000000000 R15=0000000000000000
RIP=ffffffff80000e71 RFL=00200246 [---Z-P-] CPL=0 II=0 A20=1 SMM=0 HLT=0
ES =0010 0000000000000000 ffffffff 008f9300 DPL=0 DS   [-WA]
CS =0008 0000000000000000 ffffffff 00af9a00 DPL=0 CS64 [-R-]
SS =0010 0000000000000000 ffffffff 008f9300 DPL=0 DS   [-WA]
DS =0010 0000000000000000 ffffffff 008f9300 DPL=0 DS   [-WA]
FS =0010 0000000000000000 ffffffff 008f9300 DPL=0 DS   [-WA]
GS =0010 0000000000000000 ffffffff 008f9300 DPL=0 DS   [-WA]
LDT=0000 0000000000000000 0000ffff 00008200 DPL=0 LDT
TR =0028 ffffffff8048b880 00000067 00008900 DPL=0 TSS64-avl
GDT=     ffffffff8048b900 00000037
IDT=     ffffffff8048b960 00000fff
CR0=80000011 CR2=0000000000000000 CR3=0000000000001000 CR4=00000020
DR0=0000000000000000 DR1=0000000000000000 DR2=0000000000000000 DR3=0000000000000000 
DR6=00000000ffff0ff0 DR7=0000000000000400
CCS=0000000000000044 CCD=0000000000110fb8 CCO=EFLAGS
EFER=0000000000000d00
Servicing hardware INT=0x20
   222: v=20 e=0000 i=0 cpl=0 IP=0008:ffffffff80000e71 pc=ffffffff80000e71 SP=0010:0000000000110fe0 env->regs[R_EAX]=0000000000000000
RAX=0000000000000000 RBX=000000000000001c RCX=00000000000003fd RDX=00000000000003f8
RSI=ffffffff80008780 RDI=000000000000000a RBP=00000000001001e8 RSP=0000000000110fe0
R8 =00000000000003f8 R9 =000000000027ff6e R10=0000000000040000 R11=0000000000000cf8
R12=0000000000000000 R13=0000000000000000 R14=0000000000000000 R15=0000000000000000
RIP=ffffffff80000e71 RFL=00200246 [---Z-P-] CPL=0 II=0 A20=1 SMM=0 HLT=0
ES =0010 0000000000000000 ffffffff 008f9300 DPL=0 DS   [-WA]
CS =0008 0000000000000000 ffffffff 00af9a00 DPL=0 CS64 [-R-]
SS =0010 0000000000000000 ffffffff 008f9300 DPL=0 DS   [-WA]
DS =0010 0000000000000000 ffffffff 008f9300 DPL=0 DS   [-WA]
FS =0010 0000000000000000 ffffffff 008f9300 DPL=0 DS   [-WA]
GS =0010 0000000000000000 ffffffff 008f9300 DPL=0 DS   [-WA]
LDT=0000 0000000000000000 0000ffff 00008200 DPL=0 LDT
TR =0028 ffffffff8048b880 00000067 00008900 DPL=0 TSS64-avl
GDT=     ffffffff8048b900 00000037
IDT=     ffffffff8048b960 00000fff
CR0=80000011 CR2=0000000000000000 CR3=0000000000001000 CR4=00000020
DR0=0000000000000000 DR1=0000000000000000 DR2=0000000000000000 DR3=0000000000000000 
DR6=00000000ffff0ff0 DR7=0000000000000400
CCS=0000000000000044 CCD=0000000000110fb8 CCO=EFLAGS
EFER=0000000000000d00
Servicing hardware INT=0x20
   223: v=20 e=0000 i=0 cpl=0 IP=0008:ffffffff80000e71 pc=ffffffff80000e71 SP=0010:0000000000110fe0 env->regs[R_EAX]=0000000000000000
RAX=0000000000000000 RBX=000000000000001c RCX=00000000000003fd RDX=00000000000003f8
RSI=ffffffff80008780 RDI=000000000000000a RBP=00000000001001e8 RSP=0000000000110fe0
R8 =00000000000003f8 R9 =000000000027ff6e R10=0000000000040000 R11=0000000000000cf8
R12=0000000000000000 R13=0000000000000000 R14=0000000000000000 R15=0000000000000000
RIP=ffffffff80000e71 RFL=00200246 [---Z-P-] CPL=0 II=0 A20=1 SMM=0 HLT=0
ES =0010 0000000000000000 ffffffff 008f9300 DPL=0 DS   [-WA]
CS =0008 0000000000000000 ffffffff 00af9a00 DPL=0 CS64 [-R-]
SS =0010 0000000000000000 ffffffff 008f9300 DPL=0 DS   [-WA]
DS =0010 0000000000000000 ffffffff 008f9300 DPL=0 DS   [-WA]
FS =0010 0000000000000000 ffffffff 008f9300 DPL=0 DS   [-WA]
GS =0010 0000000000000000 ffffffff 008f9300 DPL=0 DS   [-WA]
LDT=0000 0000000000000000 0000ffff 00008200 DPL=0 LDT
TR =0028 ffffffff8048b880 00000067 00008900 DPL=0 TSS64-avl
GDT=     ffffffff8048b900 00000037
IDT=     ffffffff8048b960 00000fff
CR0=80000011 CR2=0000000000000000 CR3=0000000000001000 CR4=00000020
DR0=0000000000000000 DR1=0000000000000000 DR2=0000000000000000 DR3=0000000000000000 
DR6=00000000ffff0ff0 DR7=0000000000000400
CCS=0000000000000044 CCD=0000000000110fb8 CCO=EFLAGS
EFER=0000000000000d00
Servicing hardware INT=0x20
   224: v=20 e=0000 i=0 cpl=0 IP=0008:ffffffff80000e71 pc=ffffffff80000e71 SP=0010:0000000000110fe0 env->regs[R_EAX]=0000000000000000
RAX=0000000000000000 RBX=000000000000001c RCX=00000000000003fd RDX=00000000000003f8
RSI=ffffffff80008780 RDI=000000000000000a RBP=00000000001001e8 RSP=0000000000110fe0
R8 =00000000000003f8 R9 =000000000027ff6e R10=0000000000040000 R11=0000000000000cf8
R12=0000000000000000 R13=0000000000000000 R14=0000000000000000 R15=0000000000000000
RIP=ffffffff80000e71 RFL=00200246 [---Z-P-] CPL=0 II=0 A20=1 SMM=0 HLT=0
ES =0010 0000000000000000 ffffffff 008f9300 DPL=0 DS   [-WA]
CS =0008 0000000000000000 ffffffff 00af9a00 DPL=0 CS64 [-R-]
SS =0010 0000000000000000 ffffffff 008f9300 DPL=0 DS   [-WA]
DS =0010 0000000000000000 ffffffff 008f9300 DPL=0 DS   [-WA]
FS =0010 0000000000000000 ffffffff 008f9300 DPL=0 DS   [-WA]
GS =0010 0000000000000000 ffffffff 008f9300 DPL=0 DS   [-WA]
LDT=0000 0000000000000000 0000ffff 00008200 DPL=0 LDT
TR =0028 ffffffff8048b880 00000067 00008900 DPL=0 TSS64-avl
GDT=     ffffffff8048b900 00000037
IDT=     ffffffff8048b960 00000fff
CR0=80000011 CR2=0000000000000000 CR3=0000000000001000 CR4=00000020
DR0=0000000000000000 DR1=0000000000000000 DR2=0000000000000000 DR3=0000000000000000 
DR6=00000000ffff0ff0 DR7=0000000000000400
CCS=0000000000000044 CCD=0000000000110fb8 CCO=EFLAGS
EFER=0000000000000d00
Servicing hardware INT=0x20
   225: v=20 e=0000 i=0 cpl=0 IP=0008:ffffffff80000e71 pc=ffffffff80000e71 SP=0010:0000000000110fe0 env->regs[R_EAX]=0000000000000000
RAX=0000000000000000 RBX=000000000000001c RCX=00000000000003fd RDX=00000000000003f8
RSI=ffffffff80008780 RDI=000000000000000a RBP=00000000001001e8 RSP=0000000000110fe0
R8 =00000000000003f8 R9 =000000000027ff6e R10=0000000000040000 R11=0000000000000cf8
R12=0000000000000000 R13=0000000000000000 R14=0000000000000000 R15=0000000000000000
RIP=ffffffff80000e71 RFL=00200246 [---Z-P-] CPL=0 II=0 A20=1 SMM=0 HLT=0
ES =0010 0000000000000000 ffffffff 008f9300 DPL=0 DS   [-WA]
CS =0008 0000000000000000 ffffffff 00af9a00 DPL=0 CS64 [-R-]
SS =0010 0000000000000000 ffffffff 008f9300 DPL=0 DS   [-WA]
DS =0010 0000000000000000 ffffffff 008f9300 DPL=0 DS   [-WA]
FS =0010 0000000000000000 ffffffff 008f9300 DPL=0 DS   [-WA]
GS =0010 0000000000000000 ffffffff 008f9300 DPL=0 DS   [-WA]
LDT=0000 0000000000000000 0000ffff 00008200 DPL=0 LDT
TR =0028 ffffffff8048b880 00000067 00008900 DPL=0 TSS64-avl
GDT=     ffffffff8048b900 00000037
IDT=     ffffffff8048b960 00000fff
CR0=80000011 CR2=0000000000000000 CR3=0000000000001000 CR4=00000020
DR0=0000000000000000 DR1=0000000000000000 DR2=0000000000000000 DR3=0000000000000000 
DR6=00000000ffff0ff0 DR7=0000000000000400
CCS=0000000000000044 CCD=0000000000110fb8 CCO=EFLAGS
EFER=0000000000000d00
Servicing hardware INT=0x20
   226: v=20 e=0000 i=0 cpl=0 IP=0008:ffffffff80000e71 pc=ffffffff80000e71 SP=0010:0000000000110fe0 env->regs[R_EAX]=0000000000000000
RAX=0000000000000000 RBX=000000000000001c RCX=00000000000003fd RDX=00000000000003f8
RSI=ffffffff80008780 RDI=000000000000000a RBP=00000000001001e8 RSP=0000000000110fe0
R8 =00000000000003f8 R9 =000000000027ff6e R10=0000000000040000 R11=0000000000000cf8
R12=0000000000000000 R13=0000000000000000 R14=0000000000000000 R15=0000000000000000
RIP=ffffffff80000e71 RFL=00200246 [---Z-P-] CPL=0 II=0 A20=1 SMM=0 HLT=0
ES =0010 0000000000000000 ffffffff 008f9300 DPL=0 DS   [-WA]
CS =0008 0000000000000000 ffffffff 00af9a00 DPL=0 CS64 [-R-]
SS =0010 0000000000000000 ffffffff 008f9300 DPL=0 DS   [-WA]
DS =0010 0000000000000000 ffffffff 008f9300 DPL=0 DS   [-WA]
FS =0010 0000000000000000 ffffffff 008f9300 DPL=0 DS   [-WA]
GS =0010 0000000000000000 ffffffff 008f9300 DPL=0 DS   [-WA]
LDT=0000 0000000000000000 0000ffff 00008200 DPL=0 LDT
TR =0028 ffffffff8048b880 00000067 00008900 DPL=0 TSS64-avl
GDT=     ffffffff8048b900 00000037
IDT=     ffffffff8048b960 00000fff
CR0=80000011 CR2=0000000000000000 CR3=0000000000001000 CR4=00000020
DR0=0000000000000000 DR1=0000000000000000 DR2=0000000000000000 DR3=0000000000000000 
DR6=00000000ffff0ff0 DR7=0000000000000400
CCS=0000000000000044 CCD=0000000000110fb8 CCO=EFLAGS
EFER=0000000000000d00
Servicing hardware INT=0x20
   227: v=20 e=0000 i=0 cpl=0 IP=0008:ffffffff80000e71 pc=ffffffff80000e71 SP=0010:0000000000110fe0 env->regs[R_EAX]=0000000000000000
RAX=0000000000000000 RBX=000000000000001c RCX=00000000000003fd RDX=00000000000003f8
RSI=ffffffff80008780 RDI=000000000000000a RBP=00000000001001e8 RSP=0000000000110fe0
R8 =00000000000003f8 R9 =000000000027ff6e R10=0000000000040000 R11=0000000000000cf8
R12=0000000000000000 R13=0000000000000000 R14=0000000000000000 R15=0000000000000000
RIP=ffffffff80000e71 RFL=00200246 [---Z-P-] CPL=0 II=0 A20=1 SMM=0 HLT=0
ES =0010 0000000000000000 ffffffff 008f9300 DPL=0 DS   [-WA]
CS =0008 0000000000000000 ffffffff 00af9a00 DPL=0 CS64 [-R-]
SS =0010 0000000000000000 ffffffff 008f9300 DPL=0 DS   [-WA]
DS =0010 0000000000000000 ffffffff 008f9300 DPL=0 DS   [-WA]
FS =0010 0000000000000000 ffffffff 008f9300 DPL=0 DS   [-WA]
GS =0010 0000000000000000 ffffffff 008f9300 DPL=0 DS   [-WA]
LDT=0000 0000000000000000 0000ffff 00008200 DPL=0 LDT
TR =0028 ffffffff8048b880 00000067 00008900 DPL=0 TSS64-avl
GDT=     ffffffff8048b900 00000037
IDT=     ffffffff8048b960 00000fff
CR0=80000011 CR2=0000000000000000 CR3=0000000000001000 CR4=00000020
DR0=0000000000000000 DR1=0000000000000000 DR2=0000000000000000 DR3=0000000000000000 
DR6=00000000ffff0ff0 DR7=0000000000000400
CCS=0000000000000044 CCD=0000000000110fb8 CCO=EFLAGS
EFER=0000000000000d00
Servicing hardware INT=0x20
   228: v=20 e=0000 i=0 cpl=0 IP=0008:ffffffff80000e71 pc=ffffffff80000e71 SP=0010:0000000000110fe0 env->regs[R_EAX]=0000000000000000
RAX=0000000000000000 RBX=000000000000001c RCX=00000000000003fd RDX=00000000000003f8
RSI=ffffffff80008780 RDI=000000000000000a RBP=00000000001001e8 RSP=0000000000110fe0
R8 =00000000000003f8 R9 =000000000027ff6e R10=0000000000040000 R11=0000000000000cf8
R12=0000000000000000 R13=0000000000000000 R14=0000000000000000 R15=0000000000000000
RIP=ffffffff80000e71 RFL=00200246 [---Z-P-] CPL=0 II=0 A20=1 SMM=0 HLT=0
ES =0010 0000000000000000 ffffffff 008f9300 DPL=0 DS   [-WA]
CS =0008 0000000000000000 ffffffff 00af9a00 DPL=0 CS64 [-R-]
SS =0010 0000000000000000 ffffffff 008f9300 DPL=0 DS   [-WA]
DS =0010 0000000000000000 ffffffff 008f9300 DPL=0 DS   [-WA]
FS =0010 0000000000000000 ffffffff 008f9300 DPL=0 DS   [-WA]
GS =0010 0000000000000000 ffffffff 008f9300 DPL=0 DS   [-WA]
LDT=0000 0000000000000000 0000ffff 00008200 DPL=0 LDT
TR =0028 ffffffff8048b880 00000067 00008900 DPL=0 TSS64-avl
GDT=     ffffffff8048b900 00000037
IDT=     ffffffff8048b960 00000fff
CR0=80000011 CR2=0000000000000000 CR3=0000000000001000 CR4=00000020
DR0=0000000000000000 DR1=0000000000000000 DR2=0000000000000000 DR3=0000000000000000 
DR6=00000000ffff0ff0 DR7=0000000000000400
CCS=0000000000000044 CCD=0000000000110fb8 CCO=EFLAGS
EFER=0000000000000d00
Servicing hardware INT=0x20
   229: v=20 e=0000 i=0 cpl=0 IP=0008:ffffffff80000e71 pc=ffffffff80000e71 SP=0010:0000000000110fe0 env->regs[R_EAX]=0000000000000000
RAX=0000000000000000 RBX=000000000000001c RCX=00000000000003fd RDX=00000000000003f8
RSI=ffffffff80008780 RDI=000000000000000a RBP=00000000001001e8 RSP=0000000000110fe0
R8 =00000000000003f8 R9 =000000000027ff6e R10=0000000000040000 R11=0000000000000cf8
R12=0000000000000000 R13=0000000000000000 R14=0000000000000000 R15=0000000000000000
RIP=ffffffff80000e71 RFL=00200246 [---Z-P-] CPL=0 II=0 A20=1 SMM=0 HLT=0
ES =0010 0000000000000000 ffffffff 008f9300 DPL=0 DS   [-WA]
CS =0008 0000000000000000 ffffffff 00af9a00 DPL=0 CS64 [-R-]
SS =0010 0000000000000000 ffffffff 008f9300 DPL=0 DS   [-WA]
DS =0010 0000000000000000 ffffffff 008f9300 DPL=0 DS   [-WA]
FS =0010 0000000000000000 ffffffff 008f9300 DPL=0 DS   [-WA]
GS =0010 0000000000000000 ffffffff 008f9300 DPL=0 DS   [-WA]
LDT=0000 0000000000000000 0000ffff 00008200 DPL=0 LDT
TR =0028 ffffffff8048b880 00000067 00008900 DPL=0 TSS64-avl
GDT=     ffffffff8048b900 00000037
IDT=     ffffffff8048b960 00000fff
CR0=80000011 CR2=0000000000000000 CR3=0000000000001000 CR4=00000020
DR0=0000000000000000 DR1=0000000000000000 DR2=0000000000000000 DR3=0000000000000000 
DR6=00000000ffff0ff0 DR7=0000000000000400
CCS=0000000000000044 CCD=0000000000110fb8 CCO=EFLAGS
EFER=0000000000000d00
Servicing hardware INT=0x20
   230: v=20 e=0000 i=0 cpl=0 IP=0008:ffffffff80000e71 pc=ffffffff80000e71 SP=0010:0000000000110fe0 env->regs[R_EAX]=0000000000000000
RAX=0000000000000000 RBX=000000000000001c RCX=00000000000003fd RDX=00000000000003f8
RSI=ffffffff80008780 RDI=000000000000000a RBP=00000000001001e8 RSP=0000000000110fe0
R8 =00000000000003f8 R9 =000000000027ff6e R10=0000000000040000 R11=0000000000000cf8
R12=0000000000000000 R13=0000000000000000 R14=0000000000000000 R15=0000000000000000
RIP=ffffffff80000e71 RFL=00200246 [---Z-P-] CPL=0 II=0 A20=1 SMM=0 HLT=0
ES =0010 0000000000000000 ffffffff 008f9300 DPL=0 DS   [-WA]
CS =0008 0000000000000000 ffffffff 00af9a00 DPL=0 CS64 [-R-]
SS =0010 0000000000000000 ffffffff 008f9300 DPL=0 DS   [-WA]
DS =0010 0000000000000000 ffffffff 008f9300 DPL=0 DS   [-WA]
FS =0010 0000000000000000 ffffffff 008f9300 DPL=0 DS   [-WA]
GS =0010 0000000000000000 ffffffff 008f9300 DPL=0 DS   [-WA]
LDT=0000 0000000000000000 0000ffff 00008200 DPL=0 LDT
TR =0028 ffffffff8048b880 00000067 00008900 DPL=0 TSS64-avl
GDT=     ffffffff8048b900 00000037
IDT=     ffffffff8048b960 00000fff
CR0=80000011 CR2=0000000000000000 CR3=0000000000001000 CR4=00000020
DR0=0000000000000000 DR1=0000000000000000 DR2=0000000000000000 DR3=0000000000000000 
DR6=00000000ffff0ff0 DR7=0000000000000400
CCS=0000000000000044 CCD=0000000000110fb8 CCO=EFLAGS
EFER=0000000000000d00
Servicing hardware INT=0x20
   231: v=20 e=0000 i=0 cpl=0 IP=0008:ffffffff80000e71 pc=ffffffff80000e71 SP=0010:0000000000110fe0 env->regs[R_EAX]=0000000000000000
RAX=0000000000000000 RBX=000000000000001c RCX=00000000000003fd RDX=00000000000003f8
RSI=ffffffff80008780 RDI=000000000000000a RBP=00000000001001e8 RSP=0000000000110fe0
R8 =00000000000003f8 R9 =000000000027ff6e R10=0000000000040000 R11=0000000000000cf8
R12=0000000000000000 R13=0000000000000000 R14=0000000000000000 R15=0000000000000000
RIP=ffffffff80000e71 RFL=00200246 [---Z-P-] CPL=0 II=0 A20=1 SMM=0 HLT=0
ES =0010 0000000000000000 ffffffff 008f9300 DPL=0 DS   [-WA]
CS =0008 0000000000000000 ffffffff 00af9a00 DPL=0 CS64 [-R-]
SS =0010 0000000000000000 ffffffff 008f9300 DPL=0 DS   [-WA]
DS =0010 0000000000000000 ffffffff 008f9300 DPL=0 DS   [-WA]
FS =0010 0000000000000000 ffffffff 008f9300 DPL=0 DS   [-WA]
GS =0010 0000000000000000 ffffffff 008f9300 DPL=0 DS   [-WA]
LDT=0000 0000000000000000 0000ffff 00008200 DPL=0 LDT
TR =0028 ffffffff8048b880 00000067 00008900 DPL=0 TSS64-avl
GDT=     ffffffff8048b900 00000037
IDT=     ffffffff8048b960 00000fff
CR0=80000011 CR2=0000000000000000 CR3=0000000000001000 CR4=00000020
DR0=0000000000000000 DR1=0000000000000000 DR2=0000000000000000 DR3=0000000000000000 
DR6=00000000ffff0ff0 DR7=0000000000000400
CCS=0000000000000044 CCD=0000000000110fb8 CCO=EFLAGS
EFER=0000000000000d00
Servicing hardware INT=0x20
   232: v=20 e=0000 i=0 cpl=0 IP=0008:ffffffff80000e71 pc=ffffffff80000e71 SP=0010:0000000000110fe0 env->regs[R_EAX]=0000000000000000
RAX=0000000000000000 RBX=000000000000001c RCX=00000000000003fd RDX=00000000000003f8
RSI=ffffffff80008780 RDI=000000000000000a RBP=00000000001001e8 RSP=0000000000110fe0
R8 =00000000000003f8 R9 =000000000027ff6e R10=0000000000040000 R11=0000000000000cf8
R12=0000000000000000 R13=0000000000000000 R14=0000000000000000 R15=0000000000000000
RIP=ffffffff80000e71 RFL=00200246 [---Z-P-] CPL=0 II=0 A20=1 SMM=0 HLT=0
ES =0010 0000000000000000 ffffffff 008f9300 DPL=0 DS   [-WA]
CS =0008 0000000000000000 ffffffff 00af9a00 DPL=0 CS64 [-R-]
SS =0010 0000000000000000 ffffffff 008f9300 DPL=0 DS   [-WA]
DS =0010 0000000000000000 ffffffff 008f9300 DPL=0 DS   [-WA]
FS =0010 0000000000000000 ffffffff 008f9300 DPL=0 DS   [-WA]
GS =0010 0000000000000000 ffffffff 008f9300 DPL=0 DS   [-WA]
LDT=0000 0000000000000000 0000ffff 00008200 DPL=0 LDT
TR =0028 ffffffff8048b880 00000067 00008900 DPL=0 TSS64-avl
GDT=     ffffffff8048b900 00000037
IDT=     ffffffff8048b960 00000fff
CR0=80000011 CR2=0000000000000000 CR3=0000000000001000 CR4=00000020
DR0=0000000000000000 DR1=0000000000000000 DR2=0000000000000000 DR3=0000000000000000 
DR6=00000000ffff0ff0 DR7=0000000000000400
CCS=0000000000000044 CCD=0000000000110fb8 CCO=EFLAGS
EFER=0000000000000d00
Servicing hardware INT=0x20
   233: v=20 e=0000 i=0 cpl=0 IP=0008:ffffffff80000e71 pc=ffffffff80000e71 SP=0010:0000000000110fe0 env->regs[R_EAX]=0000000000000000
RAX=0000000000000000 RBX=000000000000001c RCX=00000000000003fd RDX=00000000000003f8
RSI=ffffffff80008780 RDI=000000000000000a RBP=00000000001001e8 RSP=0000000000110fe0
R8 =00000000000003f8 R9 =000000000027ff6e R10=0000000000040000 R11=0000000000000cf8
R12=0000000000000000 R13=0000000000000000 R14=0000000000000000 R15=0000000000000000
RIP=ffffffff80000e71 RFL=00200246 [---Z-P-] CPL=0 II=0 A20=1 SMM=0 HLT=0
ES =0010 0000000000000000 ffffffff 008f9300 DPL=0 DS   [-WA]
CS =0008 0000000000000000 ffffffff 00af9a00 DPL=0 CS64 [-R-]
SS =0010 0000000000000000 ffffffff 008f9300 DPL=0 DS   [-WA]
DS =0010 0000000000000000 ffffffff 008f9300 DPL=0 DS   [-WA]
FS =0010 0000000000000000 ffffffff 008f9300 DPL=0 DS   [-WA]
GS =0010 0000000000000000 ffffffff 008f9300 DPL=0 DS   [-WA]
LDT=0000 0000000000000000 0000ffff 00008200 DPL=0 LDT
TR =0028 ffffffff8048b880 00000067 00008900 DPL=0 TSS64-avl
GDT=     ffffffff8048b900 00000037
IDT=     ffffffff8048b960 00000fff
CR0=80000011 CR2=0000000000000000 CR3=0000000000001000 CR4=00000020
DR0=0000000000000000 DR1=0000000000000000 DR2=0000000000000000 DR3=0000000000000000 
DR6=00000000ffff0ff0 DR7=0000000000000400
CCS=0000000000000044 CCD=0000000000110fb8 CCO=EFLAGS
EFER=0000000000000d00
